﻿WBodyID,WaterBodyName,DataSource,StationID,StationName,Actual_StationID,Actual_Latitude,Actual_Longitude,DEP_WBID,SampleDate,ActivityDepth,DepthUnits,Parameter,Characteristic,Sample_Fraction,Result_Value,Result_Unit,QACode,Result_Comment,Original_Result_Value,Original_Result_Unit
2003889,OKALOACOOCHEE BRANCH,WIN_21FLFTM,G3SD0099, OKALOACOOCHEE BRANCH @ EUCALYPTUS,G3SD0099,26.75602,-81.39836,3235O,1/24/2018 9:10:00 AM,0.15,M,TURB_NTU,TURBIDITY,,4.6,NTU,,,4.6,NTU
2003889,OKALOACOOCHEE BRANCH,WIN_21FLFTM,G3SD0099, OKALOACOOCHEE BRANCH @ EUCALYPTUS,G3SD0099,26.75602,-81.39836,3235O,03-05-2018 10:10,0.15,M,TURB_NTU,TURBIDITY,,8.4,NTU,A,,8.4,NTU
2003889,OKALOACOOCHEE BRANCH,WIN_21FLFTM,G3SD0099, OKALOACOOCHEE BRANCH @ EUCALYPTUS,G3SD0099,26.75602,-81.39836,3235O,5/15/2018 11:55:00 AM,0.15,M,TURB_NTU,TURBIDITY,,4,NTU,,,4,NTU
2003889,OKALOACOOCHEE BRANCH,WIN_21FLFTM,G3SD0099, OKALOACOOCHEE BRANCH @ EUCALYPTUS,G3SD0099,26.75602,-81.39836,3235O,06-07-2018 9:00,0.15,M,TURB_NTU,TURBIDITY,,8,NTU,,,8,NTU
2003889,OKALOACOOCHEE BRANCH,WIN_21FLFTM,G3SD0099, OKALOACOOCHEE BRANCH @ EUCALYPTUS,G3SD0099,26.75602,-81.39836,3235O,7/24/2018 12:30:00 PM,0.2,M,TURB_NTU,TURBIDITY,,9.2,NTU,,,9.2,NTU
2003889,OKALOACOOCHEE BRANCH,WIN_21FLFTM,G3SD0099, OKALOACOOCHEE BRANCH @ EUCALYPTUS,G3SD0099,26.75602,-81.39836,3235O,09-11-2018 14:00,0.1,M,TURB_NTU,TURBIDITY,,3.5,NTU,,,3.5,NTU
2003889,OKALOACOOCHEE BRANCH,WIN_21FLFTM,G3SD0099, OKALOACOOCHEE BRANCH @ EUCALYPTUS,G3SD0099,26.75602,-81.39836,3235O,12-12-2018 15:10,0.2,M,TURB_NTU,TURBIDITY,,18,NTU,A,,18,NTU
2003889,OKALOACOOCHEE BRANCH,WIN_21FLFTM,G3SD0099, OKALOACOOCHEE BRANCH @ EUCALYPTUS,G3SD0099,26.75602,-81.39836,3235O,04-09-2019 10:00,0.2,M,TURB_NTU,TURBIDITY,,5.3,NTU,,,5.3,NTU
2003889,OKALOACOOCHEE BRANCH,WIN_21FLFTM,G3SD0099, OKALOACOOCHEE BRANCH @ EUCALYPTUS,G3SD0099,26.75602,-81.39836,3235O,05-07-2019 10:40,0.1,M,TURB_NTU,TURBIDITY,,5.2,NTU,,,5.2,NTU
2003889,OKALOACOOCHEE BRANCH,WIN_21FLFTM,G3SD0099, OKALOACOOCHEE BRANCH @ EUCALYPTUS,G3SD0099,26.75602,-81.39836,3235O,6/24/2019 10:15:00 AM,0.15,M,TURB_NTU,TURBIDITY,,7.4,NTU,A,,7.4,NTU
2003889,OKALOACOOCHEE BRANCH,WIN_21FLFTM,G3SD0099, OKALOACOOCHEE BRANCH @ EUCALYPTUS,G3SD0099,26.75602,-81.39836,3235O,6/24/2019 10:20:00 AM,0.3,M,TURB_NTU,TURBIDITY,,7.2,NTU,,,7.2,NTU
2003889,OKALOACOOCHEE BRANCH,WIN_21FLFTM,G3SD0099, OKALOACOOCHEE BRANCH @ EUCALYPTUS,G3SD0099,26.75602,-81.39836,3235O,7/15/2019 11:00:00 AM,0.1,M,TURB_NTU,TURBIDITY,,6.2,NTU,,,6.2,NTU
2003889,OKALOACOOCHEE BRANCH,WIN_21FLFTM,G3SD0099, OKALOACOOCHEE BRANCH @ EUCALYPTUS,G3SD0099,26.75602,-81.39836,3235O,10-02-2019 10:25,0.1,M,TURB_NTU,TURBIDITY,,4.4,NTU,A,,4.4,NTU
2003889,OKALOACOOCHEE BRANCH,WIN_21FLFTM,CALUSA0051FTM, OKALOACOOCHEE BRANCH AT EUCALYPTUS BLVD,CALUSA0051FTM,26.75602,-81.39836,3235O,4/24/2017 10:50:00 AM,0.15,M,TURB_NTU,TURBIDITY,,11,NTU,,,11,NTU
2003889,OKALOACOOCHEE BRANCH,WIN_21FLFTM,CALUSA0051FTM, OKALOACOOCHEE BRANCH AT EUCALYPTUS BLVD,CALUSA0051FTM,26.75602,-81.39836,3235O,07-12-2017 9:40,0.2,M,TURB_NTU,TURBIDITY,,10,NTU,,,10,NTU
2003889,OKALOACOOCHEE BRANCH,WIN_21FLFTM,CALUSA0051FTM, OKALOACOOCHEE BRANCH AT EUCALYPTUS BLVD,CALUSA0051FTM,26.75602,-81.39836,3235O,8/28/2017 11:00:00 AM,0.15,M,TURB_NTU,TURBIDITY,,4.8,NTU,,,4.8,NTU
2003889,OKALOACOOCHEE BRANCH,WIN_21FLFTM,CALUSA0051FTM, OKALOACOOCHEE BRANCH AT EUCALYPTUS BLVD,CALUSA0051FTM,26.75602,-81.39836,3235O,10/17/2017 2:10:00 PM,0.2,M,TURB_NTU,TURBIDITY,,3.3,NTU,,,3.3,NTU
2003889,OKALOACOOCHEE BRANCH,WIN_21FLFTM,CALUSA0051FTM, OKALOACOOCHEE BRANCH AT EUCALYPTUS BLVD,CALUSA0051FTM,26.75602,-81.39836,3235O,10/17/2017 2:15:00 PM,0.3,M,TURB_NTU,TURBIDITY,,2.9,NTU,,,2.9,NTU
2003889,OKALOACOOCHEE BRANCH,WIN_21FLFTM,CALUSA0051FTM, OKALOACOOCHEE BRANCH AT EUCALYPTUS BLVD,CALUSA0051FTM,26.75602,-81.39836,3235O,11/14/2017 1:50:00 PM,0.1,M,TURB_NTU,TURBIDITY,,3,NTU,,,3,NTU
2003889,OKALOACOOCHEE BRANCH,STORET_21FLFTM,CALUSA0051FTM, OKALOACOOCHEE BRANCH AT EUCALYPTUS BLVD.,CALUSA0051FTM,26.75601,-81.39836,3235O,3/15/2016 12:00:00 AM,0.3,M,TURB_NTU,TURBIDITY,TOTAL,4.3,NTU,,,4.3,NTU
2003889,OKALOACOOCHEE BRANCH,STORET_21FLFTM,CALUSA0051FTM, OKALOACOOCHEE BRANCH AT EUCALYPTUS BLVD.,CALUSA0051FTM,26.75601,-81.39836,3235O,6/27/2016 12:00:00 AM,0.3,M,TURB_NTU,TURBIDITY,TOTAL,4.1,NTU,A,**A**,4.1,NTU
2003889,OKALOACOOCHEE BRANCH,STORET_21FLFTM,CALUSA0051FTM, OKALOACOOCHEE BRANCH AT EUCALYPTUS BLVD.,CALUSA0051FTM,26.75601,-81.39836,3235O,9/20/2016 12:00:00 AM,0.3,M,TURB_NTU,TURBIDITY,TOTAL,3.5,NTU,,,3.5,NTU
2003889,OKALOACOOCHEE BRANCH,STORET_21FLFTM,CALUSA0051FTM, OKALOACOOCHEE BRANCH AT EUCALYPTUS BLVD.,CALUSA0051FTM,26.75601,-81.39836,3235O,10/18/2016 12:00:00 AM,0.3,M,TURB_NTU,TURBIDITY,TOTAL,3.4,NTU,,,3.4,NTU
2003889,OKALOACOOCHEE BRANCH,STORET_21FLFTM,CALUSA0051FTM, OKALOACOOCHEE BRANCH AT EUCALYPTUS BLVD.,CALUSA0051FTM,26.75601,-81.39836,3235O,12/14/2016 12:00:00 AM,0.3,M,TURB_NTU,TURBIDITY,TOTAL,6.9,NTU,,,6.9,NTU
2003889,OKALOACOOCHEE BRANCH,STORET_21FLFTM,CALUSA0051FTM, OKALOACOOCHEE BRANCH AT EUCALYPTUS BLVD.,CALUSA0051FTM,26.75601,-81.39836,3235O,07-12-2017 0:00,0.2,M,TURB_NTU,TURBIDITY,TOTAL,10,NTU,,,10,NTU
