﻿WBodyID,WaterBodyName,DataSource,StationID,StationName,Actual_StationID,Actual_Latitude,Actual_Longitude,DEP_WBID,SampleDate,ActivityDepth,DepthUnits,Parameter,Characteristic,Sample_Fraction,Result_Value,Result_Unit,QACode,Result_Comment,Original_Result_Value,Original_Result_Unit
2003889,OKALOACOOCHEE BRANCH,WIN_21FLFTM,G3SD0099, OKALOACOOCHEE BRANCH @ EUCALYPTUS,G3SD0099,26.75602,-81.39836,3235O,1/24/2018 9:10:00 AM,0.15,M,PHEO_UGL,PHEOPHYTIN-A,TOTAL,1.5,UG/L,,PRECISION DATA IS NOT AVAILABLE FOR AT LEAST ONE COMPONENT DUE TO THE SMALL AMOUNT OF ANALYTE IN THE QC SAMPLE. REFER TO QA REPORT FOR AVAILABLE PRECISION DATA.,1.5,UG/L
2003889,OKALOACOOCHEE BRANCH,WIN_21FLFTM,G3SD0099, OKALOACOOCHEE BRANCH @ EUCALYPTUS,G3SD0099,26.75602,-81.39836,3235O,03-05-2018 10:10,0.15,M,PHEO_UGL,PHEOPHYTIN-A,TOTAL,1.9,UG/L,,PRECISION DATA IS NOT AVAILABLE FOR AT LEAST ONE COMPONENT DUE TO THE SMALL AMOUNT OF ANALYTE IN THE QC SAMPLE. REFER TO QA REPORT FOR AVAILABLE PRECISION DATA.,1.9,UG/L
2003889,OKALOACOOCHEE BRANCH,WIN_21FLFTM,G3SD0099, OKALOACOOCHEE BRANCH @ EUCALYPTUS,G3SD0099,26.75602,-81.39836,3235O,5/15/2018 11:55:00 AM,0.15,M,PHEO_UGL,PHEOPHYTIN-A,TOTAL,1.3,UG/L,,PRECISION DATA IS NOT AVAILABLE FOR AT LEAST ONE COMPONENT DUE TO THE SMALL AMOUNT OF ANALYTE IN THE QC SAMPLE. REFER TO QA REPORT FOR AVAILABLE PRECISION DATA.,1.3,UG/L
2003889,OKALOACOOCHEE BRANCH,WIN_21FLFTM,G3SD0099, OKALOACOOCHEE BRANCH @ EUCALYPTUS,G3SD0099,26.75602,-81.39836,3235O,06-07-2018 9:00,0.15,M,PHEO_UGL,PHEOPHYTIN-A,TOTAL,2.6,UG/L,,PRECISION DATA IS NOT AVAILABLE FOR AT LEAST ONE COMPONENT DUE TO THE SMALL AMOUNT OF ANALYTE IN THE QC SAMPLE. REFER TO QA REPORT FOR AVAILABLE PRECISION DATA.,2.6,UG/L
2003889,OKALOACOOCHEE BRANCH,WIN_21FLFTM,G3SD0099, OKALOACOOCHEE BRANCH @ EUCALYPTUS,G3SD0099,26.75602,-81.39836,3235O,7/24/2018 12:30:00 PM,0.2,M,PHEO_UGL,PHEOPHYTIN-A,TOTAL,1.9,UG/L,,,1.9,UG/L
2003889,OKALOACOOCHEE BRANCH,WIN_21FLFTM,G3SD0099, OKALOACOOCHEE BRANCH @ EUCALYPTUS,G3SD0099,26.75602,-81.39836,3235O,09-11-2018 14:00,0.1,M,PHEO_UGL,PHEOPHYTIN-A,TOTAL,0.71,UG/L,I,PRECISION DATA IS NOT AVAILABLE FOR AT LEAST ONE COMPONENT DUE TO THE SMALL AMOUNT OF ANALYTE IN THE QC SAMPLE. REFER TO QA REPORT FOR AVAILABLE PRECISION DATA.,0.71,UG/L
2003889,OKALOACOOCHEE BRANCH,WIN_21FLFTM,G3SD0099, OKALOACOOCHEE BRANCH @ EUCALYPTUS,G3SD0099,26.75602,-81.39836,3235O,12-12-2018 15:10,0.2,M,PHEO_UGL,PHEOPHYTIN-A,TOTAL,20,UG/L,,PRECISION DATA IS NOT AVAILABLE FOR AT LEAST ONE COMPONENT DUE TO THE SMALL AMOUNT OF ANALYTE IN THE QC SAMPLE. REFER TO QA REPORT FOR AVAILABLE PRECISION DATA.,20,UG/L
2003889,OKALOACOOCHEE BRANCH,WIN_21FLFTM,G3SD0099, OKALOACOOCHEE BRANCH @ EUCALYPTUS,G3SD0099,26.75602,-81.39836,3235O,04-09-2019 10:00,0.2,M,PHEO_UGL,PHEOPHYTIN-A,TOTAL,5.9,UG/L,,,5.9,UG/L
2003889,OKALOACOOCHEE BRANCH,WIN_21FLFTM,G3SD0099, OKALOACOOCHEE BRANCH @ EUCALYPTUS,G3SD0099,26.75602,-81.39836,3235O,05-07-2019 10:40,0.1,M,PHEO_UGL,PHEOPHYTIN-A,TOTAL,1.8,UG/L,U,PRECISION DATA IS NOT AVAILABLE FOR AT LEAST ONE COMPONENT DUE TO THE SMALL AMOUNT OF ANALYTE IN THE QC SAMPLE. REFER TO QA REPORT FOR AVAILABLE PRECISION DATA.,1.8,UG/L
2003889,OKALOACOOCHEE BRANCH,WIN_21FLFTM,G3SD0099, OKALOACOOCHEE BRANCH @ EUCALYPTUS,G3SD0099,26.75602,-81.39836,3235O,6/24/2019 10:15:00 AM,0.15,M,PHEO_UGL,PHEOPHYTIN-A,TOTAL,1.6,UG/L,I,PRECISION DATA IS NOT AVAILABLE FOR AT LEAST ONE COMPONENT DUE TO THE SMALL AMOUNT OF ANALYTE IN THE QC SAMPLE. REFER TO QA REPORT FOR AVAILABLE PRECISION DATA.,1.6,UG/L
2003889,OKALOACOOCHEE BRANCH,WIN_21FLFTM,G3SD0099, OKALOACOOCHEE BRANCH @ EUCALYPTUS,G3SD0099,26.75602,-81.39836,3235O,6/24/2019 10:20:00 AM,0.3,M,PHEO_UGL,PHEOPHYTIN-A,TOTAL,1.9,UG/L,I,PRECISION DATA IS NOT AVAILABLE FOR AT LEAST ONE COMPONENT DUE TO THE SMALL AMOUNT OF ANALYTE IN THE QC SAMPLE. REFER TO QA REPORT FOR AVAILABLE PRECISION DATA.,1.9,UG/L
2003889,OKALOACOOCHEE BRANCH,WIN_21FLFTM,G3SD0099, OKALOACOOCHEE BRANCH @ EUCALYPTUS,G3SD0099,26.75602,-81.39836,3235O,7/15/2019 11:00:00 AM,0.1,M,PHEO_UGL,PHEOPHYTIN-A,TOTAL,3.1,UG/L,A,,3.1,UG/L
2003889,OKALOACOOCHEE BRANCH,WIN_21FLFTM,G3SD0099, OKALOACOOCHEE BRANCH @ EUCALYPTUS,G3SD0099,26.75602,-81.39836,3235O,10-02-2019 10:25,0.1,M,PHEO_UGL,PHEOPHYTIN-A,TOTAL,2.2,UG/L,U,PRECISION DATA IS NOT AVAILABLE FOR AT LEAST ONE COMPONENT DUE TO THE SMALL AMOUNT OF ANALYTE IN THE QC SAMPLE. REFER TO QA REPORT FOR AVAILABLE PRECISION DATA.,2.2,UG/L
2003889,OKALOACOOCHEE BRANCH,WIN_21FLFTM,CALUSA0051FTM, OKALOACOOCHEE BRANCH AT EUCALYPTUS BLVD,CALUSA0051FTM,26.75602,-81.39836,3235O,4/24/2017 10:50:00 AM,0.15,M,PHEO_UGL,PHEOPHYTIN-A,TOTAL,5.5,UG/L,,PRECISION DATA IS NOT AVAILABLE FOR AT LEAST ONE COMPONENT DUE TO THE SMALL AMOUNT OF ANALYTE IN THE QC SAMPLE. REFER TO QA REPORT FOR AVAILABLE PRECISION DATA.,5.5,UG/L
2003889,OKALOACOOCHEE BRANCH,WIN_21FLFTM,CALUSA0051FTM, OKALOACOOCHEE BRANCH AT EUCALYPTUS BLVD,CALUSA0051FTM,26.75602,-81.39836,3235O,07-12-2017 9:40,0.2,M,PHEO_UGL,PHEOPHYTIN-A,TOTAL,3.7,UG/L,,,3.7,UG/L
2003889,OKALOACOOCHEE BRANCH,WIN_21FLFTM,CALUSA0051FTM, OKALOACOOCHEE BRANCH AT EUCALYPTUS BLVD,CALUSA0051FTM,26.75602,-81.39836,3235O,8/28/2017 11:00:00 AM,0.15,M,PHEO_UGL,PHEOPHYTIN-A,TOTAL,0.81,UG/L,I,PRECISION DATA IS NOT AVAILABLE FOR AT LEAST ONE COMPONENT DUE TO THE SMALL AMOUNT OF ANALYTE IN THE QC SAMPLE. REFER TO QA REPORT FOR AVAILABLE PRECISION DATA.,0.81,UG/L
2003889,OKALOACOOCHEE BRANCH,WIN_21FLFTM,CALUSA0051FTM, OKALOACOOCHEE BRANCH AT EUCALYPTUS BLVD,CALUSA0051FTM,26.75602,-81.39836,3235O,10/17/2017 2:10:00 PM,0.2,M,PHEO_UGL,PHEOPHYTIN-A,TOTAL,1.2,UG/L,,PRECISION DATA IS NOT AVAILABLE FOR AT LEAST ONE COMPONENT DUE TO THE SMALL AMOUNT OF ANALYTE IN THE QC SAMPLE. REFER TO QA REPORT FOR AVAILABLE PRECISION DATA.,1.2,UG/L
2003889,OKALOACOOCHEE BRANCH,WIN_21FLFTM,CALUSA0051FTM, OKALOACOOCHEE BRANCH AT EUCALYPTUS BLVD,CALUSA0051FTM,26.75602,-81.39836,3235O,10/17/2017 2:15:00 PM,0.3,M,PHEO_UGL,PHEOPHYTIN-A,TOTAL,0.8,UG/L,I,PRECISION DATA IS NOT AVAILABLE FOR AT LEAST ONE COMPONENT DUE TO THE SMALL AMOUNT OF ANALYTE IN THE QC SAMPLE. REFER TO QA REPORT FOR AVAILABLE PRECISION DATA.,0.8,UG/L
2003889,OKALOACOOCHEE BRANCH,WIN_21FLFTM,CALUSA0051FTM, OKALOACOOCHEE BRANCH AT EUCALYPTUS BLVD,CALUSA0051FTM,26.75602,-81.39836,3235O,11/14/2017 1:50:00 PM,0.1,M,PHEO_UGL,PHEOPHYTIN-A,TOTAL,0.87,UG/L,I,PRECISION DATA IS NOT AVAILABLE FOR AT LEAST ONE COMPONENT DUE TO THE SMALL AMOUNT OF ANALYTE IN THE QC SAMPLE. REFER TO QA REPORT FOR AVAILABLE PRECISION DATA.,0.87,UG/L
2003889,OKALOACOOCHEE BRANCH,STORET_21FLFTM,CALUSA0051FTM, OKALOACOOCHEE BRANCH AT EUCALYPTUS BLVD.,CALUSA0051FTM,26.75601,-81.39836,3235O,3/15/2016 12:00:00 AM,0.3,M,PHEO_UGL,PHEOPHYTIN-A,TOTAL,0.69,UG/L,I,**I**,0.69,UG/L
2003889,OKALOACOOCHEE BRANCH,STORET_21FLFTM,CALUSA0051FTM, OKALOACOOCHEE BRANCH AT EUCALYPTUS BLVD.,CALUSA0051FTM,26.75601,-81.39836,3235O,6/27/2016 12:00:00 AM,0.3,M,PHEO_UGL,PHEOPHYTIN-A,TOTAL,3.5,UG/L,,,3.5,UG/L
2003889,OKALOACOOCHEE BRANCH,STORET_21FLFTM,CALUSA0051FTM, OKALOACOOCHEE BRANCH AT EUCALYPTUS BLVD.,CALUSA0051FTM,26.75601,-81.39836,3235O,9/20/2016 12:00:00 AM,0.3,M,PHEO_UGL,PHEOPHYTIN-A,TOTAL,1.5,UG/L,,PRECISION DATA IS NOT AVAILABLE FOR AT LEAST ONE C,1.5,UG/L
2003889,OKALOACOOCHEE BRANCH,STORET_21FLFTM,CALUSA0051FTM, OKALOACOOCHEE BRANCH AT EUCALYPTUS BLVD.,CALUSA0051FTM,26.75601,-81.39836,3235O,10/18/2016 12:00:00 AM,0.3,M,PHEO_UGL,PHEOPHYTIN-A,TOTAL,1.5,UG/L,,PRECISION DATA IS NOT AVAILABLE FOR AT LEAST ONE C,1.5,UG/L
2003889,OKALOACOOCHEE BRANCH,STORET_21FLFTM,CALUSA0051FTM, OKALOACOOCHEE BRANCH AT EUCALYPTUS BLVD.,CALUSA0051FTM,26.75601,-81.39836,3235O,12/14/2016 12:00:00 AM,0.3,M,PHEO_UGL,PHEOPHYTIN-A,TOTAL,3.2,UG/L,,,3.2,UG/L
2003889,OKALOACOOCHEE BRANCH,STORET_21FLFTM,CALUSA0051FTM, OKALOACOOCHEE BRANCH AT EUCALYPTUS BLVD.,CALUSA0051FTM,26.75601,-81.39836,3235O,07-12-2017 0:00,0.2,M,PHEO_UGL,PHEOPHYTIN-A,TOTAL,3.7,UG/L,,,3.7,UG/L
2003889,OKALOACOOCHEE BRANCH,STORET_21FLSFWM,CR-22.0T," OKALOACOOCHEE BRANCH AT S.R.80,PORT LABELLE",CR-22.0T,26.7627778,-81.4,3235O,01-11-1978 0:00,0.5,M,PHEO_UGL,PHEOPHYTIN-A,TOTAL,3.4,UG/L,,,3.4,MG/M3
2003889,OKALOACOOCHEE BRANCH,STORET_21FLSFWM,CR-22.0T," OKALOACOOCHEE BRANCH AT S.R.80,PORT LABELLE",CR-22.0T,26.7627778,-81.4,3235O,02-08-1978 0:00,0.5,M,PHEO_UGL,PHEOPHYTIN-A,TOTAL,4.8,UG/L,,,4.8,MG/M3
2003889,OKALOACOOCHEE BRANCH,STORET_21FLSFWM,CR-22.0T," OKALOACOOCHEE BRANCH AT S.R.80,PORT LABELLE",CR-22.0T,26.7627778,-81.4,3235O,03-08-1978 0:00,0.5,M,PHEO_UGL,PHEOPHYTIN-A,TOTAL,0.1,UG/L,,,0.1,MG/M3
2003889,OKALOACOOCHEE BRANCH,STORET_21FLSFWM,CR-22.0T," OKALOACOOCHEE BRANCH AT S.R.80,PORT LABELLE",CR-22.0T,26.7627778,-81.4,3235O,04-04-1978 0:00,0.5,M,PHEO_UGL,PHEOPHYTIN-A,TOTAL,2.8,UG/L,,,2.8,MG/M3
2003889,OKALOACOOCHEE BRANCH,STORET_21FLSFWM,CR-22.0T," OKALOACOOCHEE BRANCH AT S.R.80,PORT LABELLE",CR-22.0T,26.7627778,-81.4,3235O,4/19/1978 12:00:00 AM,0.5,M,PHEO_UGL,PHEOPHYTIN-A,TOTAL,0.9,UG/L,,,0.9,MG/M3
2003889,OKALOACOOCHEE BRANCH,STORET_21FLSFWM,CR-22.0T," OKALOACOOCHEE BRANCH AT S.R.80,PORT LABELLE",CR-22.0T,26.7627778,-81.4,3235O,05-03-1978 0:00,0.5,M,PHEO_UGL,PHEOPHYTIN-A,TOTAL,0.2,UG/L,,,0.2,MG/M3
2003889,OKALOACOOCHEE BRANCH,STORET_21FLSFWM,CR-22.0T," OKALOACOOCHEE BRANCH AT S.R.80,PORT LABELLE",CR-22.0T,26.7627778,-81.4,3235O,5/17/1978 12:00:00 AM,0.5,M,PHEO_UGL,PHEOPHYTIN-A,TOTAL,0.8,UG/L,,,0.8,MG/M3
2003889,OKALOACOOCHEE BRANCH,STORET_21FLSFWM,CR-22.0T," OKALOACOOCHEE BRANCH AT S.R.80,PORT LABELLE",CR-22.0T,26.7627778,-81.4,3235O,5/31/1978 12:00:00 AM,0.5,M,PHEO_UGL,PHEOPHYTIN-A,TOTAL,1.1,UG/L,,,1.1,MG/M3
2003889,OKALOACOOCHEE BRANCH,STORET_21FLSFWM,CR-22.0T," OKALOACOOCHEE BRANCH AT S.R.80,PORT LABELLE",CR-22.0T,26.7627778,-81.4,3235O,06-08-1978 0:00,0.5,M,PHEO_UGL,PHEOPHYTIN-A,TOTAL,5.2,UG/L,,,5.2,MG/M3
2003889,OKALOACOOCHEE BRANCH,STORET_21FLSFWM,CR-22.0T," OKALOACOOCHEE BRANCH AT S.R.80,PORT LABELLE",CR-22.0T,26.7627778,-81.4,3235O,07-11-1978 0:00,0.5,M,PHEO_UGL,PHEOPHYTIN-A,TOTAL,1.3,UG/L,,,1.3,MG/M3
2003889,OKALOACOOCHEE BRANCH,STORET_21FLSFWM,CR-22.0T," OKALOACOOCHEE BRANCH AT S.R.80,PORT LABELLE",CR-22.0T,26.7627778,-81.4,3235O,08-09-1978 0:00,0.5,M,PHEO_UGL,PHEOPHYTIN-A,TOTAL,0.2,UG/L,,,0.2,MG/M3
2003889,OKALOACOOCHEE BRANCH,STORET_21FLSFWM,CR-22.0T," OKALOACOOCHEE BRANCH AT S.R.80,PORT LABELLE",CR-22.0T,26.7627778,-81.4,3235O,9/13/1978 12:00:00 AM,0.5,M,PHEO_UGL,PHEOPHYTIN-A,TOTAL,2.6,UG/L,,,2.6,MG/M3
2003889,OKALOACOOCHEE BRANCH,STORET_21FLSFWM,CR-22.0T," OKALOACOOCHEE BRANCH AT S.R.80,PORT LABELLE",CR-22.0T,26.7627778,-81.4,3235O,10/17/1978 12:00:00 AM,0.5,M,PHEO_UGL,PHEOPHYTIN-A,TOTAL,3.2,UG/L,,,3.2,MG/M3
2003889,OKALOACOOCHEE BRANCH,STORET_21FLSFWM,CR-22.0T," OKALOACOOCHEE BRANCH AT S.R.80,PORT LABELLE",CR-22.0T,26.7627778,-81.4,3235O,11-06-1978 0:00,0.5,M,PHEO_UGL,PHEOPHYTIN-A,TOTAL,2.4,UG/L,,,2.4,MG/M3
2003889,OKALOACOOCHEE BRANCH,STORET_21FLSFWM,CR-22.0T," OKALOACOOCHEE BRANCH AT S.R.80,PORT LABELLE",CR-22.0T,26.7627778,-81.4,3235O,12/13/1978 12:00:00 AM,0.5,M,PHEO_UGL,PHEOPHYTIN-A,TOTAL,1.6,UG/L,,,1.6,MG/M3
