﻿WBodyID,WaterBodyName,DataSource,StationID,StationName,Actual_StationID,Actual_Latitude,Actual_Longitude,DEP_WBID,SampleDate,ActivityDepth,DepthUnits,Parameter,Characteristic,Sample_Fraction,Result_Value,Result_Unit,QACode,Result_Comment,Original_Result_Value,Original_Result_Unit
2003889,OKALOACOOCHEE BRANCH,WIN_21FLSFWM,32275, CRFW09,32275,26.7629,-81.4001,3235O,5/18/2020 11:11:00 AM,0.23,M,TP_UGL,PHOSPHORUS AS P,TOTAL,52,UG/L,,,0.052,MG/L
2003889,OKALOACOOCHEE BRANCH,WIN_21FLSFWM,32275, CRFW09,32275,26.7629,-81.4001,3235O,5/18/2020 11:11:00 AM,0.23,M,OP_MGL,"PHOSPHORUS, PHOSPHATE (PO4) AS P",DISSOLVED,0.002,MG/L,I,,0.002,MG/L
2003889,OKALOACOOCHEE BRANCH,WIN_21FLSFWM,32275, CRFW09,32275,26.7629,-81.4001,3235O,5/18/2020 11:11:00 AM,0.23,M,PH,PH,,7.4,NONE,,,7.4,SU
2003889,OKALOACOOCHEE BRANCH,WIN_21FLSFWM,32275, CRFW09,32275,26.7629,-81.4001,3235O,06-01-2020 11:29,0.38,M,TP_UGL,PHOSPHORUS AS P,TOTAL,49,UG/L,,,0.049,MG/L
2003889,OKALOACOOCHEE BRANCH,WIN_21FLSFWM,32275, CRFW09,32275,26.7629,-81.4001,3235O,06-01-2020 11:29,0.38,M,OP_MGL,"PHOSPHORUS, PHOSPHATE (PO4) AS P",DISSOLVED,0.002,MG/L,U,,0.002,MG/L
2003889,OKALOACOOCHEE BRANCH,WIN_21FLSFWM,32275, CRFW09,32275,26.7629,-81.4001,3235O,06-01-2020 11:29,0.38,M,PH,PH,,7.8,NONE,,,7.8,SU
2003889,OKALOACOOCHEE BRANCH,WIN_21FLSFWM,32275, CRFW09,32275,26.7629,-81.4001,3235O,6/15/2020 11:30:00 AM,0.39,M,TP_UGL,PHOSPHORUS AS P,TOTAL,55,UG/L,,,0.055,MG/L
2003889,OKALOACOOCHEE BRANCH,WIN_21FLSFWM,32275, CRFW09,32275,26.7629,-81.4001,3235O,6/15/2020 11:30:00 AM,0.39,M,OP_MGL,"PHOSPHORUS, PHOSPHATE (PO4) AS P",DISSOLVED,0.002,MG/L,U,,0.002,MG/L
2003889,OKALOACOOCHEE BRANCH,WIN_21FLSFWM,32275, CRFW09,32275,26.7629,-81.4001,3235O,6/15/2020 11:30:00 AM,0.39,M,PH,PH,,8.2,NONE,,,8.2,SU
2003889,OKALOACOOCHEE BRANCH,WIN_21FLSFWM,32275, CRFW09,32275,26.7629,-81.4001,3235O,6/29/2020 11:07:00 AM,0.33,M,TP_UGL,PHOSPHORUS AS P,TOTAL,39,UG/L,,,0.039,MG/L
2003889,OKALOACOOCHEE BRANCH,WIN_21FLSFWM,32275, CRFW09,32275,26.7629,-81.4001,3235O,6/29/2020 11:07:00 AM,0.33,M,OP_MGL,"PHOSPHORUS, PHOSPHATE (PO4) AS P",DISSOLVED,0.002,MG/L,I,,0.002,MG/L
2003889,OKALOACOOCHEE BRANCH,WIN_21FLSFWM,32275, CRFW09,32275,26.7629,-81.4001,3235O,6/29/2020 11:07:00 AM,0.33,M,PH,PH,,8.2,NONE,,,8.2,SU
2003889,OKALOACOOCHEE BRANCH,WIN_21FLSFWM,32275, CRFW09,32275,26.7629,-81.4001,3235O,7/13/2020 11:32:00 AM,0.41,M,TP_UGL,PHOSPHORUS AS P,TOTAL,68,UG/L,,,0.068,MG/L
2003889,OKALOACOOCHEE BRANCH,WIN_21FLSFWM,32275, CRFW09,32275,26.7629,-81.4001,3235O,7/13/2020 11:32:00 AM,0.41,M,OP_MGL,"PHOSPHORUS, PHOSPHATE (PO4) AS P",DISSOLVED,0.004,MG/L,I,,0.004,MG/L
2003889,OKALOACOOCHEE BRANCH,WIN_21FLSFWM,32275, CRFW09,32275,26.7629,-81.4001,3235O,7/13/2020 11:32:00 AM,0.41,M,PH,PH,,8.3,NONE,,,8.3,SU
2003889,OKALOACOOCHEE BRANCH,WIN_21FLSFWM,32275, CRFW09,32275,26.7629,-81.4001,3235O,7/27/2020 11:37:00 AM,0.4,M,TP_UGL,PHOSPHORUS AS P,TOTAL,76,UG/L,,,0.076,MG/L
2003889,OKALOACOOCHEE BRANCH,WIN_21FLSFWM,32275, CRFW09,32275,26.7629,-81.4001,3235O,7/27/2020 11:37:00 AM,0.4,M,OP_MGL,"PHOSPHORUS, PHOSPHATE (PO4) AS P",DISSOLVED,0.002,MG/L,I,,0.002,MG/L
2003889,OKALOACOOCHEE BRANCH,WIN_21FLSFWM,32275, CRFW09,32275,26.7629,-81.4001,3235O,7/27/2020 11:37:00 AM,0.4,M,PH,PH,,8.3,NONE,,,8.3,SU
2003889,OKALOACOOCHEE BRANCH,WIN_21FLSFWM,32275, CRFW09,32275,26.7629,-81.4001,3235O,08-10-2020 11:16,0.42,M,TP_UGL,PHOSPHORUS AS P,TOTAL,62,UG/L,,,0.062,MG/L
2003889,OKALOACOOCHEE BRANCH,WIN_21FLSFWM,32275, CRFW09,32275,26.7629,-81.4001,3235O,08-10-2020 11:16,0.42,M,OP_MGL,"PHOSPHORUS, PHOSPHATE (PO4) AS P",DISSOLVED,0.003,MG/L,IG,"ANALYTE WAS DETECTED AT OR ABOVE THE METHOD DETECTION LIMIT IN BOTH THE SAMPLE AND THE ASSOCIATED FIELD BLANK, EQUIPMENT BLANK, OR TRIP BLANK, AND THE BLANK VALUE WAS GREATER THAN 10% OF THE ASSOCIATED SAMPLE VALUE",0.003,MG/L
2003889,OKALOACOOCHEE BRANCH,WIN_21FLSFWM,32275, CRFW09,32275,26.7629,-81.4001,3235O,08-10-2020 11:16,0.42,M,PH,PH,,7.8,NONE,,,7.8,SU
2003889,OKALOACOOCHEE BRANCH,WIN_21FLSFWM,32275, CRFW09,32275,26.7629,-81.4001,3235O,8/24/2020 11:36:00 AM,0.48,M,TP_UGL,PHOSPHORUS AS P,TOTAL,133,UG/L,,,0.133,MG/L
2003889,OKALOACOOCHEE BRANCH,WIN_21FLSFWM,32275, CRFW09,32275,26.7629,-81.4001,3235O,8/24/2020 11:36:00 AM,0.48,M,OP_MGL,"PHOSPHORUS, PHOSPHATE (PO4) AS P",DISSOLVED,0.074,MG/L,,,0.074,MG/L
2003889,OKALOACOOCHEE BRANCH,WIN_21FLSFWM,32275, CRFW09,32275,26.7629,-81.4001,3235O,8/24/2020 11:36:00 AM,0.48,M,PH,PH,,7.5,NONE,,,7.5,SU
2003889,OKALOACOOCHEE BRANCH,WIN_21FLSFWM,32275, CRFW09,32275,26.7629,-81.4001,3235O,09-08-2020 11:29,0.5,M,TP_UGL,PHOSPHORUS AS P,TOTAL,99,UG/L,,,0.099,MG/L
2003889,OKALOACOOCHEE BRANCH,WIN_21FLSFWM,32275, CRFW09,32275,26.7629,-81.4001,3235O,09-08-2020 11:29,0.5,M,OP_MGL,"PHOSPHORUS, PHOSPHATE (PO4) AS P",DISSOLVED,0.044,MG/L,,,0.044,MG/L
2003889,OKALOACOOCHEE BRANCH,WIN_21FLSFWM,32275, CRFW09,32275,26.7629,-81.4001,3235O,09-08-2020 11:29,0.5,M,PH,PH,,7.8,NONE,,,7.8,SU
2003889,OKALOACOOCHEE BRANCH,WIN_21FLSFWM,32275, CRFW09,32275,26.7629,-81.4001,3235O,9/21/2020 11:43:00 AM,0.5,M,TP_UGL,PHOSPHORUS AS P,TOTAL,264,UG/L,,,0.264,MG/L
2003889,OKALOACOOCHEE BRANCH,WIN_21FLSFWM,32275, CRFW09,32275,26.7629,-81.4001,3235O,9/21/2020 11:43:00 AM,0.5,M,OP_MGL,"PHOSPHORUS, PHOSPHATE (PO4) AS P",DISSOLVED,0.2,MG/L,,,0.2,MG/L
2003889,OKALOACOOCHEE BRANCH,WIN_21FLSFWM,32275, CRFW09,32275,26.7629,-81.4001,3235O,9/21/2020 11:43:00 AM,0.5,M,PH,PH,,7.5,NONE,,,7.5,SU
2003889,OKALOACOOCHEE BRANCH,WIN_21FLSFWM,32275, CRFW09,32275,26.7629,-81.4001,3235O,10-05-2020 11:22,0.5,M,TP_UGL,PHOSPHORUS AS P,TOTAL,180,UG/L,,,0.18,MG/L
2003889,OKALOACOOCHEE BRANCH,WIN_21FLSFWM,32275, CRFW09,32275,26.7629,-81.4001,3235O,10-05-2020 11:22,0.5,M,OP_MGL,"PHOSPHORUS, PHOSPHATE (PO4) AS P",DISSOLVED,0.132,MG/L,,,0.132,MG/L
2003889,OKALOACOOCHEE BRANCH,WIN_21FLSFWM,32275, CRFW09,32275,26.7629,-81.4001,3235O,10-05-2020 11:22,0.5,M,PH,PH,,7.4,NONE,,,7.4,SU
2003889,OKALOACOOCHEE BRANCH,WIN_21FLSFWM,32275, CRFW09,32275,26.7629,-81.4001,3235O,10/19/2020 12:16:00 PM,0.5,M,TP_UGL,PHOSPHORUS AS P,TOTAL,104,UG/L,,,0.104,MG/L
2003889,OKALOACOOCHEE BRANCH,WIN_21FLSFWM,32275, CRFW09,32275,26.7629,-81.4001,3235O,10/19/2020 12:16:00 PM,0.5,M,OP_MGL,"PHOSPHORUS, PHOSPHATE (PO4) AS P",DISSOLVED,0.05,MG/L,,,0.05,MG/L
2003889,OKALOACOOCHEE BRANCH,WIN_21FLSFWM,32275, CRFW09,32275,26.7629,-81.4001,3235O,10/19/2020 12:16:00 PM,0.5,M,PH,PH,,7.8,NONE,,,7.8,SU
2003889,OKALOACOOCHEE BRANCH,WIN_21FLSFWM,32275, CRFW09,32275,26.7629,-81.4001,3235O,11-02-2020 11:46,0.38,M,TP_UGL,PHOSPHORUS AS P,TOTAL,74,UG/L,,,0.074,MG/L
2003889,OKALOACOOCHEE BRANCH,WIN_21FLSFWM,32275, CRFW09,32275,26.7629,-81.4001,3235O,11-02-2020 11:46,0.38,M,OP_MGL,"PHOSPHORUS, PHOSPHATE (PO4) AS P",DISSOLVED,0.012,MG/L,,,0.012,MG/L
2003889,OKALOACOOCHEE BRANCH,WIN_21FLSFWM,32275, CRFW09,32275,26.7629,-81.4001,3235O,11-02-2020 11:46,0.38,M,PH,PH,,8.1,NONE,,,8.1,SU
2003889,OKALOACOOCHEE BRANCH,WIN_21FLSFWM,32275, CRFW09,32275,26.7629,-81.4001,3235O,11/16/2020 11:44:00 AM,0.5,M,TP_UGL,PHOSPHORUS AS P,TOTAL,117,UG/L,,,0.117,MG/L
2003889,OKALOACOOCHEE BRANCH,WIN_21FLSFWM,32275, CRFW09,32275,26.7629,-81.4001,3235O,11/16/2020 11:44:00 AM,0.5,M,OP_MGL,"PHOSPHORUS, PHOSPHATE (PO4) AS P",DISSOLVED,0.07,MG/L,,,0.07,MG/L
2003889,OKALOACOOCHEE BRANCH,WIN_21FLSFWM,32275, CRFW09,32275,26.7629,-81.4001,3235O,11/16/2020 11:44:00 AM,0.5,M,PH,PH,,6.9,NONE,,,6.9,SU
2003889,OKALOACOOCHEE BRANCH,WIN_21FLSFWM,32275, CRFW09,32275,26.7629,-81.4001,3235O,11/30/2020 10:52:00 AM,0.45,M,TP_UGL,PHOSPHORUS AS P,TOTAL,83,UG/L,,,0.083,MG/L
2003889,OKALOACOOCHEE BRANCH,WIN_21FLSFWM,32275, CRFW09,32275,26.7629,-81.4001,3235O,11/30/2020 10:52:00 AM,0.45,M,OP_MGL,"PHOSPHORUS, PHOSPHATE (PO4) AS P",DISSOLVED,0.01,MG/L,,,0.01,MG/L
2003889,OKALOACOOCHEE BRANCH,WIN_21FLSFWM,32275, CRFW09,32275,26.7629,-81.4001,3235O,11/30/2020 10:52:00 AM,0.45,M,PH,PH,,8.2,NONE,,,8.2,SU
2003889,OKALOACOOCHEE BRANCH,WIN_21FLSFWM,32275, CRFW09,32275,26.7629,-81.4001,3235O,12/14/2020 11:20:00 AM,0.5,M,TP_UGL,PHOSPHORUS AS P,TOTAL,66,UG/L,,,0.066,MG/L
2003889,OKALOACOOCHEE BRANCH,WIN_21FLSFWM,32275, CRFW09,32275,26.7629,-81.4001,3235O,12/14/2020 11:20:00 AM,0.5,M,OP_MGL,"PHOSPHORUS, PHOSPHATE (PO4) AS P",DISSOLVED,0.003,MG/L,I,,0.003,MG/L
2003889,OKALOACOOCHEE BRANCH,WIN_21FLSFWM,32275, CRFW09,32275,26.7629,-81.4001,3235O,12/14/2020 11:20:00 AM,0.5,M,PH,PH,,8,NONE,,,8,SU
2003889,OKALOACOOCHEE BRANCH,WIN_21FLSFWM,32275, CRFW09,32275,26.7629,-81.4001,3235O,12/28/2020 11:05:00 AM,0.3,M,TP_UGL,PHOSPHORUS AS P,TOTAL,66,UG/L,,,0.066,MG/L
2003889,OKALOACOOCHEE BRANCH,WIN_21FLSFWM,32275, CRFW09,32275,26.7629,-81.4001,3235O,12/28/2020 11:05:00 AM,0.3,M,OP_MGL,"PHOSPHORUS, PHOSPHATE (PO4) AS P",DISSOLVED,0.003,MG/L,I,,0.003,MG/L
2003889,OKALOACOOCHEE BRANCH,WIN_21FLSFWM,32275, CRFW09,32275,26.7629,-81.4001,3235O,12/28/2020 11:05:00 AM,0.3,M,PH,PH,,7.8,NONE,,,7.8,SU
2003889,OKALOACOOCHEE BRANCH,WIN_21FLSFWM,32275, CRFW09,32275,26.7629,-81.4001,3235O,01-11-2021 12:08,0.41,M,TP_UGL,PHOSPHORUS AS P,TOTAL,48,UG/L,,,0.048,MG/L
2003889,OKALOACOOCHEE BRANCH,WIN_21FLSFWM,32275, CRFW09,32275,26.7629,-81.4001,3235O,01-11-2021 12:08,0.41,M,OP_MGL,"PHOSPHORUS, PHOSPHATE (PO4) AS P",DISSOLVED,0.002,MG/L,I,,0.002,MG/L
2003889,OKALOACOOCHEE BRANCH,WIN_21FLSFWM,32275, CRFW09,32275,26.7629,-81.4001,3235O,01-11-2021 12:08,0.41,M,PH,PH,,7.9,NONE,,,7.9,SU
2003889,OKALOACOOCHEE BRANCH,WIN_21FLSFWM,32275, CRFW09,32275,26.7629,-81.4001,3235O,1/25/2021 11:30:00 AM,0.5,M,TP_UGL,PHOSPHORUS AS P,TOTAL,47,UG/L,,,0.047,MG/L
2003889,OKALOACOOCHEE BRANCH,WIN_21FLSFWM,32275, CRFW09,32275,26.7629,-81.4001,3235O,1/25/2021 11:30:00 AM,0.5,M,OP_MGL,"PHOSPHORUS, PHOSPHATE (PO4) AS P",DISSOLVED,0.004,MG/L,I,,0.004,MG/L
2003889,OKALOACOOCHEE BRANCH,WIN_21FLSFWM,32275, CRFW09,32275,26.7629,-81.4001,3235O,1/25/2021 11:30:00 AM,0.5,M,PH,PH,,8.2,NONE,,,8.2,SU
2003889,OKALOACOOCHEE BRANCH,WIN_21FLSFWM,32275, CRFW09,32275,26.7629,-81.4001,3235O,02-08-2021 11:06,0.5,M,TP_UGL,PHOSPHORUS AS P,TOTAL,43,UG/L,,,0.043,MG/L
2003889,OKALOACOOCHEE BRANCH,WIN_21FLSFWM,32275, CRFW09,32275,26.7629,-81.4001,3235O,02-08-2021 11:06,0.5,M,OP_MGL,"PHOSPHORUS, PHOSPHATE (PO4) AS P",DISSOLVED,0.004,MG/L,I,,0.004,MG/L
2003889,OKALOACOOCHEE BRANCH,WIN_21FLSFWM,32275, CRFW09,32275,26.7629,-81.4001,3235O,02-08-2021 11:06,0.5,M,PH,PH,,8.1,NONE,,,8.1,SU
2003889,OKALOACOOCHEE BRANCH,WIN_21FLSFWM,32275, CRFW09,32275,26.7629,-81.4001,3235O,2/22/2021 10:58:00 AM,0.38,M,TP_UGL,PHOSPHORUS AS P,TOTAL,46,UG/L,,,0.046,MG/L
2003889,OKALOACOOCHEE BRANCH,WIN_21FLSFWM,32275, CRFW09,32275,26.7629,-81.4001,3235O,2/22/2021 10:58:00 AM,0.38,M,OP_MGL,"PHOSPHORUS, PHOSPHATE (PO4) AS P",DISSOLVED,0.007,MG/L,I,,0.007,MG/L
2003889,OKALOACOOCHEE BRANCH,WIN_21FLSFWM,32275, CRFW09,32275,26.7629,-81.4001,3235O,2/22/2021 10:58:00 AM,0.38,M,PH,PH,,7.9,NONE,,,7.9,SU
2003889,OKALOACOOCHEE BRANCH,WIN_21FLSFWM,32275, CRFW09,32275,26.7629,-81.4001,3235O,3/22/2021 11:34:00 AM,0.43,M,TP_UGL,PHOSPHORUS AS P,TOTAL,64,UG/L,,,0.064,MG/L
2003889,OKALOACOOCHEE BRANCH,WIN_21FLSFWM,32275, CRFW09,32275,26.7629,-81.4001,3235O,3/22/2021 11:34:00 AM,0.43,M,OP_MGL,"PHOSPHORUS, PHOSPHATE (PO4) AS P",DISSOLVED,0.004,MG/L,I,,0.004,MG/L
2003889,OKALOACOOCHEE BRANCH,WIN_21FLSFWM,32275, CRFW09,32275,26.7629,-81.4001,3235O,3/22/2021 11:34:00 AM,0.43,M,PH,PH,,8.1,NONE,,,8.1,SU
2003889,OKALOACOOCHEE BRANCH,WIN_21FLSFWM,32275, CRFW09,32275,26.7629,-81.4001,3235O,04-05-2021 11:15,0.46,M,TP_UGL,PHOSPHORUS AS P,TOTAL,56,UG/L,,,0.056,MG/L
2003889,OKALOACOOCHEE BRANCH,WIN_21FLSFWM,32275, CRFW09,32275,26.7629,-81.4001,3235O,04-05-2021 11:15,0.46,M,OP_MGL,"PHOSPHORUS, PHOSPHATE (PO4) AS P",DISSOLVED,0.017,MG/L,,,0.017,MG/L
2003889,OKALOACOOCHEE BRANCH,WIN_21FLSFWM,32275, CRFW09,32275,26.7629,-81.4001,3235O,04-05-2021 11:15,0.46,M,PH,PH,,7.5,NONE,,,7.5,SU
2003889,OKALOACOOCHEE BRANCH,WIN_21FLSFWM,32275, CRFW09,32275,26.7629,-81.4001,3235O,4/19/2021 10:21:00 AM,0.28,M,TP_UGL,PHOSPHORUS AS P,TOTAL,59,UG/L,,,0.059,MG/L
2003889,OKALOACOOCHEE BRANCH,WIN_21FLSFWM,32275, CRFW09,32275,26.7629,-81.4001,3235O,4/19/2021 10:21:00 AM,0.28,M,OP_MGL,"PHOSPHORUS, PHOSPHATE (PO4) AS P",DISSOLVED,0.002,MG/L,I,,0.002,MG/L
2003889,OKALOACOOCHEE BRANCH,WIN_21FLSFWM,32275, CRFW09,32275,26.7629,-81.4001,3235O,4/19/2021 10:21:00 AM,0.28,M,PH,PH,,8,NONE,,,8,SU
2003889,OKALOACOOCHEE BRANCH,WIN_21FLSFWM,32275, CRFW09,32275,26.7629,-81.4001,3235O,05-03-2021 10:54,0.3,M,TP_UGL,PHOSPHORUS AS P,TOTAL,62,UG/L,,,0.062,MG/L
2003889,OKALOACOOCHEE BRANCH,WIN_21FLSFWM,32275, CRFW09,32275,26.7629,-81.4001,3235O,05-03-2021 10:54,0.3,M,OP_MGL,"PHOSPHORUS, PHOSPHATE (PO4) AS P",DISSOLVED,0.002,MG/L,I,,0.002,MG/L
2003889,OKALOACOOCHEE BRANCH,WIN_21FLSFWM,32275, CRFW09,32275,26.7629,-81.4001,3235O,05-03-2021 10:54,0.3,M,PH,PH,,8,NONE,,,8,SU
2003889,OKALOACOOCHEE BRANCH,WIN_21FLFTM,G3SD0099, OKALOACOOCHEE BRANCH @ EUCALYPTUS,G3SD0099,26.75602,-81.39836,3235O,1/24/2018 9:10:00 AM,0.15,M,CHLAC_UGL,"CHLOROPHYLL A, CORRECTED FOR PHEOPHYTIN",TOTAL,0.89,UG/L,I,PRECISION DATA IS NOT AVAILABLE FOR AT LEAST ONE COMPONENT DUE TO THE SMALL AMOUNT OF ANALYTE IN THE QC SAMPLE. REFER TO QA REPORT FOR AVAILABLE PRECISION DATA.,0.89,UG/L
2003889,OKALOACOOCHEE BRANCH,WIN_21FLFTM,G3SD0099, OKALOACOOCHEE BRANCH @ EUCALYPTUS,G3SD0099,26.75602,-81.39836,3235O,1/24/2018 9:10:00 AM,0.15,M,CHLA_UGL,"CHLOROPHYLL A, UNCORRECTED FOR PHEOPHYTIN",TOTAL,1.8,UG/L,,PRECISION DATA IS NOT AVAILABLE FOR AT LEAST ONE COMPONENT DUE TO THE SMALL AMOUNT OF ANALYTE IN THE QC SAMPLE. REFER TO QA REPORT FOR AVAILABLE PRECISION DATA.,1.8,UG/L
2003889,OKALOACOOCHEE BRANCH,WIN_21FLFTM,G3SD0099, OKALOACOOCHEE BRANCH @ EUCALYPTUS,G3SD0099,26.75602,-81.39836,3235O,1/24/2018 9:10:00 AM,0.15,M,PHEO_UGL,PHEOPHYTIN-A,TOTAL,1.5,UG/L,,PRECISION DATA IS NOT AVAILABLE FOR AT LEAST ONE COMPONENT DUE TO THE SMALL AMOUNT OF ANALYTE IN THE QC SAMPLE. REFER TO QA REPORT FOR AVAILABLE PRECISION DATA.,1.5,UG/L
2003889,OKALOACOOCHEE BRANCH,WIN_21FLFTM,G3SD0099, OKALOACOOCHEE BRANCH @ EUCALYPTUS,G3SD0099,26.75602,-81.39836,3235O,1/24/2018 9:10:00 AM,0.15,M,TP_UGL,PHOSPHORUS AS P,TOTAL,56,UG/L,,,0.056,MG/L
2003889,OKALOACOOCHEE BRANCH,WIN_21FLFTM,G3SD0099, OKALOACOOCHEE BRANCH @ EUCALYPTUS,G3SD0099,26.75602,-81.39836,3235O,1/24/2018 9:10:00 AM,0.15,M,OP_MGL,"PHOSPHORUS, PHOSPHATE (PO4) AS P",DISSOLVED,0.024,MG/L,,,0.024,MG/L
2003889,OKALOACOOCHEE BRANCH,WIN_21FLFTM,G3SD0099, OKALOACOOCHEE BRANCH @ EUCALYPTUS,G3SD0099,26.75602,-81.39836,3235O,1/24/2018 9:10:00 AM,0.15,M,PH,PH,,7.5,NONE,,,7.5,NONE
2003889,OKALOACOOCHEE BRANCH,WIN_21FLFTM,G3SD0099, OKALOACOOCHEE BRANCH @ EUCALYPTUS,G3SD0099,26.75602,-81.39836,3235O,03-05-2018 10:10,0.15,M,CHLAC_UGL,"CHLOROPHYLL A, CORRECTED FOR PHEOPHYTIN",TOTAL,1.6,UG/L,I,PRECISION DATA IS NOT AVAILABLE FOR AT LEAST ONE COMPONENT DUE TO THE SMALL AMOUNT OF ANALYTE IN THE QC SAMPLE. REFER TO QA REPORT FOR AVAILABLE PRECISION DATA.,1.6,UG/L
2003889,OKALOACOOCHEE BRANCH,WIN_21FLFTM,G3SD0099, OKALOACOOCHEE BRANCH @ EUCALYPTUS,G3SD0099,26.75602,-81.39836,3235O,03-05-2018 10:10,0.15,M,CHLA_UGL,"CHLOROPHYLL A, UNCORRECTED FOR PHEOPHYTIN",TOTAL,2.7,UG/L,,PRECISION DATA IS NOT AVAILABLE FOR AT LEAST ONE COMPONENT DUE TO THE SMALL AMOUNT OF ANALYTE IN THE QC SAMPLE. REFER TO QA REPORT FOR AVAILABLE PRECISION DATA.,2.7,UG/L
2003889,OKALOACOOCHEE BRANCH,WIN_21FLFTM,G3SD0099, OKALOACOOCHEE BRANCH @ EUCALYPTUS,G3SD0099,26.75602,-81.39836,3235O,03-05-2018 10:10,0.15,M,PHEO_UGL,PHEOPHYTIN-A,TOTAL,1.9,UG/L,,PRECISION DATA IS NOT AVAILABLE FOR AT LEAST ONE COMPONENT DUE TO THE SMALL AMOUNT OF ANALYTE IN THE QC SAMPLE. REFER TO QA REPORT FOR AVAILABLE PRECISION DATA.,1.9,UG/L
2003889,OKALOACOOCHEE BRANCH,WIN_21FLFTM,G3SD0099, OKALOACOOCHEE BRANCH @ EUCALYPTUS,G3SD0099,26.75602,-81.39836,3235O,03-05-2018 10:10,0.15,M,TP_UGL,PHOSPHORUS AS P,TOTAL,55,UG/L,,,0.055,MG/L
2003889,OKALOACOOCHEE BRANCH,WIN_21FLFTM,G3SD0099, OKALOACOOCHEE BRANCH @ EUCALYPTUS,G3SD0099,26.75602,-81.39836,3235O,03-05-2018 10:10,0.15,M,OP_MGL,"PHOSPHORUS, PHOSPHATE (PO4) AS P",DISSOLVED,0.019,MG/L,,,0.019,MG/L
2003889,OKALOACOOCHEE BRANCH,WIN_21FLFTM,G3SD0099, OKALOACOOCHEE BRANCH @ EUCALYPTUS,G3SD0099,26.75602,-81.39836,3235O,03-05-2018 10:10,0.15,M,PH,PH,,7.9,NONE,,,7.9,NONE
2003889,OKALOACOOCHEE BRANCH,WIN_21FLFTM,G3SD0099, OKALOACOOCHEE BRANCH @ EUCALYPTUS,G3SD0099,26.75602,-81.39836,3235O,5/15/2018 11:55:00 AM,0.15,M,CHLAC_UGL,"CHLOROPHYLL A, CORRECTED FOR PHEOPHYTIN",TOTAL,1.2,UG/L,I,PRECISION DATA IS NOT AVAILABLE FOR AT LEAST ONE COMPONENT DUE TO THE SMALL AMOUNT OF ANALYTE IN THE QC SAMPLE. REFER TO QA REPORT FOR AVAILABLE PRECISION DATA.,1.2,UG/L
2003889,OKALOACOOCHEE BRANCH,WIN_21FLFTM,G3SD0099, OKALOACOOCHEE BRANCH @ EUCALYPTUS,G3SD0099,26.75602,-81.39836,3235O,5/15/2018 11:55:00 AM,0.15,M,CHLA_UGL,"CHLOROPHYLL A, UNCORRECTED FOR PHEOPHYTIN",TOTAL,2,UG/L,,PRECISION DATA IS NOT AVAILABLE FOR AT LEAST ONE COMPONENT DUE TO THE SMALL AMOUNT OF ANALYTE IN THE QC SAMPLE. REFER TO QA REPORT FOR AVAILABLE PRECISION DATA.,2,UG/L
2003889,OKALOACOOCHEE BRANCH,WIN_21FLFTM,G3SD0099, OKALOACOOCHEE BRANCH @ EUCALYPTUS,G3SD0099,26.75602,-81.39836,3235O,5/15/2018 11:55:00 AM,0.15,M,PHEO_UGL,PHEOPHYTIN-A,TOTAL,1.3,UG/L,,PRECISION DATA IS NOT AVAILABLE FOR AT LEAST ONE COMPONENT DUE TO THE SMALL AMOUNT OF ANALYTE IN THE QC SAMPLE. REFER TO QA REPORT FOR AVAILABLE PRECISION DATA.,1.3,UG/L
2003889,OKALOACOOCHEE BRANCH,WIN_21FLFTM,G3SD0099, OKALOACOOCHEE BRANCH @ EUCALYPTUS,G3SD0099,26.75602,-81.39836,3235O,5/15/2018 11:55:00 AM,0.15,M,TP_UGL,PHOSPHORUS AS P,TOTAL,35,UG/L,,,0.035,MG/L
2003889,OKALOACOOCHEE BRANCH,WIN_21FLFTM,G3SD0099, OKALOACOOCHEE BRANCH @ EUCALYPTUS,G3SD0099,26.75602,-81.39836,3235O,5/15/2018 11:55:00 AM,0.15,M,OP_MGL,"PHOSPHORUS, PHOSPHATE (PO4) AS P",DISSOLVED,0.015,MG/L,,,0.015,MG/L
2003889,OKALOACOOCHEE BRANCH,WIN_21FLFTM,G3SD0099, OKALOACOOCHEE BRANCH @ EUCALYPTUS,G3SD0099,26.75602,-81.39836,3235O,5/15/2018 11:55:00 AM,0.15,M,PH,PH,,7.2,NONE,,,7.2,NONE
2003889,OKALOACOOCHEE BRANCH,WIN_21FLFTM,G3SD0099, OKALOACOOCHEE BRANCH @ EUCALYPTUS,G3SD0099,26.75602,-81.39836,3235O,06-07-2018 9:00,0.15,M,CHLAC_UGL,"CHLOROPHYLL A, CORRECTED FOR PHEOPHYTIN",TOTAL,3.5,UG/L,,PRECISION DATA IS NOT AVAILABLE FOR AT LEAST ONE COMPONENT DUE TO THE SMALL AMOUNT OF ANALYTE IN THE QC SAMPLE. REFER TO QA REPORT FOR AVAILABLE PRECISION DATA.,3.5,UG/L
2003889,OKALOACOOCHEE BRANCH,WIN_21FLFTM,G3SD0099, OKALOACOOCHEE BRANCH @ EUCALYPTUS,G3SD0099,26.75602,-81.39836,3235O,06-07-2018 9:00,0.15,M,CHLA_UGL,"CHLOROPHYLL A, UNCORRECTED FOR PHEOPHYTIN",TOTAL,5.2,UG/L,,PRECISION DATA IS NOT AVAILABLE FOR AT LEAST ONE COMPONENT DUE TO THE SMALL AMOUNT OF ANALYTE IN THE QC SAMPLE. REFER TO QA REPORT FOR AVAILABLE PRECISION DATA.,5.2,UG/L
2003889,OKALOACOOCHEE BRANCH,WIN_21FLFTM,G3SD0099, OKALOACOOCHEE BRANCH @ EUCALYPTUS,G3SD0099,26.75602,-81.39836,3235O,06-07-2018 9:00,0.15,M,PHEO_UGL,PHEOPHYTIN-A,TOTAL,2.6,UG/L,,PRECISION DATA IS NOT AVAILABLE FOR AT LEAST ONE COMPONENT DUE TO THE SMALL AMOUNT OF ANALYTE IN THE QC SAMPLE. REFER TO QA REPORT FOR AVAILABLE PRECISION DATA.,2.6,UG/L
2003889,OKALOACOOCHEE BRANCH,WIN_21FLFTM,G3SD0099, OKALOACOOCHEE BRANCH @ EUCALYPTUS,G3SD0099,26.75602,-81.39836,3235O,06-07-2018 9:00,0.15,M,TP_UGL,PHOSPHORUS AS P,TOTAL,72,UG/L,,,0.072,MG/L
2003889,OKALOACOOCHEE BRANCH,WIN_21FLFTM,G3SD0099, OKALOACOOCHEE BRANCH @ EUCALYPTUS,G3SD0099,26.75602,-81.39836,3235O,06-07-2018 9:00,0.15,M,OP_MGL,"PHOSPHORUS, PHOSPHATE (PO4) AS P",DISSOLVED,0.03,MG/L,,,0.03,MG/L
2003889,OKALOACOOCHEE BRANCH,WIN_21FLFTM,G3SD0099, OKALOACOOCHEE BRANCH @ EUCALYPTUS,G3SD0099,26.75602,-81.39836,3235O,06-07-2018 9:00,0.15,M,PH,PH,,7.4,NONE,,,7.4,NONE
2003889,OKALOACOOCHEE BRANCH,WIN_21FLFTM,G3SD0099, OKALOACOOCHEE BRANCH @ EUCALYPTUS,G3SD0099,26.75602,-81.39836,3235O,7/24/2018 12:30:00 PM,0.2,M,CHLAC_UGL,"CHLOROPHYLL A, CORRECTED FOR PHEOPHYTIN",TOTAL,2.3,UG/L,,,2.3,UG/L
2003889,OKALOACOOCHEE BRANCH,WIN_21FLFTM,G3SD0099, OKALOACOOCHEE BRANCH @ EUCALYPTUS,G3SD0099,26.75602,-81.39836,3235O,7/24/2018 12:30:00 PM,0.2,M,CHLA_UGL,"CHLOROPHYLL A, UNCORRECTED FOR PHEOPHYTIN",TOTAL,3.5,UG/L,,,3.5,UG/L
2003889,OKALOACOOCHEE BRANCH,WIN_21FLFTM,G3SD0099, OKALOACOOCHEE BRANCH @ EUCALYPTUS,G3SD0099,26.75602,-81.39836,3235O,7/24/2018 12:30:00 PM,0.2,M,PHEO_UGL,PHEOPHYTIN-A,TOTAL,1.9,UG/L,,,1.9,UG/L
2003889,OKALOACOOCHEE BRANCH,WIN_21FLFTM,G3SD0099, OKALOACOOCHEE BRANCH @ EUCALYPTUS,G3SD0099,26.75602,-81.39836,3235O,7/24/2018 12:30:00 PM,0.2,M,TP_UGL,PHOSPHORUS AS P,TOTAL,82,UG/L,,,0.082,MG/L
2003889,OKALOACOOCHEE BRANCH,WIN_21FLFTM,G3SD0099, OKALOACOOCHEE BRANCH @ EUCALYPTUS,G3SD0099,26.75602,-81.39836,3235O,7/24/2018 12:30:00 PM,0.2,M,OP_MGL,"PHOSPHORUS, PHOSPHATE (PO4) AS P",DISSOLVED,0.031,MG/L,,,0.031,MG/L
2003889,OKALOACOOCHEE BRANCH,WIN_21FLFTM,G3SD0099, OKALOACOOCHEE BRANCH @ EUCALYPTUS,G3SD0099,26.75602,-81.39836,3235O,7/24/2018 12:30:00 PM,0.2,M,PH,PH,,7.1,NONE,,,7.1,NONE
2003889,OKALOACOOCHEE BRANCH,WIN_21FLFTM,G3SD0099, OKALOACOOCHEE BRANCH @ EUCALYPTUS,G3SD0099,26.75602,-81.39836,3235O,09-11-2018 14:00,0.1,M,CHLAC_UGL,"CHLOROPHYLL A, CORRECTED FOR PHEOPHYTIN",TOTAL,1.7,UG/L,I,PRECISION DATA IS NOT AVAILABLE FOR AT LEAST ONE COMPONENT DUE TO THE SMALL AMOUNT OF ANALYTE IN THE QC SAMPLE. REFER TO QA REPORT FOR AVAILABLE PRECISION DATA.,1.7,UG/L
2003889,OKALOACOOCHEE BRANCH,WIN_21FLFTM,G3SD0099, OKALOACOOCHEE BRANCH @ EUCALYPTUS,G3SD0099,26.75602,-81.39836,3235O,09-11-2018 14:00,0.1,M,CHLA_UGL,"CHLOROPHYLL A, UNCORRECTED FOR PHEOPHYTIN",TOTAL,2.2,UG/L,,PRECISION DATA IS NOT AVAILABLE FOR AT LEAST ONE COMPONENT DUE TO THE SMALL AMOUNT OF ANALYTE IN THE QC SAMPLE. REFER TO QA REPORT FOR AVAILABLE PRECISION DATA.,2.2,UG/L
2003889,OKALOACOOCHEE BRANCH,WIN_21FLFTM,G3SD0099, OKALOACOOCHEE BRANCH @ EUCALYPTUS,G3SD0099,26.75602,-81.39836,3235O,09-11-2018 14:00,0.1,M,PHEO_UGL,PHEOPHYTIN-A,TOTAL,0.71,UG/L,I,PRECISION DATA IS NOT AVAILABLE FOR AT LEAST ONE COMPONENT DUE TO THE SMALL AMOUNT OF ANALYTE IN THE QC SAMPLE. REFER TO QA REPORT FOR AVAILABLE PRECISION DATA.,0.71,UG/L
2003889,OKALOACOOCHEE BRANCH,WIN_21FLFTM,G3SD0099, OKALOACOOCHEE BRANCH @ EUCALYPTUS,G3SD0099,26.75602,-81.39836,3235O,09-11-2018 14:00,0.1,M,TP_UGL,PHOSPHORUS AS P,TOTAL,49,UG/L,,,0.049,MG/L
2003889,OKALOACOOCHEE BRANCH,WIN_21FLFTM,G3SD0099, OKALOACOOCHEE BRANCH @ EUCALYPTUS,G3SD0099,26.75602,-81.39836,3235O,09-11-2018 14:00,0.1,M,OP_MGL,"PHOSPHORUS, PHOSPHATE (PO4) AS P",DISSOLVED,0.029,MG/L,,,0.029,MG/L
2003889,OKALOACOOCHEE BRANCH,WIN_21FLFTM,G3SD0099, OKALOACOOCHEE BRANCH @ EUCALYPTUS,G3SD0099,26.75602,-81.39836,3235O,09-11-2018 14:00,0.1,M,PH,PH,,6.79,NONE,,,6.79,NONE
2003889,OKALOACOOCHEE BRANCH,WIN_21FLFTM,G3SD0099, OKALOACOOCHEE BRANCH @ EUCALYPTUS,G3SD0099,26.75602,-81.39836,3235O,12-12-2018 15:10,0.2,M,CHLAC_UGL,"CHLOROPHYLL A, CORRECTED FOR PHEOPHYTIN",TOTAL,20,UG/L,,PRECISION DATA IS NOT AVAILABLE FOR AT LEAST ONE COMPONENT DUE TO THE SMALL AMOUNT OF ANALYTE IN THE QC SAMPLE. REFER TO QA REPORT FOR AVAILABLE PRECISION DATA.,20,UG/L
2003889,OKALOACOOCHEE BRANCH,WIN_21FLFTM,G3SD0099, OKALOACOOCHEE BRANCH @ EUCALYPTUS,G3SD0099,26.75602,-81.39836,3235O,12-12-2018 15:10,0.2,M,CHLA_UGL,"CHLOROPHYLL A, UNCORRECTED FOR PHEOPHYTIN",TOTAL,32,UG/L,,PRECISION DATA IS NOT AVAILABLE FOR AT LEAST ONE COMPONENT DUE TO THE SMALL AMOUNT OF ANALYTE IN THE QC SAMPLE. REFER TO QA REPORT FOR AVAILABLE PRECISION DATA.,32,UG/L
2003889,OKALOACOOCHEE BRANCH,WIN_21FLFTM,G3SD0099, OKALOACOOCHEE BRANCH @ EUCALYPTUS,G3SD0099,26.75602,-81.39836,3235O,12-12-2018 15:10,0.2,M,PHEO_UGL,PHEOPHYTIN-A,TOTAL,20,UG/L,,PRECISION DATA IS NOT AVAILABLE FOR AT LEAST ONE COMPONENT DUE TO THE SMALL AMOUNT OF ANALYTE IN THE QC SAMPLE. REFER TO QA REPORT FOR AVAILABLE PRECISION DATA.,20,UG/L
2003889,OKALOACOOCHEE BRANCH,WIN_21FLFTM,G3SD0099, OKALOACOOCHEE BRANCH @ EUCALYPTUS,G3SD0099,26.75602,-81.39836,3235O,12-12-2018 15:10,0.2,M,TP_UGL,PHOSPHORUS AS P,TOTAL,130,UG/L,,,0.13,MG/L
2003889,OKALOACOOCHEE BRANCH,WIN_21FLFTM,G3SD0099, OKALOACOOCHEE BRANCH @ EUCALYPTUS,G3SD0099,26.75602,-81.39836,3235O,12-12-2018 15:10,0.2,M,OP_MGL,"PHOSPHORUS, PHOSPHATE (PO4) AS P",DISSOLVED,0.03,MG/L,,,0.03,MG/L
2003889,OKALOACOOCHEE BRANCH,WIN_21FLFTM,G3SD0099, OKALOACOOCHEE BRANCH @ EUCALYPTUS,G3SD0099,26.75602,-81.39836,3235O,12-12-2018 15:10,0.2,M,PH,PH,,7.5,NONE,,,7.5,NONE
2003889,OKALOACOOCHEE BRANCH,WIN_21FLFTM,G3SD0099, OKALOACOOCHEE BRANCH @ EUCALYPTUS,G3SD0099,26.75602,-81.39836,3235O,04-09-2019 10:00,0.2,M,24D_UGL,"2,4-DICHLOROPHENOXYACETIC ACID (2,4-D)",TOTAL,0.024,UG/L,,,0.024,UG/L
2003889,OKALOACOOCHEE BRANCH,WIN_21FLFTM,G3SD0099, OKALOACOOCHEE BRANCH @ EUCALYPTUS,G3SD0099,26.75602,-81.39836,3235O,04-09-2019 10:00,0.2,M,CHLAC_UGL,"CHLOROPHYLL A, CORRECTED FOR PHEOPHYTIN",TOTAL,9.1,UG/L,,,9.1,UG/L
2003889,OKALOACOOCHEE BRANCH,WIN_21FLFTM,G3SD0099, OKALOACOOCHEE BRANCH @ EUCALYPTUS,G3SD0099,26.75602,-81.39836,3235O,04-09-2019 10:00,0.2,M,CHLA_UGL,"CHLOROPHYLL A, UNCORRECTED FOR PHEOPHYTIN",TOTAL,13,UG/L,,,13,UG/L
2003889,OKALOACOOCHEE BRANCH,WIN_21FLFTM,G3SD0099, OKALOACOOCHEE BRANCH @ EUCALYPTUS,G3SD0099,26.75602,-81.39836,3235O,04-09-2019 10:00,0.2,M,GLYPHOSATE_UGL,GLYPHOSATE (ROUNDUP),TOTAL,1,UG/L,,,1,UG/L
2003889,OKALOACOOCHEE BRANCH,WIN_21FLFTM,G3SD0099, OKALOACOOCHEE BRANCH @ EUCALYPTUS,G3SD0099,26.75602,-81.39836,3235O,04-09-2019 10:00,0.2,M,PHEO_UGL,PHEOPHYTIN-A,TOTAL,5.9,UG/L,,,5.9,UG/L
2003889,OKALOACOOCHEE BRANCH,WIN_21FLFTM,G3SD0099, OKALOACOOCHEE BRANCH @ EUCALYPTUS,G3SD0099,26.75602,-81.39836,3235O,04-09-2019 10:00,0.2,M,TP_UGL,PHOSPHORUS AS P,TOTAL,83,UG/L,,,0.083,MG/L
2003889,OKALOACOOCHEE BRANCH,WIN_21FLFTM,G3SD0099, OKALOACOOCHEE BRANCH @ EUCALYPTUS,G3SD0099,26.75602,-81.39836,3235O,04-09-2019 10:00,0.2,M,OP_MGL,"PHOSPHORUS, PHOSPHATE (PO4) AS P",DISSOLVED,0.032,MG/L,,,0.032,MG/L
2003889,OKALOACOOCHEE BRANCH,WIN_21FLFTM,G3SD0099, OKALOACOOCHEE BRANCH @ EUCALYPTUS,G3SD0099,26.75602,-81.39836,3235O,04-09-2019 10:00,0.2,M,PH,PH,,7.34,NONE,,,7.34,NONE
2003889,OKALOACOOCHEE BRANCH,WIN_21FLFTM,G3SD0099, OKALOACOOCHEE BRANCH @ EUCALYPTUS,G3SD0099,26.75602,-81.39836,3235O,05-07-2019 10:40,0.1,M,24D_UGL,"2,4-DICHLOROPHENOXYACETIC ACID (2,4-D)",TOTAL,0.016,UG/L,,,0.016,UG/L
2003889,OKALOACOOCHEE BRANCH,WIN_21FLFTM,G3SD0099, OKALOACOOCHEE BRANCH @ EUCALYPTUS,G3SD0099,26.75602,-81.39836,3235O,05-07-2019 10:40,0.1,M,CHLAC_UGL,"CHLOROPHYLL A, CORRECTED FOR PHEOPHYTIN",TOTAL,3.7,UG/L,I,PRECISION DATA IS NOT AVAILABLE FOR AT LEAST ONE COMPONENT DUE TO THE SMALL AMOUNT OF ANALYTE IN THE QC SAMPLE. REFER TO QA REPORT FOR AVAILABLE PRECISION DATA.,3.7,UG/L
2003889,OKALOACOOCHEE BRANCH,WIN_21FLFTM,G3SD0099, OKALOACOOCHEE BRANCH @ EUCALYPTUS,G3SD0099,26.75602,-81.39836,3235O,05-07-2019 10:40,0.1,M,CHLA_UGL,"CHLOROPHYLL A, UNCORRECTED FOR PHEOPHYTIN",TOTAL,4.8,UG/L,,PRECISION DATA IS NOT AVAILABLE FOR AT LEAST ONE COMPONENT DUE TO THE SMALL AMOUNT OF ANALYTE IN THE QC SAMPLE. REFER TO QA REPORT FOR AVAILABLE PRECISION DATA.,4.8,UG/L
2003889,OKALOACOOCHEE BRANCH,WIN_21FLFTM,G3SD0099, OKALOACOOCHEE BRANCH @ EUCALYPTUS,G3SD0099,26.75602,-81.39836,3235O,05-07-2019 10:40,0.1,M,GLYPHOSATE_UGL,GLYPHOSATE (ROUNDUP),TOTAL,0.1,UG/L,U,,0.1,UG/L
2003889,OKALOACOOCHEE BRANCH,WIN_21FLFTM,G3SD0099, OKALOACOOCHEE BRANCH @ EUCALYPTUS,G3SD0099,26.75602,-81.39836,3235O,05-07-2019 10:40,0.1,M,PHEO_UGL,PHEOPHYTIN-A,TOTAL,1.8,UG/L,U,PRECISION DATA IS NOT AVAILABLE FOR AT LEAST ONE COMPONENT DUE TO THE SMALL AMOUNT OF ANALYTE IN THE QC SAMPLE. REFER TO QA REPORT FOR AVAILABLE PRECISION DATA.,1.8,UG/L
2003889,OKALOACOOCHEE BRANCH,WIN_21FLFTM,G3SD0099, OKALOACOOCHEE BRANCH @ EUCALYPTUS,G3SD0099,26.75602,-81.39836,3235O,05-07-2019 10:40,0.1,M,TP_UGL,PHOSPHORUS AS P,TOTAL,82,UG/L,,,0.082,MG/L
2003889,OKALOACOOCHEE BRANCH,WIN_21FLFTM,G3SD0099, OKALOACOOCHEE BRANCH @ EUCALYPTUS,G3SD0099,26.75602,-81.39836,3235O,05-07-2019 10:40,0.1,M,OP_MGL,"PHOSPHORUS, PHOSPHATE (PO4) AS P",DISSOLVED,0.031,MG/L,,,0.031,MG/L
2003889,OKALOACOOCHEE BRANCH,WIN_21FLFTM,G3SD0099, OKALOACOOCHEE BRANCH @ EUCALYPTUS,G3SD0099,26.75602,-81.39836,3235O,05-07-2019 10:40,0.1,M,PH,PH,,7.51,NONE,,,7.51,NONE
2003889,OKALOACOOCHEE BRANCH,WIN_21FLFTM,G3SD0099, OKALOACOOCHEE BRANCH @ EUCALYPTUS,G3SD0099,26.75602,-81.39836,3235O,6/24/2019 10:15:00 AM,0.15,M,24D_UGL,"2,4-DICHLOROPHENOXYACETIC ACID (2,4-D)",TOTAL,0.0085,UG/L,,,0.0085,UG/L
2003889,OKALOACOOCHEE BRANCH,WIN_21FLFTM,G3SD0099, OKALOACOOCHEE BRANCH @ EUCALYPTUS,G3SD0099,26.75602,-81.39836,3235O,6/24/2019 10:15:00 AM,0.15,M,CHLAC_UGL,"CHLOROPHYLL A, CORRECTED FOR PHEOPHYTIN",TOTAL,5.1,UG/L,,PRECISION DATA IS NOT AVAILABLE FOR AT LEAST ONE COMPONENT DUE TO THE SMALL AMOUNT OF ANALYTE IN THE QC SAMPLE. REFER TO QA REPORT FOR AVAILABLE PRECISION DATA.,5.1,UG/L
2003889,OKALOACOOCHEE BRANCH,WIN_21FLFTM,G3SD0099, OKALOACOOCHEE BRANCH @ EUCALYPTUS,G3SD0099,26.75602,-81.39836,3235O,6/24/2019 10:15:00 AM,0.15,M,CHLA_UGL,"CHLOROPHYLL A, UNCORRECTED FOR PHEOPHYTIN",TOTAL,6.2,UG/L,,PRECISION DATA IS NOT AVAILABLE FOR AT LEAST ONE COMPONENT DUE TO THE SMALL AMOUNT OF ANALYTE IN THE QC SAMPLE. REFER TO QA REPORT FOR AVAILABLE PRECISION DATA.,6.2,UG/L
2003889,OKALOACOOCHEE BRANCH,WIN_21FLFTM,G3SD0099, OKALOACOOCHEE BRANCH @ EUCALYPTUS,G3SD0099,26.75602,-81.39836,3235O,6/24/2019 10:15:00 AM,0.15,M,GLYPHOSATE_UGL,GLYPHOSATE (ROUNDUP),TOTAL,0.1,UG/L,U,,0.1,UG/L
2003889,OKALOACOOCHEE BRANCH,WIN_21FLFTM,G3SD0099, OKALOACOOCHEE BRANCH @ EUCALYPTUS,G3SD0099,26.75602,-81.39836,3235O,6/24/2019 10:15:00 AM,0.15,M,PHEO_UGL,PHEOPHYTIN-A,TOTAL,1.6,UG/L,I,PRECISION DATA IS NOT AVAILABLE FOR AT LEAST ONE COMPONENT DUE TO THE SMALL AMOUNT OF ANALYTE IN THE QC SAMPLE. REFER TO QA REPORT FOR AVAILABLE PRECISION DATA.,1.6,UG/L
2003889,OKALOACOOCHEE BRANCH,WIN_21FLFTM,G3SD0099, OKALOACOOCHEE BRANCH @ EUCALYPTUS,G3SD0099,26.75602,-81.39836,3235O,6/24/2019 10:15:00 AM,0.15,M,TP_UGL,PHOSPHORUS AS P,TOTAL,100,UG/L,,,0.1,MG/L
2003889,OKALOACOOCHEE BRANCH,WIN_21FLFTM,G3SD0099, OKALOACOOCHEE BRANCH @ EUCALYPTUS,G3SD0099,26.75602,-81.39836,3235O,6/24/2019 10:15:00 AM,0.15,M,OP_MGL,"PHOSPHORUS, PHOSPHATE (PO4) AS P",DISSOLVED,0.046,MG/L,,,0.046,MG/L
2003889,OKALOACOOCHEE BRANCH,WIN_21FLFTM,G3SD0099, OKALOACOOCHEE BRANCH @ EUCALYPTUS,G3SD0099,26.75602,-81.39836,3235O,6/24/2019 10:15:00 AM,0.15,M,PH,PH,,7.11,NONE,,,7.11,NONE
2003889,OKALOACOOCHEE BRANCH,WIN_21FLFTM,G3SD0099, OKALOACOOCHEE BRANCH @ EUCALYPTUS,G3SD0099,26.75602,-81.39836,3235O,6/24/2019 10:20:00 AM,0.3,M,CHLAC_UGL,"CHLOROPHYLL A, CORRECTED FOR PHEOPHYTIN",TOTAL,6.8,UG/L,,PRECISION DATA IS NOT AVAILABLE FOR AT LEAST ONE COMPONENT DUE TO THE SMALL AMOUNT OF ANALYTE IN THE QC SAMPLE. REFER TO QA REPORT FOR AVAILABLE PRECISION DATA.,6.8,UG/L
2003889,OKALOACOOCHEE BRANCH,WIN_21FLFTM,G3SD0099, OKALOACOOCHEE BRANCH @ EUCALYPTUS,G3SD0099,26.75602,-81.39836,3235O,6/24/2019 10:20:00 AM,0.3,M,CHLA_UGL,"CHLOROPHYLL A, UNCORRECTED FOR PHEOPHYTIN",TOTAL,8.2,UG/L,,PRECISION DATA IS NOT AVAILABLE FOR AT LEAST ONE COMPONENT DUE TO THE SMALL AMOUNT OF ANALYTE IN THE QC SAMPLE. REFER TO QA REPORT FOR AVAILABLE PRECISION DATA.,8.2,UG/L
2003889,OKALOACOOCHEE BRANCH,WIN_21FLFTM,G3SD0099, OKALOACOOCHEE BRANCH @ EUCALYPTUS,G3SD0099,26.75602,-81.39836,3235O,6/24/2019 10:20:00 AM,0.3,M,PHEO_UGL,PHEOPHYTIN-A,TOTAL,1.9,UG/L,I,PRECISION DATA IS NOT AVAILABLE FOR AT LEAST ONE COMPONENT DUE TO THE SMALL AMOUNT OF ANALYTE IN THE QC SAMPLE. REFER TO QA REPORT FOR AVAILABLE PRECISION DATA.,1.9,UG/L
2003889,OKALOACOOCHEE BRANCH,WIN_21FLFTM,G3SD0099, OKALOACOOCHEE BRANCH @ EUCALYPTUS,G3SD0099,26.75602,-81.39836,3235O,6/24/2019 10:20:00 AM,0.3,M,TP_UGL,PHOSPHORUS AS P,TOTAL,98,UG/L,,,0.098,MG/L
2003889,OKALOACOOCHEE BRANCH,WIN_21FLFTM,G3SD0099, OKALOACOOCHEE BRANCH @ EUCALYPTUS,G3SD0099,26.75602,-81.39836,3235O,6/24/2019 10:20:00 AM,0.3,M,OP_MGL,"PHOSPHORUS, PHOSPHATE (PO4) AS P",DISSOLVED,0.045,MG/L,,,0.045,MG/L
2003889,OKALOACOOCHEE BRANCH,WIN_21FLFTM,G3SD0099, OKALOACOOCHEE BRANCH @ EUCALYPTUS,G3SD0099,26.75602,-81.39836,3235O,7/15/2019 11:00:00 AM,0.1,M,24D_UGL,"2,4-DICHLOROPHENOXYACETIC ACID (2,4-D)",TOTAL,0.3,UG/L,,J - SECOND SOURCE CHECK STANDARDS FOR SOME ANALYTES WERE NOT AVAILABLE FOR ANALYSIS. MS ACCURACY FOR SOME ANALYTES IS NOT AVAILABLE DUE TO HIGH CONCENTRATION OF PARAMETER IN THE SPIKED SAMPLE.,0.3,UG/L
2003889,OKALOACOOCHEE BRANCH,WIN_21FLFTM,G3SD0099, OKALOACOOCHEE BRANCH @ EUCALYPTUS,G3SD0099,26.75602,-81.39836,3235O,7/15/2019 11:00:00 AM,0.1,M,CHLAC_UGL,"CHLOROPHYLL A, CORRECTED FOR PHEOPHYTIN",TOTAL,23,UG/L,A,,23,UG/L
2003889,OKALOACOOCHEE BRANCH,WIN_21FLFTM,G3SD0099, OKALOACOOCHEE BRANCH @ EUCALYPTUS,G3SD0099,26.75602,-81.39836,3235O,7/15/2019 11:00:00 AM,0.1,M,CHLA_UGL,"CHLOROPHYLL A, UNCORRECTED FOR PHEOPHYTIN",TOTAL,26,UG/L,A,,26,UG/L
2003889,OKALOACOOCHEE BRANCH,WIN_21FLFTM,G3SD0099, OKALOACOOCHEE BRANCH @ EUCALYPTUS,G3SD0099,26.75602,-81.39836,3235O,7/15/2019 11:00:00 AM,0.1,M,GLYPHOSATE_UGL,GLYPHOSATE (ROUNDUP),TOTAL,0.6,UG/L,,,0.6,UG/L
2003889,OKALOACOOCHEE BRANCH,WIN_21FLFTM,G3SD0099, OKALOACOOCHEE BRANCH @ EUCALYPTUS,G3SD0099,26.75602,-81.39836,3235O,7/15/2019 11:00:00 AM,0.1,M,PHEO_UGL,PHEOPHYTIN-A,TOTAL,3.1,UG/L,A,,3.1,UG/L
2003889,OKALOACOOCHEE BRANCH,WIN_21FLFTM,G3SD0099, OKALOACOOCHEE BRANCH @ EUCALYPTUS,G3SD0099,26.75602,-81.39836,3235O,7/15/2019 11:00:00 AM,0.1,M,TP_UGL,PHOSPHORUS AS P,TOTAL,86,UG/L,,,0.086,MG/L
2003889,OKALOACOOCHEE BRANCH,WIN_21FLFTM,G3SD0099, OKALOACOOCHEE BRANCH @ EUCALYPTUS,G3SD0099,26.75602,-81.39836,3235O,7/15/2019 11:00:00 AM,0.1,M,OP_MGL,"PHOSPHORUS, PHOSPHATE (PO4) AS P",DISSOLVED,0.036,MG/L,,,0.036,MG/L
2003889,OKALOACOOCHEE BRANCH,WIN_21FLFTM,G3SD0099, OKALOACOOCHEE BRANCH @ EUCALYPTUS,G3SD0099,26.75602,-81.39836,3235O,7/15/2019 11:00:00 AM,0.1,M,PH,PH,,7.42,NONE,,,7.42,NONE
2003889,OKALOACOOCHEE BRANCH,WIN_21FLFTM,G3SD0099, OKALOACOOCHEE BRANCH @ EUCALYPTUS,G3SD0099,26.75602,-81.39836,3235O,10-02-2019 10:25,0.1,M,24D_UGL,"2,4-DICHLOROPHENOXYACETIC ACID (2,4-D)",TOTAL,0.002,UG/L,U,J - SECOND SOURCE CHECK STANDARDS FOR SOME ANALYTES WERE NOT AVAILABLE FOR ANALYSIS. MS ACCURACY FOR SOME ANALYTES COULD NOT BE ASSESSED DUE TO HIGH CONCENTRATION OF PARAMETER IN THE SPIKED SAMPLE.,0.002,UG/L
2003889,OKALOACOOCHEE BRANCH,WIN_21FLFTM,G3SD0099, OKALOACOOCHEE BRANCH @ EUCALYPTUS,G3SD0099,26.75602,-81.39836,3235O,10-02-2019 10:25,0.1,M,CHLAC_UGL,"CHLOROPHYLL A, CORRECTED FOR PHEOPHYTIN",TOTAL,36,UG/L,,PRECISION DATA IS NOT AVAILABLE FOR AT LEAST ONE COMPONENT DUE TO THE SMALL AMOUNT OF ANALYTE IN THE QC SAMPLE. REFER TO QA REPORT FOR AVAILABLE PRECISION DATA.,36,UG/L
2003889,OKALOACOOCHEE BRANCH,WIN_21FLFTM,G3SD0099, OKALOACOOCHEE BRANCH @ EUCALYPTUS,G3SD0099,26.75602,-81.39836,3235O,10-02-2019 10:25,0.1,M,CHLA_UGL,"CHLOROPHYLL A, UNCORRECTED FOR PHEOPHYTIN",TOTAL,37,UG/L,,PRECISION DATA IS NOT AVAILABLE FOR AT LEAST ONE COMPONENT DUE TO THE SMALL AMOUNT OF ANALYTE IN THE QC SAMPLE. REFER TO QA REPORT FOR AVAILABLE PRECISION DATA.,37,UG/L
2003889,OKALOACOOCHEE BRANCH,WIN_21FLFTM,G3SD0099, OKALOACOOCHEE BRANCH @ EUCALYPTUS,G3SD0099,26.75602,-81.39836,3235O,10-02-2019 10:25,0.1,M,GLYPHOSATE_UGL,GLYPHOSATE (ROUNDUP),TOTAL,0.1,UG/L,U,,0.1,UG/L
2003889,OKALOACOOCHEE BRANCH,WIN_21FLFTM,G3SD0099, OKALOACOOCHEE BRANCH @ EUCALYPTUS,G3SD0099,26.75602,-81.39836,3235O,10-02-2019 10:25,0.1,M,PHEO_UGL,PHEOPHYTIN-A,TOTAL,2.2,UG/L,U,PRECISION DATA IS NOT AVAILABLE FOR AT LEAST ONE COMPONENT DUE TO THE SMALL AMOUNT OF ANALYTE IN THE QC SAMPLE. REFER TO QA REPORT FOR AVAILABLE PRECISION DATA.,2.2,UG/L
2003889,OKALOACOOCHEE BRANCH,WIN_21FLFTM,G3SD0099, OKALOACOOCHEE BRANCH @ EUCALYPTUS,G3SD0099,26.75602,-81.39836,3235O,10-02-2019 10:25,0.1,M,TP_UGL,PHOSPHORUS AS P,TOTAL,82,UG/L,,,0.082,MG/L
2003889,OKALOACOOCHEE BRANCH,WIN_21FLFTM,G3SD0099, OKALOACOOCHEE BRANCH @ EUCALYPTUS,G3SD0099,26.75602,-81.39836,3235O,10-02-2019 10:25,0.1,M,OP_MGL,"PHOSPHORUS, PHOSPHATE (PO4) AS P",DISSOLVED,0.028,MG/L,,,0.028,MG/L
2003889,OKALOACOOCHEE BRANCH,WIN_21FLFTM,G3SD0099, OKALOACOOCHEE BRANCH @ EUCALYPTUS,G3SD0099,26.75602,-81.39836,3235O,10-02-2019 10:25,0.1,M,PH,PH,,7.32,NONE,,,7.32,NONE
2003889,OKALOACOOCHEE BRANCH,STORET_21FLFTM,CALUSA0044FTM, OKALOACOOCHEE BRANCH AT EUCALYPTUS BLVD,CALUSA0044FTM,26.75183,-81.39468,3235O,2/14/2013 12:00:00 AM,0.152439,M,PH,PH,,7.6,NONE,,,7.6,NONE
2003889,OKALOACOOCHEE BRANCH,STORET_21FLFTM,CALUSA0044FTM, OKALOACOOCHEE BRANCH AT EUCALYPTUS BLVD,CALUSA0044FTM,26.75183,-81.39468,3235O,04-03-2013 0:00,0.152439,M,PH,PH,,7.52,NONE,,,7.52,NONE
2003889,OKALOACOOCHEE BRANCH,STORET_21FLFTM,CALUSA0044FTM, OKALOACOOCHEE BRANCH AT EUCALYPTUS BLVD,CALUSA0044FTM,26.75183,-81.39468,3235O,6/26/2013 12:00:00 AM,0.152439,M,PH,PH,,7.53,NONE,,,7.53,NONE
2003889,OKALOACOOCHEE BRANCH,STORET_21FLFTM,CALUSA0044FTM, OKALOACOOCHEE BRANCH AT EUCALYPTUS BLVD,CALUSA0044FTM,26.75183,-81.39468,3235O,8/20/2013 12:00:00 AM,0.152439,M,PH,PH,,7.12,NONE,,,7.12,NONE
2003889,OKALOACOOCHEE BRANCH,WIN_21FLFTM,CALUSA0051FTM, OKALOACOOCHEE BRANCH AT EUCALYPTUS BLVD,CALUSA0051FTM,26.75602,-81.39836,3235O,4/24/2017 10:50:00 AM,0.15,M,CHLAC_UGL,"CHLOROPHYLL A, CORRECTED FOR PHEOPHYTIN",TOTAL,14,UG/L,,PRECISION DATA IS NOT AVAILABLE FOR AT LEAST ONE COMPONENT DUE TO THE SMALL AMOUNT OF ANALYTE IN THE QC SAMPLE. REFER TO QA REPORT FOR AVAILABLE PRECISION DATA.,14,UG/L
2003889,OKALOACOOCHEE BRANCH,WIN_21FLFTM,CALUSA0051FTM, OKALOACOOCHEE BRANCH AT EUCALYPTUS BLVD,CALUSA0051FTM,26.75602,-81.39836,3235O,4/24/2017 10:50:00 AM,0.15,M,CHLA_UGL,"CHLOROPHYLL A, UNCORRECTED FOR PHEOPHYTIN",TOTAL,17,UG/L,,PRECISION DATA IS NOT AVAILABLE FOR AT LEAST ONE COMPONENT DUE TO THE SMALL AMOUNT OF ANALYTE IN THE QC SAMPLE. REFER TO QA REPORT FOR AVAILABLE PRECISION DATA.,17,UG/L
2003889,OKALOACOOCHEE BRANCH,WIN_21FLFTM,CALUSA0051FTM, OKALOACOOCHEE BRANCH AT EUCALYPTUS BLVD,CALUSA0051FTM,26.75602,-81.39836,3235O,4/24/2017 10:50:00 AM,0.15,M,PHEO_UGL,PHEOPHYTIN-A,TOTAL,5.5,UG/L,,PRECISION DATA IS NOT AVAILABLE FOR AT LEAST ONE COMPONENT DUE TO THE SMALL AMOUNT OF ANALYTE IN THE QC SAMPLE. REFER TO QA REPORT FOR AVAILABLE PRECISION DATA.,5.5,UG/L
2003889,OKALOACOOCHEE BRANCH,WIN_21FLFTM,CALUSA0051FTM, OKALOACOOCHEE BRANCH AT EUCALYPTUS BLVD,CALUSA0051FTM,26.75602,-81.39836,3235O,4/24/2017 10:50:00 AM,0.15,M,TP_UGL,PHOSPHORUS AS P,TOTAL,71,UG/L,,,0.071,MG/L
2003889,OKALOACOOCHEE BRANCH,WIN_21FLFTM,CALUSA0051FTM, OKALOACOOCHEE BRANCH AT EUCALYPTUS BLVD,CALUSA0051FTM,26.75602,-81.39836,3235O,4/24/2017 10:50:00 AM,0.15,M,OP_MGL,"PHOSPHORUS, PHOSPHATE (PO4) AS P",DISSOLVED,0.014,MG/L,,,0.014,MG/L
2003889,OKALOACOOCHEE BRANCH,WIN_21FLFTM,CALUSA0051FTM, OKALOACOOCHEE BRANCH AT EUCALYPTUS BLVD,CALUSA0051FTM,26.75602,-81.39836,3235O,4/24/2017 10:50:00 AM,0.15,M,PH,PH,,8,NONE,,,8,NONE
2003889,OKALOACOOCHEE BRANCH,WIN_21FLFTM,CALUSA0051FTM, OKALOACOOCHEE BRANCH AT EUCALYPTUS BLVD,CALUSA0051FTM,26.75602,-81.39836,3235O,07-12-2017 9:40,0.2,M,CHLAC_UGL,"CHLOROPHYLL A, CORRECTED FOR PHEOPHYTIN",TOTAL,3.1,UG/L,,,3.1,UG/L
2003889,OKALOACOOCHEE BRANCH,WIN_21FLFTM,CALUSA0051FTM, OKALOACOOCHEE BRANCH AT EUCALYPTUS BLVD,CALUSA0051FTM,26.75602,-81.39836,3235O,07-12-2017 9:40,0.2,M,CHLA_UGL,"CHLOROPHYLL A, UNCORRECTED FOR PHEOPHYTIN",TOTAL,5.4,UG/L,,,5.4,UG/L
2003889,OKALOACOOCHEE BRANCH,WIN_21FLFTM,CALUSA0051FTM, OKALOACOOCHEE BRANCH AT EUCALYPTUS BLVD,CALUSA0051FTM,26.75602,-81.39836,3235O,07-12-2017 9:40,0.2,M,PHEO_UGL,PHEOPHYTIN-A,TOTAL,3.7,UG/L,,,3.7,UG/L
2003889,OKALOACOOCHEE BRANCH,WIN_21FLFTM,CALUSA0051FTM, OKALOACOOCHEE BRANCH AT EUCALYPTUS BLVD,CALUSA0051FTM,26.75602,-81.39836,3235O,07-12-2017 9:40,0.2,M,TP_UGL,PHOSPHORUS AS P,TOTAL,86,UG/L,,,0.086,MG/L
2003889,OKALOACOOCHEE BRANCH,WIN_21FLFTM,CALUSA0051FTM, OKALOACOOCHEE BRANCH AT EUCALYPTUS BLVD,CALUSA0051FTM,26.75602,-81.39836,3235O,07-12-2017 9:40,0.2,M,OP_MGL,"PHOSPHORUS, PHOSPHATE (PO4) AS P",DISSOLVED,0.031,MG/L,,,0.031,MG/L
2003889,OKALOACOOCHEE BRANCH,WIN_21FLFTM,CALUSA0051FTM, OKALOACOOCHEE BRANCH AT EUCALYPTUS BLVD,CALUSA0051FTM,26.75602,-81.39836,3235O,07-12-2017 9:40,0.2,M,PH,PH,,7.5,NONE,,,7.5,NONE
2003889,OKALOACOOCHEE BRANCH,WIN_21FLFTM,CALUSA0051FTM, OKALOACOOCHEE BRANCH AT EUCALYPTUS BLVD,CALUSA0051FTM,26.75602,-81.39836,3235O,8/28/2017 11:00:00 AM,0.15,M,CHLAC_UGL,"CHLOROPHYLL A, CORRECTED FOR PHEOPHYTIN",TOTAL,1.4,UG/L,I,PRECISION DATA IS NOT AVAILABLE FOR AT LEAST ONE COMPONENT DUE TO THE SMALL AMOUNT OF ANALYTE IN THE QC SAMPLE. REFER TO QA REPORT FOR AVAILABLE PRECISION DATA.,1.4,UG/L
2003889,OKALOACOOCHEE BRANCH,WIN_21FLFTM,CALUSA0051FTM, OKALOACOOCHEE BRANCH AT EUCALYPTUS BLVD,CALUSA0051FTM,26.75602,-81.39836,3235O,8/28/2017 11:00:00 AM,0.15,M,CHLA_UGL,"CHLOROPHYLL A, UNCORRECTED FOR PHEOPHYTIN",TOTAL,1.9,UG/L,,PRECISION DATA IS NOT AVAILABLE FOR AT LEAST ONE COMPONENT DUE TO THE SMALL AMOUNT OF ANALYTE IN THE QC SAMPLE. REFER TO QA REPORT FOR AVAILABLE PRECISION DATA.,1.9,UG/L
2003889,OKALOACOOCHEE BRANCH,WIN_21FLFTM,CALUSA0051FTM, OKALOACOOCHEE BRANCH AT EUCALYPTUS BLVD,CALUSA0051FTM,26.75602,-81.39836,3235O,8/28/2017 11:00:00 AM,0.15,M,PHEO_UGL,PHEOPHYTIN-A,TOTAL,0.81,UG/L,I,PRECISION DATA IS NOT AVAILABLE FOR AT LEAST ONE COMPONENT DUE TO THE SMALL AMOUNT OF ANALYTE IN THE QC SAMPLE. REFER TO QA REPORT FOR AVAILABLE PRECISION DATA.,0.81,UG/L
2003889,OKALOACOOCHEE BRANCH,WIN_21FLFTM,CALUSA0051FTM, OKALOACOOCHEE BRANCH AT EUCALYPTUS BLVD,CALUSA0051FTM,26.75602,-81.39836,3235O,8/28/2017 11:00:00 AM,0.15,M,TP_UGL,PHOSPHORUS AS P,TOTAL,64,UG/L,,,0.064,MG/L
2003889,OKALOACOOCHEE BRANCH,WIN_21FLFTM,CALUSA0051FTM, OKALOACOOCHEE BRANCH AT EUCALYPTUS BLVD,CALUSA0051FTM,26.75602,-81.39836,3235O,8/28/2017 11:00:00 AM,0.15,M,OP_MGL,"PHOSPHORUS, PHOSPHATE (PO4) AS P",DISSOLVED,0.034,MG/L,,,0.034,MG/L
2003889,OKALOACOOCHEE BRANCH,WIN_21FLFTM,CALUSA0051FTM, OKALOACOOCHEE BRANCH AT EUCALYPTUS BLVD,CALUSA0051FTM,26.75602,-81.39836,3235O,8/28/2017 11:00:00 AM,0.15,M,PH,PH,,8,NONE,,,8,NONE
2003889,OKALOACOOCHEE BRANCH,WIN_21FLFTM,CALUSA0051FTM, OKALOACOOCHEE BRANCH AT EUCALYPTUS BLVD,CALUSA0051FTM,26.75602,-81.39836,3235O,10/17/2017 2:10:00 PM,0.2,M,CHLAC_UGL,"CHLOROPHYLL A, CORRECTED FOR PHEOPHYTIN",TOTAL,3.8,UG/L,,PRECISION DATA IS NOT AVAILABLE FOR AT LEAST ONE COMPONENT DUE TO THE SMALL AMOUNT OF ANALYTE IN THE QC SAMPLE. REFER TO QA REPORT FOR AVAILABLE PRECISION DATA.,3.8,UG/L
2003889,OKALOACOOCHEE BRANCH,WIN_21FLFTM,CALUSA0051FTM, OKALOACOOCHEE BRANCH AT EUCALYPTUS BLVD,CALUSA0051FTM,26.75602,-81.39836,3235O,10/17/2017 2:10:00 PM,0.2,M,CHLA_UGL,"CHLOROPHYLL A, UNCORRECTED FOR PHEOPHYTIN",TOTAL,4.6,UG/L,,PRECISION DATA IS NOT AVAILABLE FOR AT LEAST ONE COMPONENT DUE TO THE SMALL AMOUNT OF ANALYTE IN THE QC SAMPLE. REFER TO QA REPORT FOR AVAILABLE PRECISION DATA.,4.6,UG/L
2003889,OKALOACOOCHEE BRANCH,WIN_21FLFTM,CALUSA0051FTM, OKALOACOOCHEE BRANCH AT EUCALYPTUS BLVD,CALUSA0051FTM,26.75602,-81.39836,3235O,10/17/2017 2:10:00 PM,0.2,M,PHEO_UGL,PHEOPHYTIN-A,TOTAL,1.2,UG/L,,PRECISION DATA IS NOT AVAILABLE FOR AT LEAST ONE COMPONENT DUE TO THE SMALL AMOUNT OF ANALYTE IN THE QC SAMPLE. REFER TO QA REPORT FOR AVAILABLE PRECISION DATA.,1.2,UG/L
2003889,OKALOACOOCHEE BRANCH,WIN_21FLFTM,CALUSA0051FTM, OKALOACOOCHEE BRANCH AT EUCALYPTUS BLVD,CALUSA0051FTM,26.75602,-81.39836,3235O,10/17/2017 2:10:00 PM,0.2,M,TP_UGL,PHOSPHORUS AS P,TOTAL,170,UG/L,,,0.17,MG/L
2003889,OKALOACOOCHEE BRANCH,WIN_21FLFTM,CALUSA0051FTM, OKALOACOOCHEE BRANCH AT EUCALYPTUS BLVD,CALUSA0051FTM,26.75602,-81.39836,3235O,10/17/2017 2:10:00 PM,0.2,M,OP_MGL,"PHOSPHORUS, PHOSPHATE (PO4) AS P",DISSOLVED,0.13,MG/L,Q,O-PHOSPHATE-P:  THE SAMPLE EXPIRED UPON RECEIPT. BATCH MATRIX SPIKE RECOVERIES ARE UNAVAILABLE BECAUSE OF HIGH ANALYTE CONCENTRATION IN THE QC SAMPLE.,0.13,MG/L
2003889,OKALOACOOCHEE BRANCH,WIN_21FLFTM,CALUSA0051FTM, OKALOACOOCHEE BRANCH AT EUCALYPTUS BLVD,CALUSA0051FTM,26.75602,-81.39836,3235O,10/17/2017 2:10:00 PM,0.2,M,PH,PH,,7.3,NONE,,,7.3,NONE
2003889,OKALOACOOCHEE BRANCH,WIN_21FLFTM,CALUSA0051FTM, OKALOACOOCHEE BRANCH AT EUCALYPTUS BLVD,CALUSA0051FTM,26.75602,-81.39836,3235O,10/17/2017 2:15:00 PM,0.3,M,CHLAC_UGL,"CHLOROPHYLL A, CORRECTED FOR PHEOPHYTIN",TOTAL,2.2,UG/L,,PRECISION DATA IS NOT AVAILABLE FOR AT LEAST ONE COMPONENT DUE TO THE SMALL AMOUNT OF ANALYTE IN THE QC SAMPLE. REFER TO QA REPORT FOR AVAILABLE PRECISION DATA.,2.2,UG/L
2003889,OKALOACOOCHEE BRANCH,WIN_21FLFTM,CALUSA0051FTM, OKALOACOOCHEE BRANCH AT EUCALYPTUS BLVD,CALUSA0051FTM,26.75602,-81.39836,3235O,10/17/2017 2:15:00 PM,0.3,M,CHLA_UGL,"CHLOROPHYLL A, UNCORRECTED FOR PHEOPHYTIN",TOTAL,2.7,UG/L,,PRECISION DATA IS NOT AVAILABLE FOR AT LEAST ONE COMPONENT DUE TO THE SMALL AMOUNT OF ANALYTE IN THE QC SAMPLE. REFER TO QA REPORT FOR AVAILABLE PRECISION DATA.,2.7,UG/L
2003889,OKALOACOOCHEE BRANCH,WIN_21FLFTM,CALUSA0051FTM, OKALOACOOCHEE BRANCH AT EUCALYPTUS BLVD,CALUSA0051FTM,26.75602,-81.39836,3235O,10/17/2017 2:15:00 PM,0.3,M,PHEO_UGL,PHEOPHYTIN-A,TOTAL,0.8,UG/L,I,PRECISION DATA IS NOT AVAILABLE FOR AT LEAST ONE COMPONENT DUE TO THE SMALL AMOUNT OF ANALYTE IN THE QC SAMPLE. REFER TO QA REPORT FOR AVAILABLE PRECISION DATA.,0.8,UG/L
2003889,OKALOACOOCHEE BRANCH,WIN_21FLFTM,CALUSA0051FTM, OKALOACOOCHEE BRANCH AT EUCALYPTUS BLVD,CALUSA0051FTM,26.75602,-81.39836,3235O,10/17/2017 2:15:00 PM,0.3,M,TP_UGL,PHOSPHORUS AS P,TOTAL,190,UG/L,,,0.19,MG/L
2003889,OKALOACOOCHEE BRANCH,WIN_21FLFTM,CALUSA0051FTM, OKALOACOOCHEE BRANCH AT EUCALYPTUS BLVD,CALUSA0051FTM,26.75602,-81.39836,3235O,10/17/2017 2:15:00 PM,0.3,M,OP_MGL,"PHOSPHORUS, PHOSPHATE (PO4) AS P",DISSOLVED,0.15,MG/L,Q,O-PHOSPHATE-P:  THE SAMPLE EXPIRED UPON RECEIPT. BATCH MATRIX SPIKE RECOVERIES ARE UNAVAILABLE BECAUSE OF HIGH ANALYTE CONCENTRATION IN THE QC SAMPLE.,0.15,MG/L
2003889,OKALOACOOCHEE BRANCH,WIN_21FLFTM,CALUSA0051FTM, OKALOACOOCHEE BRANCH AT EUCALYPTUS BLVD,CALUSA0051FTM,26.75602,-81.39836,3235O,11/14/2017 1:50:00 PM,0.1,M,CHLAC_UGL,"CHLOROPHYLL A, CORRECTED FOR PHEOPHYTIN",TOTAL,1.9,UG/L,,PRECISION DATA IS NOT AVAILABLE FOR AT LEAST ONE COMPONENT DUE TO THE SMALL AMOUNT OF ANALYTE IN THE QC SAMPLE. REFER TO QA REPORT FOR AVAILABLE PRECISION DATA.,1.9,UG/L
2003889,OKALOACOOCHEE BRANCH,WIN_21FLFTM,CALUSA0051FTM, OKALOACOOCHEE BRANCH AT EUCALYPTUS BLVD,CALUSA0051FTM,26.75602,-81.39836,3235O,11/14/2017 1:50:00 PM,0.1,M,CHLA_UGL,"CHLOROPHYLL A, UNCORRECTED FOR PHEOPHYTIN",TOTAL,2.5,UG/L,,PRECISION DATA IS NOT AVAILABLE FOR AT LEAST ONE COMPONENT DUE TO THE SMALL AMOUNT OF ANALYTE IN THE QC SAMPLE. REFER TO QA REPORT FOR AVAILABLE PRECISION DATA.,2.5,UG/L
2003889,OKALOACOOCHEE BRANCH,WIN_21FLFTM,CALUSA0051FTM, OKALOACOOCHEE BRANCH AT EUCALYPTUS BLVD,CALUSA0051FTM,26.75602,-81.39836,3235O,11/14/2017 1:50:00 PM,0.1,M,PHEO_UGL,PHEOPHYTIN-A,TOTAL,0.87,UG/L,I,PRECISION DATA IS NOT AVAILABLE FOR AT LEAST ONE COMPONENT DUE TO THE SMALL AMOUNT OF ANALYTE IN THE QC SAMPLE. REFER TO QA REPORT FOR AVAILABLE PRECISION DATA.,0.87,UG/L
2003889,OKALOACOOCHEE BRANCH,WIN_21FLFTM,CALUSA0051FTM, OKALOACOOCHEE BRANCH AT EUCALYPTUS BLVD,CALUSA0051FTM,26.75602,-81.39836,3235O,11/14/2017 1:50:00 PM,0.1,M,TP_UGL,PHOSPHORUS AS P,TOTAL,90,UG/L,,,0.09,MG/L
2003889,OKALOACOOCHEE BRANCH,WIN_21FLFTM,CALUSA0051FTM, OKALOACOOCHEE BRANCH AT EUCALYPTUS BLVD,CALUSA0051FTM,26.75602,-81.39836,3235O,11/14/2017 1:50:00 PM,0.1,M,OP_MGL,"PHOSPHORUS, PHOSPHATE (PO4) AS P",DISSOLVED,0.07,MG/L,,,0.07,MG/L
2003889,OKALOACOOCHEE BRANCH,WIN_21FLFTM,CALUSA0051FTM, OKALOACOOCHEE BRANCH AT EUCALYPTUS BLVD,CALUSA0051FTM,26.75602,-81.39836,3235O,11/14/2017 1:50:00 PM,0.1,M,PH,PH,,7.4,NONE,,,7.4,NONE
2003889,OKALOACOOCHEE BRANCH,STORET_21FLFTM,CALUSA0051FTM, OKALOACOOCHEE BRANCH AT EUCALYPTUS BLVD.,CALUSA0051FTM,26.75601,-81.39836,3235O,2/14/2013 12:00:00 AM,0.152439,M,PH,PH,,7.75,NONE,,,7.75,NONE
2003889,OKALOACOOCHEE BRANCH,STORET_21FLFTM,CALUSA0051FTM, OKALOACOOCHEE BRANCH AT EUCALYPTUS BLVD.,CALUSA0051FTM,26.75601,-81.39836,3235O,04-03-2013 0:00,0.152439,M,PH,PH,,7.68,NONE,,,7.68,NONE
2003889,OKALOACOOCHEE BRANCH,STORET_21FLFTM,CALUSA0051FTM, OKALOACOOCHEE BRANCH AT EUCALYPTUS BLVD.,CALUSA0051FTM,26.75601,-81.39836,3235O,6/26/2013 12:00:00 AM,0.152439,M,PH,PH,,7.58,NONE,,,7.58,NONE
2003889,OKALOACOOCHEE BRANCH,STORET_21FLFTM,CALUSA0051FTM, OKALOACOOCHEE BRANCH AT EUCALYPTUS BLVD.,CALUSA0051FTM,26.75601,-81.39836,3235O,8/20/2013 12:00:00 AM,0.152439,M,PH,PH,,7.11,NONE,,,7.11,NONE
2003889,OKALOACOOCHEE BRANCH,STORET_21FLFTM,CALUSA0051FTM, OKALOACOOCHEE BRANCH AT EUCALYPTUS BLVD.,CALUSA0051FTM,26.75601,-81.39836,3235O,9/19/2013 12:00:00 AM,0.152439,M,PH,PH,,7.29,NONE,,,7.29,NONE
2003889,OKALOACOOCHEE BRANCH,STORET_21FLFTM,CALUSA0051FTM, OKALOACOOCHEE BRANCH AT EUCALYPTUS BLVD.,CALUSA0051FTM,26.75601,-81.39836,3235O,10/16/2013 12:00:00 AM,0.152439,M,PH,PH,,7.24,NONE,,,7.24,NONE
2003889,OKALOACOOCHEE BRANCH,STORET_21FLFTM,CALUSA0051FTM, OKALOACOOCHEE BRANCH AT EUCALYPTUS BLVD.,CALUSA0051FTM,26.75601,-81.39836,3235O,3/15/2016 12:00:00 AM,0.3,M,OP_MGL,"PHOSPHORUS, PHOSPHATE (PO4) AS P",DISSOLVED,0.019,MG/L,,,0.019,MG/L
2003889,OKALOACOOCHEE BRANCH,STORET_21FLFTM,CALUSA0051FTM, OKALOACOOCHEE BRANCH AT EUCALYPTUS BLVD.,CALUSA0051FTM,26.75601,-81.39836,3235O,3/15/2016 12:00:00 AM,0.3,M,TP_UGL,PHOSPHORUS AS P,TOTAL,44,UG/L,,TOTAL-P:  MATRIX SPIKE RECOVERY DATA IS UNAVAILABL,0.044,MG/L
2003889,OKALOACOOCHEE BRANCH,STORET_21FLFTM,CALUSA0051FTM, OKALOACOOCHEE BRANCH AT EUCALYPTUS BLVD.,CALUSA0051FTM,26.75601,-81.39836,3235O,3/15/2016 12:00:00 AM,0.3,M,PHEO_UGL,PHEOPHYTIN-A,TOTAL,0.69,UG/L,I,**I**,0.69,UG/L
2003889,OKALOACOOCHEE BRANCH,STORET_21FLFTM,CALUSA0051FTM, OKALOACOOCHEE BRANCH AT EUCALYPTUS BLVD.,CALUSA0051FTM,26.75601,-81.39836,3235O,3/15/2016 12:00:00 AM,0.3,M,PH,PH,,7.7,NONE,,,7.7,NONE
2003889,OKALOACOOCHEE BRANCH,STORET_21FLFTM,CALUSA0051FTM, OKALOACOOCHEE BRANCH AT EUCALYPTUS BLVD.,CALUSA0051FTM,26.75601,-81.39836,3235O,3/15/2016 12:00:00 AM,0.3,M,CHLA_UGL,"CHLOROPHYLL A, UNCORRECTED FOR PHEOPHYTIN",TOTAL,1.2,UG/L,I,**I**,1.2,UG/L
2003889,OKALOACOOCHEE BRANCH,STORET_21FLFTM,CALUSA0051FTM, OKALOACOOCHEE BRANCH AT EUCALYPTUS BLVD.,CALUSA0051FTM,26.75601,-81.39836,3235O,3/15/2016 12:00:00 AM,0.3,M,CHLAC_UGL,"CHLOROPHYLL A, CORRECTED FOR PHEOPHYTIN",TOTAL,0.71,UG/L,I,**I**,0.71,UG/L
2003889,OKALOACOOCHEE BRANCH,STORET_21FLFTM,CALUSA0051FTM, OKALOACOOCHEE BRANCH AT EUCALYPTUS BLVD.,CALUSA0051FTM,26.75601,-81.39836,3235O,6/27/2016 12:00:00 AM,0.3,M,CHLAC_UGL,"CHLOROPHYLL A, CORRECTED FOR PHEOPHYTIN",TOTAL,12,UG/L,,,12,UG/L
2003889,OKALOACOOCHEE BRANCH,STORET_21FLFTM,CALUSA0051FTM, OKALOACOOCHEE BRANCH AT EUCALYPTUS BLVD.,CALUSA0051FTM,26.75601,-81.39836,3235O,6/27/2016 12:00:00 AM,0.3,M,CHLA_UGL,"CHLOROPHYLL A, UNCORRECTED FOR PHEOPHYTIN",TOTAL,15,UG/L,,,15,UG/L
2003889,OKALOACOOCHEE BRANCH,STORET_21FLFTM,CALUSA0051FTM, OKALOACOOCHEE BRANCH AT EUCALYPTUS BLVD.,CALUSA0051FTM,26.75601,-81.39836,3235O,6/27/2016 12:00:00 AM,0.3,M,PH,PH,,7.3,NONE,,,7.3,NONE
2003889,OKALOACOOCHEE BRANCH,STORET_21FLFTM,CALUSA0051FTM, OKALOACOOCHEE BRANCH AT EUCALYPTUS BLVD.,CALUSA0051FTM,26.75601,-81.39836,3235O,6/27/2016 12:00:00 AM,0.3,M,PHEO_UGL,PHEOPHYTIN-A,TOTAL,3.5,UG/L,,,3.5,UG/L
2003889,OKALOACOOCHEE BRANCH,STORET_21FLFTM,CALUSA0051FTM, OKALOACOOCHEE BRANCH AT EUCALYPTUS BLVD.,CALUSA0051FTM,26.75601,-81.39836,3235O,6/27/2016 12:00:00 AM,0.3,M,TP_UGL,PHOSPHORUS AS P,TOTAL,180,UG/L,,,0.18,MG/L
2003889,OKALOACOOCHEE BRANCH,STORET_21FLFTM,CALUSA0051FTM, OKALOACOOCHEE BRANCH AT EUCALYPTUS BLVD.,CALUSA0051FTM,26.75601,-81.39836,3235O,6/27/2016 12:00:00 AM,0.3,M,OP_MGL,"PHOSPHORUS, PHOSPHATE (PO4) AS P",DISSOLVED,0.11,MG/L,,,0.11,MG/L
2003889,OKALOACOOCHEE BRANCH,STORET_21FLFTM,CALUSA0051FTM, OKALOACOOCHEE BRANCH AT EUCALYPTUS BLVD.,CALUSA0051FTM,26.75601,-81.39836,3235O,9/20/2016 12:00:00 AM,0.3,M,CHLAC_UGL,"CHLOROPHYLL A, CORRECTED FOR PHEOPHYTIN",TOTAL,4.6,UG/L,,PRECISION DATA IS NOT AVAILABLE FOR AT LEAST ONE C,4.6,UG/L
2003889,OKALOACOOCHEE BRANCH,STORET_21FLFTM,CALUSA0051FTM, OKALOACOOCHEE BRANCH AT EUCALYPTUS BLVD.,CALUSA0051FTM,26.75601,-81.39836,3235O,9/20/2016 12:00:00 AM,0.3,M,CHLA_UGL,"CHLOROPHYLL A, UNCORRECTED FOR PHEOPHYTIN",TOTAL,5.6,UG/L,,PRECISION DATA IS NOT AVAILABLE FOR AT LEAST ONE C,5.6,UG/L
2003889,OKALOACOOCHEE BRANCH,STORET_21FLFTM,CALUSA0051FTM, OKALOACOOCHEE BRANCH AT EUCALYPTUS BLVD.,CALUSA0051FTM,26.75601,-81.39836,3235O,9/20/2016 12:00:00 AM,0.3,M,PH,PH,,7.2,NONE,,,7.2,NONE
2003889,OKALOACOOCHEE BRANCH,STORET_21FLFTM,CALUSA0051FTM, OKALOACOOCHEE BRANCH AT EUCALYPTUS BLVD.,CALUSA0051FTM,26.75601,-81.39836,3235O,9/20/2016 12:00:00 AM,0.3,M,PHEO_UGL,PHEOPHYTIN-A,TOTAL,1.5,UG/L,,PRECISION DATA IS NOT AVAILABLE FOR AT LEAST ONE C,1.5,UG/L
2003889,OKALOACOOCHEE BRANCH,STORET_21FLFTM,CALUSA0051FTM, OKALOACOOCHEE BRANCH AT EUCALYPTUS BLVD.,CALUSA0051FTM,26.75601,-81.39836,3235O,9/20/2016 12:00:00 AM,0.3,M,TP_UGL,PHOSPHORUS AS P,TOTAL,170,UG/L,,,0.17,MG/L
2003889,OKALOACOOCHEE BRANCH,STORET_21FLFTM,CALUSA0051FTM, OKALOACOOCHEE BRANCH AT EUCALYPTUS BLVD.,CALUSA0051FTM,26.75601,-81.39836,3235O,9/20/2016 12:00:00 AM,0.3,M,OP_MGL,"PHOSPHORUS, PHOSPHATE (PO4) AS P",DISSOLVED,0.13,MG/L,,,0.13,MG/L
2003889,OKALOACOOCHEE BRANCH,STORET_21FLFTM,CALUSA0051FTM, OKALOACOOCHEE BRANCH AT EUCALYPTUS BLVD.,CALUSA0051FTM,26.75601,-81.39836,3235O,10/18/2016 12:00:00 AM,0.3,M,CHLAC_UGL,"CHLOROPHYLL A, CORRECTED FOR PHEOPHYTIN",TOTAL,3.4,UG/L,,PRECISION DATA IS NOT AVAILABLE FOR AT LEAST ONE C,3.4,UG/L
2003889,OKALOACOOCHEE BRANCH,STORET_21FLFTM,CALUSA0051FTM, OKALOACOOCHEE BRANCH AT EUCALYPTUS BLVD.,CALUSA0051FTM,26.75601,-81.39836,3235O,10/18/2016 12:00:00 AM,0.3,M,CHLA_UGL,"CHLOROPHYLL A, UNCORRECTED FOR PHEOPHYTIN",TOTAL,4.5,UG/L,,PRECISION DATA IS NOT AVAILABLE FOR AT LEAST ONE C,4.5,UG/L
2003889,OKALOACOOCHEE BRANCH,STORET_21FLFTM,CALUSA0051FTM, OKALOACOOCHEE BRANCH AT EUCALYPTUS BLVD.,CALUSA0051FTM,26.75601,-81.39836,3235O,10/18/2016 12:00:00 AM,0.3,M,PH,PH,,7.2,NONE,,,7.2,NONE
2003889,OKALOACOOCHEE BRANCH,STORET_21FLFTM,CALUSA0051FTM, OKALOACOOCHEE BRANCH AT EUCALYPTUS BLVD.,CALUSA0051FTM,26.75601,-81.39836,3235O,10/18/2016 12:00:00 AM,0.3,M,PHEO_UGL,PHEOPHYTIN-A,TOTAL,1.5,UG/L,,PRECISION DATA IS NOT AVAILABLE FOR AT LEAST ONE C,1.5,UG/L
2003889,OKALOACOOCHEE BRANCH,STORET_21FLFTM,CALUSA0051FTM, OKALOACOOCHEE BRANCH AT EUCALYPTUS BLVD.,CALUSA0051FTM,26.75601,-81.39836,3235O,10/18/2016 12:00:00 AM,0.3,M,TP_UGL,PHOSPHORUS AS P,TOTAL,95,UG/L,,,0.095,MG/L
2003889,OKALOACOOCHEE BRANCH,STORET_21FLFTM,CALUSA0051FTM, OKALOACOOCHEE BRANCH AT EUCALYPTUS BLVD.,CALUSA0051FTM,26.75601,-81.39836,3235O,10/18/2016 12:00:00 AM,0.3,M,OP_MGL,"PHOSPHORUS, PHOSPHATE (PO4) AS P",DISSOLVED,0.057,MG/L,,,0.057,MG/L
2003889,OKALOACOOCHEE BRANCH,STORET_21FLFTM,CALUSA0051FTM, OKALOACOOCHEE BRANCH AT EUCALYPTUS BLVD.,CALUSA0051FTM,26.75601,-81.39836,3235O,12/14/2016 12:00:00 AM,0.3,M,CHLAC_UGL,"CHLOROPHYLL A, CORRECTED FOR PHEOPHYTIN",TOTAL,3.4,UG/L,,,3.4,UG/L
2003889,OKALOACOOCHEE BRANCH,STORET_21FLFTM,CALUSA0051FTM, OKALOACOOCHEE BRANCH AT EUCALYPTUS BLVD.,CALUSA0051FTM,26.75601,-81.39836,3235O,12/14/2016 12:00:00 AM,0.3,M,CHLA_UGL,"CHLOROPHYLL A, UNCORRECTED FOR PHEOPHYTIN",TOTAL,5.5,UG/L,,,5.5,UG/L
2003889,OKALOACOOCHEE BRANCH,STORET_21FLFTM,CALUSA0051FTM, OKALOACOOCHEE BRANCH AT EUCALYPTUS BLVD.,CALUSA0051FTM,26.75601,-81.39836,3235O,12/14/2016 12:00:00 AM,0.3,M,PH,PH,,7.6,NONE,,,7.6,NONE
2003889,OKALOACOOCHEE BRANCH,STORET_21FLFTM,CALUSA0051FTM, OKALOACOOCHEE BRANCH AT EUCALYPTUS BLVD.,CALUSA0051FTM,26.75601,-81.39836,3235O,12/14/2016 12:00:00 AM,0.3,M,PHEO_UGL,PHEOPHYTIN-A,TOTAL,3.2,UG/L,,,3.2,UG/L
2003889,OKALOACOOCHEE BRANCH,STORET_21FLFTM,CALUSA0051FTM, OKALOACOOCHEE BRANCH AT EUCALYPTUS BLVD.,CALUSA0051FTM,26.75601,-81.39836,3235O,12/14/2016 12:00:00 AM,0.3,M,TP_UGL,PHOSPHORUS AS P,TOTAL,64,UG/L,,TOTAL-P:  BATCH MATRIX SPIKE RECOVERIES ARE UNAVAI,0.064,MG/L
2003889,OKALOACOOCHEE BRANCH,STORET_21FLFTM,CALUSA0051FTM, OKALOACOOCHEE BRANCH AT EUCALYPTUS BLVD.,CALUSA0051FTM,26.75601,-81.39836,3235O,12/14/2016 12:00:00 AM,0.3,M,OP_MGL,"PHOSPHORUS, PHOSPHATE (PO4) AS P",DISSOLVED,0.019,MG/L,,,0.019,MG/L
2003889,OKALOACOOCHEE BRANCH,STORET_21FLFTM,CALUSA0051FTM, OKALOACOOCHEE BRANCH AT EUCALYPTUS BLVD.,CALUSA0051FTM,26.75601,-81.39836,3235O,07-12-2017 0:00,0.2,M,CHLAC_UGL,"CHLOROPHYLL A, CORRECTED FOR PHEOPHYTIN",TOTAL,3.1,UG/L,,,3.1,UG/L
2003889,OKALOACOOCHEE BRANCH,STORET_21FLFTM,CALUSA0051FTM, OKALOACOOCHEE BRANCH AT EUCALYPTUS BLVD.,CALUSA0051FTM,26.75601,-81.39836,3235O,07-12-2017 0:00,0.2,M,CHLA_UGL,"CHLOROPHYLL A, UNCORRECTED FOR PHEOPHYTIN",TOTAL,5.4,UG/L,,,5.4,UG/L
2003889,OKALOACOOCHEE BRANCH,STORET_21FLFTM,CALUSA0051FTM, OKALOACOOCHEE BRANCH AT EUCALYPTUS BLVD.,CALUSA0051FTM,26.75601,-81.39836,3235O,07-12-2017 0:00,0.2,M,PH,PH,,7.5,NONE,,,7.5,NONE
2003889,OKALOACOOCHEE BRANCH,STORET_21FLFTM,CALUSA0051FTM, OKALOACOOCHEE BRANCH AT EUCALYPTUS BLVD.,CALUSA0051FTM,26.75601,-81.39836,3235O,07-12-2017 0:00,0.2,M,PHEO_UGL,PHEOPHYTIN-A,TOTAL,3.7,UG/L,,,3.7,UG/L
2003889,OKALOACOOCHEE BRANCH,STORET_21FLFTM,CALUSA0051FTM, OKALOACOOCHEE BRANCH AT EUCALYPTUS BLVD.,CALUSA0051FTM,26.75601,-81.39836,3235O,07-12-2017 0:00,0.2,M,TP_UGL,PHOSPHORUS AS P,TOTAL,86,UG/L,,,0.086,MG/L
2003889,OKALOACOOCHEE BRANCH,STORET_21FLFTM,CALUSA0051FTM, OKALOACOOCHEE BRANCH AT EUCALYPTUS BLVD.,CALUSA0051FTM,26.75601,-81.39836,3235O,07-12-2017 0:00,0.2,M,OP_MGL,"PHOSPHORUS, PHOSPHATE (PO4) AS P",DISSOLVED,0.031,MG/L,,,0.031,MG/L
2003889,OKALOACOOCHEE BRANCH,STORET_21FLSFWM,CR-22.0T," OKALOACOOCHEE BRANCH AT S.R.80,PORT LABELLE",CR-22.0T,26.7627778,-81.4,3235O,01-11-1978 0:00,0.5,M,CHLA_UGL,"CHLOROPHYLL A, UNCORRECTED FOR PHEOPHYTIN",TOTAL,7.9,UG/L,,,7.9,MG/M3
2003889,OKALOACOOCHEE BRANCH,STORET_21FLSFWM,CR-22.0T," OKALOACOOCHEE BRANCH AT S.R.80,PORT LABELLE",CR-22.0T,26.7627778,-81.4,3235O,01-11-1978 0:00,0.5,M,PH,PH,TOTAL,7.72,NONE,,,7.72,NONE
2003889,OKALOACOOCHEE BRANCH,STORET_21FLSFWM,CR-22.0T," OKALOACOOCHEE BRANCH AT S.R.80,PORT LABELLE",CR-22.0T,26.7627778,-81.4,3235O,01-11-1978 0:00,0.5,M,PHEO_UGL,PHEOPHYTIN-A,TOTAL,3.4,UG/L,,,3.4,MG/M3
2003889,OKALOACOOCHEE BRANCH,STORET_21FLSFWM,CR-22.0T," OKALOACOOCHEE BRANCH AT S.R.80,PORT LABELLE",CR-22.0T,26.7627778,-81.4,3235O,01-11-1978 0:00,0.5,M,TP_UGL,PHOSPHORUS AS P,DISSOLVED,15,UG/L,,,0.015,MG/L
2003889,OKALOACOOCHEE BRANCH,STORET_21FLSFWM,CR-22.0T," OKALOACOOCHEE BRANCH AT S.R.80,PORT LABELLE",CR-22.0T,26.7627778,-81.4,3235O,01-11-1978 0:00,0.5,M,TP_UGL,PHOSPHORUS AS P,TOTAL,25,UG/L,,,0.025,MG/L
2003889,OKALOACOOCHEE BRANCH,STORET_21FLSFWM,CR-22.0T," OKALOACOOCHEE BRANCH AT S.R.80,PORT LABELLE",CR-22.0T,26.7627778,-81.4,3235O,1/20/1978 12:00:00 AM,0.5,M,TP_UGL,PHOSPHORUS AS P,DISSOLVED,9,UG/L,,,0.009,MG/L
2003889,OKALOACOOCHEE BRANCH,STORET_21FLSFWM,CR-22.0T," OKALOACOOCHEE BRANCH AT S.R.80,PORT LABELLE",CR-22.0T,26.7627778,-81.4,3235O,1/20/1978 12:00:00 AM,0.5,M,TP_UGL,PHOSPHORUS AS P,TOTAL,27,UG/L,,,0.027,MG/L
2003889,OKALOACOOCHEE BRANCH,STORET_21FLSFWM,CR-22.0T," OKALOACOOCHEE BRANCH AT S.R.80,PORT LABELLE",CR-22.0T,26.7627778,-81.4,3235O,02-08-1978 0:00,0.5,M,CHLA_UGL,"CHLOROPHYLL A, UNCORRECTED FOR PHEOPHYTIN",TOTAL,6.8,UG/L,,,6.8,MG/M3
2003889,OKALOACOOCHEE BRANCH,STORET_21FLSFWM,CR-22.0T," OKALOACOOCHEE BRANCH AT S.R.80,PORT LABELLE",CR-22.0T,26.7627778,-81.4,3235O,02-08-1978 0:00,0.5,M,PH,PH,TOTAL,7.61,NONE,,,7.61,NONE
2003889,OKALOACOOCHEE BRANCH,STORET_21FLSFWM,CR-22.0T," OKALOACOOCHEE BRANCH AT S.R.80,PORT LABELLE",CR-22.0T,26.7627778,-81.4,3235O,02-08-1978 0:00,0.5,M,PHEO_UGL,PHEOPHYTIN-A,TOTAL,4.8,UG/L,,,4.8,MG/M3
2003889,OKALOACOOCHEE BRANCH,STORET_21FLSFWM,CR-22.0T," OKALOACOOCHEE BRANCH AT S.R.80,PORT LABELLE",CR-22.0T,26.7627778,-81.4,3235O,02-08-1978 0:00,0.5,M,TP_UGL,PHOSPHORUS AS P,DISSOLVED,10,UG/L,,,0.01,MG/L
2003889,OKALOACOOCHEE BRANCH,STORET_21FLSFWM,CR-22.0T," OKALOACOOCHEE BRANCH AT S.R.80,PORT LABELLE",CR-22.0T,26.7627778,-81.4,3235O,02-08-1978 0:00,0.5,M,TP_UGL,PHOSPHORUS AS P,TOTAL,19,UG/L,,,0.019,MG/L
2003889,OKALOACOOCHEE BRANCH,STORET_21FLSFWM,CR-22.0T," OKALOACOOCHEE BRANCH AT S.R.80,PORT LABELLE",CR-22.0T,26.7627778,-81.4,3235O,02-08-1978 0:00,0.5,M,OP_MGL,"PHOSPHORUS, PHOSPHATE (PO4) AS P",TOTAL,0.002,MG/L,,,0.002,MG/L
2003889,OKALOACOOCHEE BRANCH,STORET_21FLSFWM,CR-22.0T," OKALOACOOCHEE BRANCH AT S.R.80,PORT LABELLE",CR-22.0T,26.7627778,-81.4,3235O,03-08-1978 0:00,0.5,M,CHLA_UGL,"CHLOROPHYLL A, UNCORRECTED FOR PHEOPHYTIN",TOTAL,1,UG/L,,,1,MG/M3
2003889,OKALOACOOCHEE BRANCH,STORET_21FLSFWM,CR-22.0T," OKALOACOOCHEE BRANCH AT S.R.80,PORT LABELLE",CR-22.0T,26.7627778,-81.4,3235O,03-08-1978 0:00,0.5,M,PH,PH,TOTAL,7.72,NONE,,,7.72,NONE
2003889,OKALOACOOCHEE BRANCH,STORET_21FLSFWM,CR-22.0T," OKALOACOOCHEE BRANCH AT S.R.80,PORT LABELLE",CR-22.0T,26.7627778,-81.4,3235O,03-08-1978 0:00,0.5,M,PHEO_UGL,PHEOPHYTIN-A,TOTAL,0.1,UG/L,,,0.1,MG/M3
2003889,OKALOACOOCHEE BRANCH,STORET_21FLSFWM,CR-22.0T," OKALOACOOCHEE BRANCH AT S.R.80,PORT LABELLE",CR-22.0T,26.7627778,-81.4,3235O,03-08-1978 0:00,0.5,M,TP_UGL,PHOSPHORUS AS P,DISSOLVED,10,UG/L,,,0.01,MG/L
2003889,OKALOACOOCHEE BRANCH,STORET_21FLSFWM,CR-22.0T," OKALOACOOCHEE BRANCH AT S.R.80,PORT LABELLE",CR-22.0T,26.7627778,-81.4,3235O,03-08-1978 0:00,0.5,M,TP_UGL,PHOSPHORUS AS P,TOTAL,17,UG/L,,,0.017,MG/L
2003889,OKALOACOOCHEE BRANCH,STORET_21FLSFWM,CR-22.0T," OKALOACOOCHEE BRANCH AT S.R.80,PORT LABELLE",CR-22.0T,26.7627778,-81.4,3235O,04-04-1978 0:00,0.5,M,CHLA_UGL,"CHLOROPHYLL A, UNCORRECTED FOR PHEOPHYTIN",TOTAL,4.2,UG/L,,,4.2,MG/M3
2003889,OKALOACOOCHEE BRANCH,STORET_21FLSFWM,CR-22.0T," OKALOACOOCHEE BRANCH AT S.R.80,PORT LABELLE",CR-22.0T,26.7627778,-81.4,3235O,04-04-1978 0:00,0.5,M,PHEO_UGL,PHEOPHYTIN-A,TOTAL,2.8,UG/L,,,2.8,MG/M3
2003889,OKALOACOOCHEE BRANCH,STORET_21FLSFWM,CR-22.0T," OKALOACOOCHEE BRANCH AT S.R.80,PORT LABELLE",CR-22.0T,26.7627778,-81.4,3235O,04-05-1978 0:00,0.5,M,PH,PH,TOTAL,7.58,NONE,,,7.58,NONE
2003889,OKALOACOOCHEE BRANCH,STORET_21FLSFWM,CR-22.0T," OKALOACOOCHEE BRANCH AT S.R.80,PORT LABELLE",CR-22.0T,26.7627778,-81.4,3235O,04-05-1978 0:00,0.5,M,TP_UGL,PHOSPHORUS AS P,DISSOLVED,9,UG/L,,,0.009,MG/L
2003889,OKALOACOOCHEE BRANCH,STORET_21FLSFWM,CR-22.0T," OKALOACOOCHEE BRANCH AT S.R.80,PORT LABELLE",CR-22.0T,26.7627778,-81.4,3235O,04-05-1978 0:00,0.5,M,TP_UGL,PHOSPHORUS AS P,TOTAL,21,UG/L,,,0.021,MG/L
2003889,OKALOACOOCHEE BRANCH,STORET_21FLSFWM,CR-22.0T," OKALOACOOCHEE BRANCH AT S.R.80,PORT LABELLE",CR-22.0T,26.7627778,-81.4,3235O,4/19/1978 12:00:00 AM,0.5,M,CHLA_UGL,"CHLOROPHYLL A, UNCORRECTED FOR PHEOPHYTIN",TOTAL,3.6,UG/L,,,3.6,MG/M3
2003889,OKALOACOOCHEE BRANCH,STORET_21FLSFWM,CR-22.0T," OKALOACOOCHEE BRANCH AT S.R.80,PORT LABELLE",CR-22.0T,26.7627778,-81.4,3235O,4/19/1978 12:00:00 AM,0.5,M,PHEO_UGL,PHEOPHYTIN-A,TOTAL,0.9,UG/L,,,0.9,MG/M3
2003889,OKALOACOOCHEE BRANCH,STORET_21FLSFWM,CR-22.0T," OKALOACOOCHEE BRANCH AT S.R.80,PORT LABELLE",CR-22.0T,26.7627778,-81.4,3235O,4/19/1978 12:00:00 AM,0.5,M,TP_UGL,PHOSPHORUS AS P,DISSOLVED,8,UG/L,,,0.008,MG/L
2003889,OKALOACOOCHEE BRANCH,STORET_21FLSFWM,CR-22.0T," OKALOACOOCHEE BRANCH AT S.R.80,PORT LABELLE",CR-22.0T,26.7627778,-81.4,3235O,4/19/1978 12:00:00 AM,0.5,M,TP_UGL,PHOSPHORUS AS P,TOTAL,18,UG/L,,,0.018,MG/L
2003889,OKALOACOOCHEE BRANCH,STORET_21FLSFWM,CR-22.0T," OKALOACOOCHEE BRANCH AT S.R.80,PORT LABELLE",CR-22.0T,26.7627778,-81.4,3235O,05-03-1978 0:00,0.5,M,CHLA_UGL,"CHLOROPHYLL A, UNCORRECTED FOR PHEOPHYTIN",TOTAL,2.6,UG/L,,,2.6,MG/M3
2003889,OKALOACOOCHEE BRANCH,STORET_21FLSFWM,CR-22.0T," OKALOACOOCHEE BRANCH AT S.R.80,PORT LABELLE",CR-22.0T,26.7627778,-81.4,3235O,05-03-1978 0:00,0.5,M,PH,PH,TOTAL,7.7,NONE,,,7.7,NONE
2003889,OKALOACOOCHEE BRANCH,STORET_21FLSFWM,CR-22.0T," OKALOACOOCHEE BRANCH AT S.R.80,PORT LABELLE",CR-22.0T,26.7627778,-81.4,3235O,05-03-1978 0:00,0.5,M,PHEO_UGL,PHEOPHYTIN-A,TOTAL,0.2,UG/L,,,0.2,MG/M3
2003889,OKALOACOOCHEE BRANCH,STORET_21FLSFWM,CR-22.0T," OKALOACOOCHEE BRANCH AT S.R.80,PORT LABELLE",CR-22.0T,26.7627778,-81.4,3235O,05-03-1978 0:00,0.5,M,TP_UGL,PHOSPHORUS AS P,DISSOLVED,7,UG/L,,,0.007,MG/L
2003889,OKALOACOOCHEE BRANCH,STORET_21FLSFWM,CR-22.0T," OKALOACOOCHEE BRANCH AT S.R.80,PORT LABELLE",CR-22.0T,26.7627778,-81.4,3235O,05-03-1978 0:00,0.5,M,TP_UGL,PHOSPHORUS AS P,TOTAL,11,UG/L,,,0.011,MG/L
2003889,OKALOACOOCHEE BRANCH,STORET_21FLSFWM,CR-22.0T," OKALOACOOCHEE BRANCH AT S.R.80,PORT LABELLE",CR-22.0T,26.7627778,-81.4,3235O,5/17/1978 12:00:00 AM,0.5,M,CHLA_UGL,"CHLOROPHYLL A, UNCORRECTED FOR PHEOPHYTIN",TOTAL,2.4,UG/L,,,2.4,MG/M3
2003889,OKALOACOOCHEE BRANCH,STORET_21FLSFWM,CR-22.0T," OKALOACOOCHEE BRANCH AT S.R.80,PORT LABELLE",CR-22.0T,26.7627778,-81.4,3235O,5/17/1978 12:00:00 AM,0.5,M,PH,PH,TOTAL,7.48,NONE,,,7.48,NONE
2003889,OKALOACOOCHEE BRANCH,STORET_21FLSFWM,CR-22.0T," OKALOACOOCHEE BRANCH AT S.R.80,PORT LABELLE",CR-22.0T,26.7627778,-81.4,3235O,5/17/1978 12:00:00 AM,0.5,M,PHEO_UGL,PHEOPHYTIN-A,TOTAL,0.8,UG/L,,,0.8,MG/M3
2003889,OKALOACOOCHEE BRANCH,STORET_21FLSFWM,CR-22.0T," OKALOACOOCHEE BRANCH AT S.R.80,PORT LABELLE",CR-22.0T,26.7627778,-81.4,3235O,5/17/1978 12:00:00 AM,0.5,M,TP_UGL,PHOSPHORUS AS P,DISSOLVED,3,UG/L,,,0.003,MG/L
2003889,OKALOACOOCHEE BRANCH,STORET_21FLSFWM,CR-22.0T," OKALOACOOCHEE BRANCH AT S.R.80,PORT LABELLE",CR-22.0T,26.7627778,-81.4,3235O,5/17/1978 12:00:00 AM,0.5,M,TP_UGL,PHOSPHORUS AS P,TOTAL,13,UG/L,,,0.013,MG/L
2003889,OKALOACOOCHEE BRANCH,STORET_21FLSFWM,CR-22.0T," OKALOACOOCHEE BRANCH AT S.R.80,PORT LABELLE",CR-22.0T,26.7627778,-81.4,3235O,5/31/1978 12:00:00 AM,0.5,M,CHLA_UGL,"CHLOROPHYLL A, UNCORRECTED FOR PHEOPHYTIN",TOTAL,2.1,UG/L,,,2.1,MG/M3
2003889,OKALOACOOCHEE BRANCH,STORET_21FLSFWM,CR-22.0T," OKALOACOOCHEE BRANCH AT S.R.80,PORT LABELLE",CR-22.0T,26.7627778,-81.4,3235O,5/31/1978 12:00:00 AM,0.5,M,PHEO_UGL,PHEOPHYTIN-A,TOTAL,1.1,UG/L,,,1.1,MG/M3
2003889,OKALOACOOCHEE BRANCH,STORET_21FLSFWM,CR-22.0T," OKALOACOOCHEE BRANCH AT S.R.80,PORT LABELLE",CR-22.0T,26.7627778,-81.4,3235O,06-08-1978 0:00,0.5,M,CHLA_UGL,"CHLOROPHYLL A, UNCORRECTED FOR PHEOPHYTIN",TOTAL,21.7,UG/L,,,21.7,MG/M3
2003889,OKALOACOOCHEE BRANCH,STORET_21FLSFWM,CR-22.0T," OKALOACOOCHEE BRANCH AT S.R.80,PORT LABELLE",CR-22.0T,26.7627778,-81.4,3235O,06-08-1978 0:00,0.5,M,PH,PH,TOTAL,7.5,NONE,,,7.5,NONE
2003889,OKALOACOOCHEE BRANCH,STORET_21FLSFWM,CR-22.0T," OKALOACOOCHEE BRANCH AT S.R.80,PORT LABELLE",CR-22.0T,26.7627778,-81.4,3235O,06-08-1978 0:00,0.5,M,PHEO_UGL,PHEOPHYTIN-A,TOTAL,5.2,UG/L,,,5.2,MG/M3
2003889,OKALOACOOCHEE BRANCH,STORET_21FLSFWM,CR-22.0T," OKALOACOOCHEE BRANCH AT S.R.80,PORT LABELLE",CR-22.0T,26.7627778,-81.4,3235O,06-08-1978 0:00,0.5,M,TP_UGL,PHOSPHORUS AS P,DISSOLVED,8,UG/L,,,0.008,MG/L
2003889,OKALOACOOCHEE BRANCH,STORET_21FLSFWM,CR-22.0T," OKALOACOOCHEE BRANCH AT S.R.80,PORT LABELLE",CR-22.0T,26.7627778,-81.4,3235O,06-08-1978 0:00,0.5,M,TP_UGL,PHOSPHORUS AS P,TOTAL,20,UG/L,,,0.02,MG/L
2003889,OKALOACOOCHEE BRANCH,STORET_21FLSFWM,CR-22.0T," OKALOACOOCHEE BRANCH AT S.R.80,PORT LABELLE",CR-22.0T,26.7627778,-81.4,3235O,07-11-1978 0:00,0.5,M,CHLA_UGL,"CHLOROPHYLL A, UNCORRECTED FOR PHEOPHYTIN",TOTAL,7.1,UG/L,,,7.1,MG/M3
2003889,OKALOACOOCHEE BRANCH,STORET_21FLSFWM,CR-22.0T," OKALOACOOCHEE BRANCH AT S.R.80,PORT LABELLE",CR-22.0T,26.7627778,-81.4,3235O,07-11-1978 0:00,0.5,M,PHEO_UGL,PHEOPHYTIN-A,TOTAL,1.3,UG/L,,,1.3,MG/M3
2003889,OKALOACOOCHEE BRANCH,STORET_21FLSFWM,CR-22.0T," OKALOACOOCHEE BRANCH AT S.R.80,PORT LABELLE",CR-22.0T,26.7627778,-81.4,3235O,07-12-1978 0:00,0.5,M,PH,PH,TOTAL,7.52,NONE,,,7.52,NONE
2003889,OKALOACOOCHEE BRANCH,STORET_21FLSFWM,CR-22.0T," OKALOACOOCHEE BRANCH AT S.R.80,PORT LABELLE",CR-22.0T,26.7627778,-81.4,3235O,07-12-1978 0:00,0.5,M,TP_UGL,PHOSPHORUS AS P,DISSOLVED,11,UG/L,,,0.011,MG/L
2003889,OKALOACOOCHEE BRANCH,STORET_21FLSFWM,CR-22.0T," OKALOACOOCHEE BRANCH AT S.R.80,PORT LABELLE",CR-22.0T,26.7627778,-81.4,3235O,07-12-1978 0:00,0.5,M,TP_UGL,PHOSPHORUS AS P,TOTAL,14,UG/L,,,0.014,MG/L
2003889,OKALOACOOCHEE BRANCH,STORET_21FLSFWM,CR-22.0T," OKALOACOOCHEE BRANCH AT S.R.80,PORT LABELLE",CR-22.0T,26.7627778,-81.4,3235O,08-09-1978 0:00,0.5,M,CHLA_UGL,"CHLOROPHYLL A, UNCORRECTED FOR PHEOPHYTIN",TOTAL,3.3,UG/L,,,3.3,MG/M3
2003889,OKALOACOOCHEE BRANCH,STORET_21FLSFWM,CR-22.0T," OKALOACOOCHEE BRANCH AT S.R.80,PORT LABELLE",CR-22.0T,26.7627778,-81.4,3235O,08-09-1978 0:00,0.5,M,PH,PH,TOTAL,7.59,NONE,,,7.59,NONE
2003889,OKALOACOOCHEE BRANCH,STORET_21FLSFWM,CR-22.0T," OKALOACOOCHEE BRANCH AT S.R.80,PORT LABELLE",CR-22.0T,26.7627778,-81.4,3235O,08-09-1978 0:00,0.5,M,PHEO_UGL,PHEOPHYTIN-A,TOTAL,0.2,UG/L,,,0.2,MG/M3
2003889,OKALOACOOCHEE BRANCH,STORET_21FLSFWM,CR-22.0T," OKALOACOOCHEE BRANCH AT S.R.80,PORT LABELLE",CR-22.0T,26.7627778,-81.4,3235O,08-09-1978 0:00,0.5,M,TP_UGL,PHOSPHORUS AS P,DISSOLVED,25,UG/L,,,0.025,MG/L
2003889,OKALOACOOCHEE BRANCH,STORET_21FLSFWM,CR-22.0T," OKALOACOOCHEE BRANCH AT S.R.80,PORT LABELLE",CR-22.0T,26.7627778,-81.4,3235O,08-09-1978 0:00,0.5,M,TP_UGL,PHOSPHORUS AS P,TOTAL,35,UG/L,,,0.035,MG/L
2003889,OKALOACOOCHEE BRANCH,STORET_21FLSFWM,CR-22.0T," OKALOACOOCHEE BRANCH AT S.R.80,PORT LABELLE",CR-22.0T,26.7627778,-81.4,3235O,08-09-1978 0:00,0.5,M,OP_MGL,"PHOSPHORUS, PHOSPHATE (PO4) AS P",TOTAL,0.004,MG/L,,,0.004,MG/L
2003889,OKALOACOOCHEE BRANCH,STORET_21FLSFWM,CR-22.0T," OKALOACOOCHEE BRANCH AT S.R.80,PORT LABELLE",CR-22.0T,26.7627778,-81.4,3235O,9/13/1978 12:00:00 AM,0.5,M,CHLA_UGL,"CHLOROPHYLL A, UNCORRECTED FOR PHEOPHYTIN",TOTAL,5.1,UG/L,,,5.1,MG/M3
2003889,OKALOACOOCHEE BRANCH,STORET_21FLSFWM,CR-22.0T," OKALOACOOCHEE BRANCH AT S.R.80,PORT LABELLE",CR-22.0T,26.7627778,-81.4,3235O,9/13/1978 12:00:00 AM,0.5,M,PH,PH,TOTAL,7.5,NONE,,,7.5,NONE
2003889,OKALOACOOCHEE BRANCH,STORET_21FLSFWM,CR-22.0T," OKALOACOOCHEE BRANCH AT S.R.80,PORT LABELLE",CR-22.0T,26.7627778,-81.4,3235O,9/13/1978 12:00:00 AM,0.5,M,PHEO_UGL,PHEOPHYTIN-A,TOTAL,2.6,UG/L,,,2.6,MG/M3
2003889,OKALOACOOCHEE BRANCH,STORET_21FLSFWM,CR-22.0T," OKALOACOOCHEE BRANCH AT S.R.80,PORT LABELLE",CR-22.0T,26.7627778,-81.4,3235O,9/13/1978 12:00:00 AM,0.5,M,TP_UGL,PHOSPHORUS AS P,DISSOLVED,28,UG/L,,,0.028,MG/L
2003889,OKALOACOOCHEE BRANCH,STORET_21FLSFWM,CR-22.0T," OKALOACOOCHEE BRANCH AT S.R.80,PORT LABELLE",CR-22.0T,26.7627778,-81.4,3235O,9/13/1978 12:00:00 AM,0.5,M,TP_UGL,PHOSPHORUS AS P,TOTAL,25,UG/L,,,0.025,MG/L
2003889,OKALOACOOCHEE BRANCH,STORET_21FLSFWM,CR-22.0T," OKALOACOOCHEE BRANCH AT S.R.80,PORT LABELLE",CR-22.0T,26.7627778,-81.4,3235O,9/13/1978 12:00:00 AM,0.5,M,OP_MGL,"PHOSPHORUS, PHOSPHATE (PO4) AS P",TOTAL,0.007,MG/L,,,0.007,MG/L
2003889,OKALOACOOCHEE BRANCH,STORET_21FLSFWM,CR-22.0T," OKALOACOOCHEE BRANCH AT S.R.80,PORT LABELLE",CR-22.0T,26.7627778,-81.4,3235O,10/17/1978 12:00:00 AM,0.5,M,CHLA_UGL,"CHLOROPHYLL A, UNCORRECTED FOR PHEOPHYTIN",TOTAL,4.6,UG/L,,,4.6,MG/M3
2003889,OKALOACOOCHEE BRANCH,STORET_21FLSFWM,CR-22.0T," OKALOACOOCHEE BRANCH AT S.R.80,PORT LABELLE",CR-22.0T,26.7627778,-81.4,3235O,10/17/1978 12:00:00 AM,0.5,M,PH,PH,TOTAL,7.39,NONE,,,7.39,NONE
2003889,OKALOACOOCHEE BRANCH,STORET_21FLSFWM,CR-22.0T," OKALOACOOCHEE BRANCH AT S.R.80,PORT LABELLE",CR-22.0T,26.7627778,-81.4,3235O,10/17/1978 12:00:00 AM,0.5,M,PHEO_UGL,PHEOPHYTIN-A,TOTAL,3.2,UG/L,,,3.2,MG/M3
2003889,OKALOACOOCHEE BRANCH,STORET_21FLSFWM,CR-22.0T," OKALOACOOCHEE BRANCH AT S.R.80,PORT LABELLE",CR-22.0T,26.7627778,-81.4,3235O,10/17/1978 12:00:00 AM,0.5,M,TP_UGL,PHOSPHORUS AS P,DISSOLVED,17,UG/L,,,0.017,MG/L
2003889,OKALOACOOCHEE BRANCH,STORET_21FLSFWM,CR-22.0T," OKALOACOOCHEE BRANCH AT S.R.80,PORT LABELLE",CR-22.0T,26.7627778,-81.4,3235O,10/17/1978 12:00:00 AM,0.5,M,TP_UGL,PHOSPHORUS AS P,TOTAL,25,UG/L,,,0.025,MG/L
2003889,OKALOACOOCHEE BRANCH,STORET_21FLSFWM,CR-22.0T," OKALOACOOCHEE BRANCH AT S.R.80,PORT LABELLE",CR-22.0T,26.7627778,-81.4,3235O,11-06-1978 0:00,0.5,M,CHLA_UGL,"CHLOROPHYLL A, UNCORRECTED FOR PHEOPHYTIN",TOTAL,35.8,UG/L,,,35.8,MG/M3
2003889,OKALOACOOCHEE BRANCH,STORET_21FLSFWM,CR-22.0T," OKALOACOOCHEE BRANCH AT S.R.80,PORT LABELLE",CR-22.0T,26.7627778,-81.4,3235O,11-06-1978 0:00,0.5,M,PH,PH,TOTAL,7.59,NONE,,,7.59,NONE
2003889,OKALOACOOCHEE BRANCH,STORET_21FLSFWM,CR-22.0T," OKALOACOOCHEE BRANCH AT S.R.80,PORT LABELLE",CR-22.0T,26.7627778,-81.4,3235O,11-06-1978 0:00,0.5,M,PHEO_UGL,PHEOPHYTIN-A,TOTAL,2.4,UG/L,,,2.4,MG/M3
2003889,OKALOACOOCHEE BRANCH,STORET_21FLSFWM,CR-22.0T," OKALOACOOCHEE BRANCH AT S.R.80,PORT LABELLE",CR-22.0T,26.7627778,-81.4,3235O,11-06-1978 0:00,0.5,M,TP_UGL,PHOSPHORUS AS P,DISSOLVED,15,UG/L,,,0.015,MG/L
2003889,OKALOACOOCHEE BRANCH,STORET_21FLSFWM,CR-22.0T," OKALOACOOCHEE BRANCH AT S.R.80,PORT LABELLE",CR-22.0T,26.7627778,-81.4,3235O,11-06-1978 0:00,0.5,M,TP_UGL,PHOSPHORUS AS P,TOTAL,60,UG/L,,,0.06,MG/L
2003889,OKALOACOOCHEE BRANCH,STORET_21FLSFWM,CR-22.0T," OKALOACOOCHEE BRANCH AT S.R.80,PORT LABELLE",CR-22.0T,26.7627778,-81.4,3235O,11-06-1978 0:00,0.5,M,OP_MGL,"PHOSPHORUS, PHOSPHATE (PO4) AS P",TOTAL,0.002,MG/L,,,0.002,MG/L
2003889,OKALOACOOCHEE BRANCH,STORET_21FLSFWM,CR-22.0T," OKALOACOOCHEE BRANCH AT S.R.80,PORT LABELLE",CR-22.0T,26.7627778,-81.4,3235O,12/13/1978 12:00:00 AM,0.5,M,CHLA_UGL,"CHLOROPHYLL A, UNCORRECTED FOR PHEOPHYTIN",TOTAL,1.8,UG/L,,,1.8,MG/M3
2003889,OKALOACOOCHEE BRANCH,STORET_21FLSFWM,CR-22.0T," OKALOACOOCHEE BRANCH AT S.R.80,PORT LABELLE",CR-22.0T,26.7627778,-81.4,3235O,12/13/1978 12:00:00 AM,0.5,M,PH,PH,TOTAL,7.41,NONE,,,7.41,NONE
2003889,OKALOACOOCHEE BRANCH,STORET_21FLSFWM,CR-22.0T," OKALOACOOCHEE BRANCH AT S.R.80,PORT LABELLE",CR-22.0T,26.7627778,-81.4,3235O,12/13/1978 12:00:00 AM,0.5,M,PHEO_UGL,PHEOPHYTIN-A,TOTAL,1.6,UG/L,,,1.6,MG/M3
2003889,OKALOACOOCHEE BRANCH,STORET_21FLSFWM,CR-22.0T," OKALOACOOCHEE BRANCH AT S.R.80,PORT LABELLE",CR-22.0T,26.7627778,-81.4,3235O,12/13/1978 12:00:00 AM,0.5,M,TP_UGL,PHOSPHORUS AS P,DISSOLVED,7,UG/L,,,0.007,MG/L
2003889,OKALOACOOCHEE BRANCH,STORET_21FLSFWM,CR-22.0T," OKALOACOOCHEE BRANCH AT S.R.80,PORT LABELLE",CR-22.0T,26.7627778,-81.4,3235O,12/13/1978 12:00:00 AM,0.5,M,TP_UGL,PHOSPHORUS AS P,TOTAL,13,UG/L,,,0.013,MG/L
2003889,OKALOACOOCHEE BRANCH,STORET_21FLSFWM,CR-22.0T," OKALOACOOCHEE BRANCH AT S.R.80,PORT LABELLE",CR-22.0T,26.7627778,-81.4,3235O,12/13/1978 12:00:00 AM,0.5,M,OP_MGL,"PHOSPHORUS, PHOSPHATE (PO4) AS P",TOTAL,0.003,MG/L,,,0.003,MG/L
2003889,OKALOACOOCHEE BRANCH,STORET_21FLSFWM,CR-22.0T," OKALOACOOCHEE BRANCH AT S.R.80,PORT LABELLE",CR-22.0T,26.7627778,-81.4,3235O,1/15/1979 12:00:00 AM,0.5,M,PH,PH,TOTAL,7.57,NONE,,,7.57,NONE
2003889,OKALOACOOCHEE BRANCH,STORET_21FLSFWM,CR-22.0T," OKALOACOOCHEE BRANCH AT S.R.80,PORT LABELLE",CR-22.0T,26.7627778,-81.4,3235O,1/15/1979 12:00:00 AM,0.5,M,TP_UGL,PHOSPHORUS AS P,DISSOLVED,37,UG/L,,,0.037,MG/L
2003889,OKALOACOOCHEE BRANCH,STORET_21FLSFWM,CR-22.0T," OKALOACOOCHEE BRANCH AT S.R.80,PORT LABELLE",CR-22.0T,26.7627778,-81.4,3235O,1/15/1979 12:00:00 AM,0.5,M,TP_UGL,PHOSPHORUS AS P,TOTAL,56,UG/L,,,0.056,MG/L
2003889,OKALOACOOCHEE BRANCH,STORET_21FLSFWM,CR-22.0T," OKALOACOOCHEE BRANCH AT S.R.80,PORT LABELLE",CR-22.0T,26.7627778,-81.4,3235O,1/15/1979 12:00:00 AM,0.5,M,OP_MGL,"PHOSPHORUS, PHOSPHATE (PO4) AS P",TOTAL,0.031,MG/L,,,0.031,MG/L
2003889,OKALOACOOCHEE BRANCH,STORET_21FLSFWM,CR-22.0T," OKALOACOOCHEE BRANCH AT S.R.80,PORT LABELLE",CR-22.0T,26.7627778,-81.4,3235O,02-12-1979 0:00,0.5,M,PH,PH,TOTAL,7.22,NONE,,,7.22,NONE
2003889,OKALOACOOCHEE BRANCH,STORET_21FLSFWM,CR-22.0T," OKALOACOOCHEE BRANCH AT S.R.80,PORT LABELLE",CR-22.0T,26.7627778,-81.4,3235O,02-12-1979 0:00,0.5,M,TP_UGL,PHOSPHORUS AS P,DISSOLVED,23,UG/L,,,0.023,MG/L
2003889,OKALOACOOCHEE BRANCH,STORET_21FLSFWM,CR-22.0T," OKALOACOOCHEE BRANCH AT S.R.80,PORT LABELLE",CR-22.0T,26.7627778,-81.4,3235O,02-12-1979 0:00,0.5,M,TP_UGL,PHOSPHORUS AS P,TOTAL,34,UG/L,,,0.034,MG/L
2003889,OKALOACOOCHEE BRANCH,STORET_21FLSFWM,CR-22.0T," OKALOACOOCHEE BRANCH AT S.R.80,PORT LABELLE",CR-22.0T,26.7627778,-81.4,3235O,02-12-1979 0:00,0.5,M,OP_MGL,"PHOSPHORUS, PHOSPHATE (PO4) AS P",TOTAL,0.012,MG/L,,,0.012,MG/L
2003889,OKALOACOOCHEE BRANCH,STORET_21FLSFWM,CR-22.0T," OKALOACOOCHEE BRANCH AT S.R.80,PORT LABELLE",CR-22.0T,26.7627778,-81.4,3235O,03-12-1979 0:00,0.5,M,PH,PH,TOTAL,6.99,NONE,,,6.99,NONE
2003889,OKALOACOOCHEE BRANCH,STORET_21FLSFWM,CR-22.0T," OKALOACOOCHEE BRANCH AT S.R.80,PORT LABELLE",CR-22.0T,26.7627778,-81.4,3235O,03-12-1979 0:00,0.5,M,TP_UGL,PHOSPHORUS AS P,DISSOLVED,18,UG/L,,,0.018,MG/L
2003889,OKALOACOOCHEE BRANCH,STORET_21FLSFWM,CR-22.0T," OKALOACOOCHEE BRANCH AT S.R.80,PORT LABELLE",CR-22.0T,26.7627778,-81.4,3235O,03-12-1979 0:00,0.5,M,TP_UGL,PHOSPHORUS AS P,TOTAL,23,UG/L,,,0.023,MG/L
2003889,OKALOACOOCHEE BRANCH,STORET_21FLSFWM,CR-22.0T," OKALOACOOCHEE BRANCH AT S.R.80,PORT LABELLE",CR-22.0T,26.7627778,-81.4,3235O,03-12-1979 0:00,0.5,M,OP_MGL,"PHOSPHORUS, PHOSPHATE (PO4) AS P",TOTAL,0.015,MG/L,,,0.015,MG/L
2003889,OKALOACOOCHEE BRANCH,STORET_21FLSFWM,CR-22.0T," OKALOACOOCHEE BRANCH AT S.R.80,PORT LABELLE",CR-22.0T,26.7627778,-81.4,3235O,04-02-1979 0:00,0.5,M,PH,PH,TOTAL,7.32,NONE,,,7.32,NONE
2003889,OKALOACOOCHEE BRANCH,STORET_21FLSFWM,CR-22.0T," OKALOACOOCHEE BRANCH AT S.R.80,PORT LABELLE",CR-22.0T,26.7627778,-81.4,3235O,04-02-1979 0:00,0.5,M,TP_UGL,PHOSPHORUS AS P,DISSOLVED,14,UG/L,,,0.014,MG/L
2003889,OKALOACOOCHEE BRANCH,STORET_21FLSFWM,CR-22.0T," OKALOACOOCHEE BRANCH AT S.R.80,PORT LABELLE",CR-22.0T,26.7627778,-81.4,3235O,04-02-1979 0:00,0.5,M,TP_UGL,PHOSPHORUS AS P,TOTAL,33,UG/L,,,0.033,MG/L
2003889,OKALOACOOCHEE BRANCH,STORET_21FLSFWM,CR-22.0T," OKALOACOOCHEE BRANCH AT S.R.80,PORT LABELLE",CR-22.0T,26.7627778,-81.4,3235O,04-02-1979 0:00,0.5,M,OP_MGL,"PHOSPHORUS, PHOSPHATE (PO4) AS P",TOTAL,0.002,MG/L,,,0.002,MG/L
2003889,OKALOACOOCHEE BRANCH,STORET_21FLSFWM,CR-22.0T," OKALOACOOCHEE BRANCH AT S.R.80,PORT LABELLE",CR-22.0T,26.7627778,-81.4,3235O,4/16/1979 12:00:00 AM,0.5,M,PH,PH,TOTAL,7.11,NONE,,,7.11,NONE
2003889,OKALOACOOCHEE BRANCH,STORET_21FLSFWM,CR-22.0T," OKALOACOOCHEE BRANCH AT S.R.80,PORT LABELLE",CR-22.0T,26.7627778,-81.4,3235O,4/16/1979 12:00:00 AM,0.5,M,TP_UGL,PHOSPHORUS AS P,DISSOLVED,19,UG/L,,,0.019,MG/L
2003889,OKALOACOOCHEE BRANCH,STORET_21FLSFWM,CR-22.0T," OKALOACOOCHEE BRANCH AT S.R.80,PORT LABELLE",CR-22.0T,26.7627778,-81.4,3235O,4/16/1979 12:00:00 AM,0.5,M,TP_UGL,PHOSPHORUS AS P,TOTAL,34,UG/L,,,0.034,MG/L
2003889,OKALOACOOCHEE BRANCH,STORET_21FLSFWM,CR-22.0T," OKALOACOOCHEE BRANCH AT S.R.80,PORT LABELLE",CR-22.0T,26.7627778,-81.4,3235O,4/16/1979 12:00:00 AM,0.5,M,OP_MGL,"PHOSPHORUS, PHOSPHATE (PO4) AS P",TOTAL,0.009,MG/L,,,0.009,MG/L
2003889,OKALOACOOCHEE BRANCH,STORET_21FLSFWM,CR-22.0T," OKALOACOOCHEE BRANCH AT S.R.80,PORT LABELLE",CR-22.0T,26.7627778,-81.4,3235O,05-01-1979 0:00,0.5,M,PH,PH,TOTAL,7.38,NONE,,,7.38,NONE
2003889,OKALOACOOCHEE BRANCH,STORET_21FLSFWM,CR-22.0T," OKALOACOOCHEE BRANCH AT S.R.80,PORT LABELLE",CR-22.0T,26.7627778,-81.4,3235O,05-01-1979 0:00,0.5,M,TP_UGL,PHOSPHORUS AS P,DISSOLVED,12,UG/L,,,0.012,MG/L
2003889,OKALOACOOCHEE BRANCH,STORET_21FLSFWM,CR-22.0T," OKALOACOOCHEE BRANCH AT S.R.80,PORT LABELLE",CR-22.0T,26.7627778,-81.4,3235O,05-01-1979 0:00,0.5,M,TP_UGL,PHOSPHORUS AS P,TOTAL,34,UG/L,,,0.034,MG/L
2003889,OKALOACOOCHEE BRANCH,STORET_21FLSFWM,CR-22.0T," OKALOACOOCHEE BRANCH AT S.R.80,PORT LABELLE",CR-22.0T,26.7627778,-81.4,3235O,05-01-1979 0:00,0.5,M,OP_MGL,"PHOSPHORUS, PHOSPHATE (PO4) AS P",TOTAL,0.006,MG/L,,,0.006,MG/L
2003889,OKALOACOOCHEE BRANCH,STORET_21FLSFWM,CR-22.0T," OKALOACOOCHEE BRANCH AT S.R.80,PORT LABELLE",CR-22.0T,26.7627778,-81.4,3235O,5/14/1979 12:00:00 AM,0.5,M,PH,PH,TOTAL,7.32,NONE,,,7.32,NONE
2003889,OKALOACOOCHEE BRANCH,STORET_21FLSFWM,CR-22.0T," OKALOACOOCHEE BRANCH AT S.R.80,PORT LABELLE",CR-22.0T,26.7627778,-81.4,3235O,5/14/1979 12:00:00 AM,0.5,M,TP_UGL,PHOSPHORUS AS P,DISSOLVED,11,UG/L,,,0.011,MG/L
2003889,OKALOACOOCHEE BRANCH,STORET_21FLSFWM,CR-22.0T," OKALOACOOCHEE BRANCH AT S.R.80,PORT LABELLE",CR-22.0T,26.7627778,-81.4,3235O,5/14/1979 12:00:00 AM,0.5,M,TP_UGL,PHOSPHORUS AS P,TOTAL,22,UG/L,,,0.022,MG/L
2003889,OKALOACOOCHEE BRANCH,STORET_21FLSFWM,CR-22.0T," OKALOACOOCHEE BRANCH AT S.R.80,PORT LABELLE",CR-22.0T,26.7627778,-81.4,3235O,5/31/1979 12:00:00 AM,0.5,M,PH,PH,TOTAL,7.27,NONE,,,7.27,NONE
2003889,OKALOACOOCHEE BRANCH,STORET_21FLSFWM,CR-22.0T," OKALOACOOCHEE BRANCH AT S.R.80,PORT LABELLE",CR-22.0T,26.7627778,-81.4,3235O,5/31/1979 12:00:00 AM,0.5,M,TP_UGL,PHOSPHORUS AS P,DISSOLVED,10,UG/L,,,0.01,MG/L
2003889,OKALOACOOCHEE BRANCH,STORET_21FLSFWM,CR-22.0T," OKALOACOOCHEE BRANCH AT S.R.80,PORT LABELLE",CR-22.0T,26.7627778,-81.4,3235O,5/31/1979 12:00:00 AM,0.5,M,TP_UGL,PHOSPHORUS AS P,TOTAL,23,UG/L,,,0.023,MG/L
2003889,OKALOACOOCHEE BRANCH,STORET_21FLSFWM,CR-22.0T," OKALOACOOCHEE BRANCH AT S.R.80,PORT LABELLE",CR-22.0T,26.7627778,-81.4,3235O,5/31/1979 12:00:00 AM,0.5,M,OP_MGL,"PHOSPHORUS, PHOSPHATE (PO4) AS P",TOTAL,0.007,MG/L,,,0.007,MG/L
2003889,OKALOACOOCHEE BRANCH,STORET_21FLSFWM,CR-22.0T," OKALOACOOCHEE BRANCH AT S.R.80,PORT LABELLE",CR-22.0T,26.7627778,-81.4,3235O,06-11-1979 0:00,0.5,M,PH,PH,TOTAL,7.25,NONE,,,7.25,NONE
2003889,OKALOACOOCHEE BRANCH,STORET_21FLSFWM,CR-22.0T," OKALOACOOCHEE BRANCH AT S.R.80,PORT LABELLE",CR-22.0T,26.7627778,-81.4,3235O,06-11-1979 0:00,0.5,M,TP_UGL,PHOSPHORUS AS P,DISSOLVED,9,UG/L,,,0.009,MG/L
2003889,OKALOACOOCHEE BRANCH,STORET_21FLSFWM,CR-22.0T," OKALOACOOCHEE BRANCH AT S.R.80,PORT LABELLE",CR-22.0T,26.7627778,-81.4,3235O,06-11-1979 0:00,0.5,M,TP_UGL,PHOSPHORUS AS P,TOTAL,26,UG/L,,,0.026,MG/L
2003889,OKALOACOOCHEE BRANCH,STORET_21FLSFWM,CR-22.0T," OKALOACOOCHEE BRANCH AT S.R.80,PORT LABELLE",CR-22.0T,26.7627778,-81.4,3235O,6/25/1979 12:00:00 AM,0.5,M,PH,PH,TOTAL,7.73,NONE,,,7.73,NONE
2003889,OKALOACOOCHEE BRANCH,STORET_21FLSFWM,CR-22.0T," OKALOACOOCHEE BRANCH AT S.R.80,PORT LABELLE",CR-22.0T,26.7627778,-81.4,3235O,6/25/1979 12:00:00 AM,0.5,M,TP_UGL,PHOSPHORUS AS P,DISSOLVED,8,UG/L,,,0.008,MG/L
2003889,OKALOACOOCHEE BRANCH,STORET_21FLSFWM,CR-22.0T," OKALOACOOCHEE BRANCH AT S.R.80,PORT LABELLE",CR-22.0T,26.7627778,-81.4,3235O,6/25/1979 12:00:00 AM,0.5,M,TP_UGL,PHOSPHORUS AS P,TOTAL,25,UG/L,,,0.025,MG/L
2003889,OKALOACOOCHEE BRANCH,STORET_21FLSFWM,CR-22.0T," OKALOACOOCHEE BRANCH AT S.R.80,PORT LABELLE",CR-22.0T,26.7627778,-81.4,3235O,6/25/1979 12:00:00 AM,0.5,M,OP_MGL,"PHOSPHORUS, PHOSPHATE (PO4) AS P",TOTAL,0.002,MG/L,,,0.002,MG/L
2003889,OKALOACOOCHEE BRANCH,STORET_21FLSFWM,CR-22.0T," OKALOACOOCHEE BRANCH AT S.R.80,PORT LABELLE",CR-22.0T,26.7627778,-81.4,3235O,07-09-1979 0:00,0.5,M,PH,PH,TOTAL,7.47,NONE,,,7.47,NONE
2003889,OKALOACOOCHEE BRANCH,STORET_21FLSFWM,CR-22.0T," OKALOACOOCHEE BRANCH AT S.R.80,PORT LABELLE",CR-22.0T,26.7627778,-81.4,3235O,07-09-1979 0:00,0.5,M,TP_UGL,PHOSPHORUS AS P,DISSOLVED,10,UG/L,,,0.01,MG/L
2003889,OKALOACOOCHEE BRANCH,STORET_21FLSFWM,CR-22.0T," OKALOACOOCHEE BRANCH AT S.R.80,PORT LABELLE",CR-22.0T,26.7627778,-81.4,3235O,07-09-1979 0:00,0.5,M,TP_UGL,PHOSPHORUS AS P,TOTAL,22,UG/L,,,0.022,MG/L
2003889,OKALOACOOCHEE BRANCH,STORET_21FLSFWM,CR-22.0T," OKALOACOOCHEE BRANCH AT S.R.80,PORT LABELLE",CR-22.0T,26.7627778,-81.4,3235O,07-09-1979 0:00,0.5,M,OP_MGL,"PHOSPHORUS, PHOSPHATE (PO4) AS P",TOTAL,0.003,MG/L,,,0.003,MG/L
2003889,OKALOACOOCHEE BRANCH,STORET_21FLSFWM,CR-22.0T," OKALOACOOCHEE BRANCH AT S.R.80,PORT LABELLE",CR-22.0T,26.7627778,-81.4,3235O,7/23/1979 12:00:00 AM,0.5,M,PH,PH,TOTAL,7.61,NONE,,,7.61,NONE
2003889,OKALOACOOCHEE BRANCH,STORET_21FLSFWM,CR-22.0T," OKALOACOOCHEE BRANCH AT S.R.80,PORT LABELLE",CR-22.0T,26.7627778,-81.4,3235O,7/23/1979 12:00:00 AM,0.5,M,TP_UGL,PHOSPHORUS AS P,DISSOLVED,8,UG/L,,,0.008,MG/L
2003889,OKALOACOOCHEE BRANCH,STORET_21FLSFWM,CR-22.0T," OKALOACOOCHEE BRANCH AT S.R.80,PORT LABELLE",CR-22.0T,26.7627778,-81.4,3235O,7/23/1979 12:00:00 AM,0.5,M,TP_UGL,PHOSPHORUS AS P,TOTAL,21,UG/L,,,0.021,MG/L
2003889,OKALOACOOCHEE BRANCH,STORET_21FLSFWM,CR-22.0T," OKALOACOOCHEE BRANCH AT S.R.80,PORT LABELLE",CR-22.0T,26.7627778,-81.4,3235O,8/13/1979 12:00:00 AM,0.5,M,PH,PH,TOTAL,7.45,NONE,,,7.45,NONE
2003889,OKALOACOOCHEE BRANCH,STORET_21FLSFWM,CR-22.0T," OKALOACOOCHEE BRANCH AT S.R.80,PORT LABELLE",CR-22.0T,26.7627778,-81.4,3235O,8/13/1979 12:00:00 AM,0.5,M,TP_UGL,PHOSPHORUS AS P,DISSOLVED,15,UG/L,,,0.015,MG/L
2003889,OKALOACOOCHEE BRANCH,STORET_21FLSFWM,CR-22.0T," OKALOACOOCHEE BRANCH AT S.R.80,PORT LABELLE",CR-22.0T,26.7627778,-81.4,3235O,8/13/1979 12:00:00 AM,0.5,M,TP_UGL,PHOSPHORUS AS P,TOTAL,26,UG/L,,,0.026,MG/L
2003889,OKALOACOOCHEE BRANCH,STORET_21FLSFWM,CR-22.0T," OKALOACOOCHEE BRANCH AT S.R.80,PORT LABELLE",CR-22.0T,26.7627778,-81.4,3235O,8/13/1979 12:00:00 AM,0.5,M,OP_MGL,"PHOSPHORUS, PHOSPHATE (PO4) AS P",TOTAL,0.022,MG/L,,,0.022,MG/L
2003889,OKALOACOOCHEE BRANCH,STORET_21FLSFWM,CR-22.0T," OKALOACOOCHEE BRANCH AT S.R.80,PORT LABELLE",CR-22.0T,26.7627778,-81.4,3235O,09-10-1979 0:00,0.5,M,PH,PH,TOTAL,6.95,NONE,,,6.95,NONE
2003889,OKALOACOOCHEE BRANCH,STORET_21FLSFWM,CR-22.0T," OKALOACOOCHEE BRANCH AT S.R.80,PORT LABELLE",CR-22.0T,26.7627778,-81.4,3235O,09-10-1979 0:00,0.5,M,TP_UGL,PHOSPHORUS AS P,DISSOLVED,210,UG/L,,,0.21,MG/L
2003889,OKALOACOOCHEE BRANCH,STORET_21FLSFWM,CR-22.0T," OKALOACOOCHEE BRANCH AT S.R.80,PORT LABELLE",CR-22.0T,26.7627778,-81.4,3235O,09-10-1979 0:00,0.5,M,TP_UGL,PHOSPHORUS AS P,TOTAL,222,UG/L,,,0.222,MG/L
2003889,OKALOACOOCHEE BRANCH,STORET_21FLSFWM,CR-22.0T," OKALOACOOCHEE BRANCH AT S.R.80,PORT LABELLE",CR-22.0T,26.7627778,-81.4,3235O,09-10-1979 0:00,0.5,M,OP_MGL,"PHOSPHORUS, PHOSPHATE (PO4) AS P",TOTAL,0.165,MG/L,,,0.165,MG/L
2003889,OKALOACOOCHEE BRANCH,STORET_21FLSFWM,CR-22.0T," OKALOACOOCHEE BRANCH AT S.R.80,PORT LABELLE",CR-22.0T,26.7627778,-81.4,3235O,10/16/1979 12:00:00 AM,0.5,M,PH,PH,TOTAL,7.22,NONE,,,7.22,NONE
2003889,OKALOACOOCHEE BRANCH,STORET_21FLSFWM,CR-22.0T," OKALOACOOCHEE BRANCH AT S.R.80,PORT LABELLE",CR-22.0T,26.7627778,-81.4,3235O,10/16/1979 12:00:00 AM,0.5,M,TP_UGL,PHOSPHORUS AS P,DISSOLVED,62,UG/L,,,0.062,MG/L
2003889,OKALOACOOCHEE BRANCH,STORET_21FLSFWM,CR-22.0T," OKALOACOOCHEE BRANCH AT S.R.80,PORT LABELLE",CR-22.0T,26.7627778,-81.4,3235O,10/16/1979 12:00:00 AM,0.5,M,TP_UGL,PHOSPHORUS AS P,TOTAL,69,UG/L,,,0.069,MG/L
2003889,OKALOACOOCHEE BRANCH,STORET_21FLSFWM,CR-22.0T," OKALOACOOCHEE BRANCH AT S.R.80,PORT LABELLE",CR-22.0T,26.7627778,-81.4,3235O,10/16/1979 12:00:00 AM,0.5,M,OP_MGL,"PHOSPHORUS, PHOSPHATE (PO4) AS P",TOTAL,0.051,MG/L,,,0.051,MG/L
2003889,OKALOACOOCHEE BRANCH,STORET_21FLSFWM,CR-22.0T," OKALOACOOCHEE BRANCH AT S.R.80,PORT LABELLE",CR-22.0T,26.7627778,-81.4,3235O,11-06-1979 0:00,0.5,M,PH,PH,TOTAL,7.56,NONE,,,7.56,NONE
2003889,OKALOACOOCHEE BRANCH,STORET_21FLSFWM,CR-22.0T," OKALOACOOCHEE BRANCH AT S.R.80,PORT LABELLE",CR-22.0T,26.7627778,-81.4,3235O,11-06-1979 0:00,0.5,M,TP_UGL,PHOSPHORUS AS P,DISSOLVED,31,UG/L,,,0.031,MG/L
2003889,OKALOACOOCHEE BRANCH,STORET_21FLSFWM,CR-22.0T," OKALOACOOCHEE BRANCH AT S.R.80,PORT LABELLE",CR-22.0T,26.7627778,-81.4,3235O,11-06-1979 0:00,0.5,M,TP_UGL,PHOSPHORUS AS P,TOTAL,34,UG/L,,,0.034,MG/L
2003889,OKALOACOOCHEE BRANCH,STORET_21FLSFWM,CR-22.0T," OKALOACOOCHEE BRANCH AT S.R.80,PORT LABELLE",CR-22.0T,26.7627778,-81.4,3235O,11-06-1979 0:00,0.5,M,OP_MGL,"PHOSPHORUS, PHOSPHATE (PO4) AS P",TOTAL,0.014,MG/L,,,0.014,MG/L
2003889,OKALOACOOCHEE BRANCH,STORET_21FLSFWM,CR-22.0T," OKALOACOOCHEE BRANCH AT S.R.80,PORT LABELLE",CR-22.0T,26.7627778,-81.4,3235O,12-03-1979 0:00,0.5,M,PH,PH,TOTAL,8.02,NONE,,,8.02,NONE
2003889,OKALOACOOCHEE BRANCH,STORET_21FLSFWM,CR-22.0T," OKALOACOOCHEE BRANCH AT S.R.80,PORT LABELLE",CR-22.0T,26.7627778,-81.4,3235O,12-03-1979 0:00,0.5,M,TP_UGL,PHOSPHORUS AS P,DISSOLVED,14,UG/L,,,0.014,MG/L
2003889,OKALOACOOCHEE BRANCH,STORET_21FLSFWM,CR-22.0T," OKALOACOOCHEE BRANCH AT S.R.80,PORT LABELLE",CR-22.0T,26.7627778,-81.4,3235O,12-03-1979 0:00,0.5,M,TP_UGL,PHOSPHORUS AS P,TOTAL,19,UG/L,,,0.019,MG/L
2003889,OKALOACOOCHEE BRANCH,STORET_21FLSFWM,CR-22.0T," OKALOACOOCHEE BRANCH AT S.R.80,PORT LABELLE",CR-22.0T,26.7627778,-81.4,3235O,12-03-1979 0:00,0.5,M,OP_MGL,"PHOSPHORUS, PHOSPHATE (PO4) AS P",TOTAL,0.02,MG/L,,,0.02,MG/L
2003889,OKALOACOOCHEE BRANCH,STORET_21FLSFWM,CR-22.0T," OKALOACOOCHEE BRANCH AT S.R.80,PORT LABELLE",CR-22.0T,26.7627778,-81.4,3235O,1/15/1980 12:00:00 AM,0.5,M,PH,PH,TOTAL,7.51,NONE,,,7.51,NONE
2003889,OKALOACOOCHEE BRANCH,STORET_21FLSFWM,CR-22.0T," OKALOACOOCHEE BRANCH AT S.R.80,PORT LABELLE",CR-22.0T,26.7627778,-81.4,3235O,1/15/1980 12:00:00 AM,0.5,M,TP_UGL,PHOSPHORUS AS P,TOTAL,26,UG/L,,,0.026,MG/L
2003889,OKALOACOOCHEE BRANCH,STORET_21FLSFWM,CR-22.0T," OKALOACOOCHEE BRANCH AT S.R.80,PORT LABELLE",CR-22.0T,26.7627778,-81.4,3235O,1/15/1980 12:00:00 AM,0.5,M,OP_MGL,"PHOSPHORUS, PHOSPHATE (PO4) AS P",TOTAL,0.012,MG/L,,,0.012,MG/L
2003889,OKALOACOOCHEE BRANCH,STORET_21FLSFWM,CR-22.0T," OKALOACOOCHEE BRANCH AT S.R.80,PORT LABELLE",CR-22.0T,26.7627778,-81.4,3235O,2/19/1980 12:00:00 AM,0.5,M,PH,PH,TOTAL,7.85,NONE,,,7.85,NONE
2003889,OKALOACOOCHEE BRANCH,STORET_21FLSFWM,CR-22.0T," OKALOACOOCHEE BRANCH AT S.R.80,PORT LABELLE",CR-22.0T,26.7627778,-81.4,3235O,2/19/1980 12:00:00 AM,0.5,M,TP_UGL,PHOSPHORUS AS P,TOTAL,36,UG/L,,,0.036,MG/L
2003889,OKALOACOOCHEE BRANCH,STORET_21FLSFWM,CR-22.0T," OKALOACOOCHEE BRANCH AT S.R.80,PORT LABELLE",CR-22.0T,26.7627778,-81.4,3235O,2/19/1980 12:00:00 AM,0.5,M,OP_MGL,"PHOSPHORUS, PHOSPHATE (PO4) AS P",TOTAL,0.01,MG/L,,,0.01,MG/L
2003889,OKALOACOOCHEE BRANCH,STORET_21FLSFWM,CR-22.0T," OKALOACOOCHEE BRANCH AT S.R.80,PORT LABELLE",CR-22.0T,26.7627778,-81.4,3235O,3/17/1980 12:00:00 AM,0.5,M,PH,PH,TOTAL,7.57,NONE,,,7.57,NONE
2003889,OKALOACOOCHEE BRANCH,STORET_21FLSFWM,CR-22.0T," OKALOACOOCHEE BRANCH AT S.R.80,PORT LABELLE",CR-22.0T,26.7627778,-81.4,3235O,3/17/1980 12:00:00 AM,0.5,M,TP_UGL,PHOSPHORUS AS P,TOTAL,29,UG/L,,,0.029,MG/L
2003889,OKALOACOOCHEE BRANCH,STORET_21FLSFWM,CR-22.0T," OKALOACOOCHEE BRANCH AT S.R.80,PORT LABELLE",CR-22.0T,26.7627778,-81.4,3235O,3/17/1980 12:00:00 AM,0.5,M,OP_MGL,"PHOSPHORUS, PHOSPHATE (PO4) AS P",TOTAL,0.01,MG/L,,,0.01,MG/L
2003889,OKALOACOOCHEE BRANCH,STORET_21FLSFWM,CR-22.0T," OKALOACOOCHEE BRANCH AT S.R.80,PORT LABELLE",CR-22.0T,26.7627778,-81.4,3235O,4/15/1980 12:00:00 AM,0.5,M,PH,PH,TOTAL,7.63,NONE,,,7.63,NONE
2003889,OKALOACOOCHEE BRANCH,STORET_21FLSFWM,CR-22.0T," OKALOACOOCHEE BRANCH AT S.R.80,PORT LABELLE",CR-22.0T,26.7627778,-81.4,3235O,4/15/1980 12:00:00 AM,0.5,M,TP_UGL,PHOSPHORUS AS P,TOTAL,22,UG/L,,,0.022,MG/L
2003889,OKALOACOOCHEE BRANCH,STORET_21FLSFWM,CR-22.0T," OKALOACOOCHEE BRANCH AT S.R.80,PORT LABELLE",CR-22.0T,26.7627778,-81.4,3235O,4/15/1980 12:00:00 AM,0.5,M,OP_MGL,"PHOSPHORUS, PHOSPHATE (PO4) AS P",TOTAL,0.007,MG/L,,,0.007,MG/L
2003889,OKALOACOOCHEE BRANCH,STORET_21FLSFWM,CR-22.0T," OKALOACOOCHEE BRANCH AT S.R.80,PORT LABELLE",CR-22.0T,26.7627778,-81.4,3235O,5/19/1980 12:00:00 AM,0.5,M,PH,PH,TOTAL,7.01,NONE,,,7.01,NONE
2003889,OKALOACOOCHEE BRANCH,STORET_21FLSFWM,CR-22.0T," OKALOACOOCHEE BRANCH AT S.R.80,PORT LABELLE",CR-22.0T,26.7627778,-81.4,3235O,5/19/1980 12:00:00 AM,0.5,M,TP_UGL,PHOSPHORUS AS P,TOTAL,26,UG/L,,,0.026,MG/L
2003889,OKALOACOOCHEE BRANCH,STORET_21FLSFWM,CR-22.0T," OKALOACOOCHEE BRANCH AT S.R.80,PORT LABELLE",CR-22.0T,26.7627778,-81.4,3235O,5/19/1980 12:00:00 AM,0.5,M,OP_MGL,"PHOSPHORUS, PHOSPHATE (PO4) AS P",TOTAL,0.004,MG/L,,,0.004,MG/L
2003889,OKALOACOOCHEE BRANCH,STORET_21FLSFWM,CR-22.0T," OKALOACOOCHEE BRANCH AT S.R.80,PORT LABELLE",CR-22.0T,26.7627778,-81.4,3235O,06-09-1980 0:00,0.5,M,PH,PH,TOTAL,7,NONE,,,7,NONE
2003889,OKALOACOOCHEE BRANCH,STORET_21FLSFWM,CR-22.0T," OKALOACOOCHEE BRANCH AT S.R.80,PORT LABELLE",CR-22.0T,26.7627778,-81.4,3235O,06-09-1980 0:00,0.5,M,TP_UGL,PHOSPHORUS AS P,TOTAL,44,UG/L,,,0.044,MG/L
2003889,OKALOACOOCHEE BRANCH,STORET_21FLSFWM,CR-22.0T," OKALOACOOCHEE BRANCH AT S.R.80,PORT LABELLE",CR-22.0T,26.7627778,-81.4,3235O,06-09-1980 0:00,0.5,M,OP_MGL,"PHOSPHORUS, PHOSPHATE (PO4) AS P",TOTAL,0.009,MG/L,,,0.009,MG/L
2003889,OKALOACOOCHEE BRANCH,STORET_21FLSFWM,CR-22.0T," OKALOACOOCHEE BRANCH AT S.R.80,PORT LABELLE",CR-22.0T,26.7627778,-81.4,3235O,7/15/1980 12:00:00 AM,0.5,M,PH,PH,TOTAL,7.31,NONE,,,7.31,NONE
2003889,OKALOACOOCHEE BRANCH,STORET_21FLSFWM,CR-22.0T," OKALOACOOCHEE BRANCH AT S.R.80,PORT LABELLE",CR-22.0T,26.7627778,-81.4,3235O,7/15/1980 12:00:00 AM,0.5,M,TP_UGL,PHOSPHORUS AS P,TOTAL,29,UG/L,,,0.029,MG/L
2003889,OKALOACOOCHEE BRANCH,STORET_21FLSFWM,CR-22.0T," OKALOACOOCHEE BRANCH AT S.R.80,PORT LABELLE",CR-22.0T,26.7627778,-81.4,3235O,8/18/1980 12:00:00 AM,0.5,M,PH,PH,TOTAL,7.55,NONE,,,7.55,NONE
2003889,OKALOACOOCHEE BRANCH,STORET_21FLSFWM,CR-22.0T," OKALOACOOCHEE BRANCH AT S.R.80,PORT LABELLE",CR-22.0T,26.7627778,-81.4,3235O,8/18/1980 12:00:00 AM,0.5,M,TP_UGL,PHOSPHORUS AS P,TOTAL,106,UG/L,,,0.106,MG/L
2003889,OKALOACOOCHEE BRANCH,STORET_21FLSFWM,CR-22.0T," OKALOACOOCHEE BRANCH AT S.R.80,PORT LABELLE",CR-22.0T,26.7627778,-81.4,3235O,8/18/1980 12:00:00 AM,0.5,M,OP_MGL,"PHOSPHORUS, PHOSPHATE (PO4) AS P",TOTAL,0.004,MG/L,,,0.004,MG/L
2003889,OKALOACOOCHEE BRANCH,STORET_21FLSFWM,CR-22.0T," OKALOACOOCHEE BRANCH AT S.R.80,PORT LABELLE",CR-22.0T,26.7627778,-81.4,3235O,9/16/1980 12:00:00 AM,0.5,M,PH,PH,TOTAL,7.23,NONE,,,7.23,NONE
2003889,OKALOACOOCHEE BRANCH,STORET_21FLSFWM,CR-22.0T," OKALOACOOCHEE BRANCH AT S.R.80,PORT LABELLE",CR-22.0T,26.7627778,-81.4,3235O,9/16/1980 12:00:00 AM,0.5,M,TP_UGL,PHOSPHORUS AS P,TOTAL,131,UG/L,,,0.131,MG/L
2003889,OKALOACOOCHEE BRANCH,STORET_21FLSFWM,CR-22.0T," OKALOACOOCHEE BRANCH AT S.R.80,PORT LABELLE",CR-22.0T,26.7627778,-81.4,3235O,9/16/1980 12:00:00 AM,0.5,M,OP_MGL,"PHOSPHORUS, PHOSPHATE (PO4) AS P",TOTAL,0.068,MG/L,,,0.068,MG/L
2003889,OKALOACOOCHEE BRANCH,STORET_21FLSFWM,CR-22.0T," OKALOACOOCHEE BRANCH AT S.R.80,PORT LABELLE",CR-22.0T,26.7627778,-81.4,3235O,10/13/1980 12:00:00 AM,0.5,M,PH,PH,TOTAL,7.4,NONE,,,7.4,NONE
2003889,OKALOACOOCHEE BRANCH,STORET_21FLSFWM,CR-22.0T," OKALOACOOCHEE BRANCH AT S.R.80,PORT LABELLE",CR-22.0T,26.7627778,-81.4,3235O,10/13/1980 12:00:00 AM,0.5,M,TP_UGL,PHOSPHORUS AS P,TOTAL,35,UG/L,,,0.035,MG/L
2003889,OKALOACOOCHEE BRANCH,STORET_21FLSFWM,CR-22.0T," OKALOACOOCHEE BRANCH AT S.R.80,PORT LABELLE",CR-22.0T,26.7627778,-81.4,3235O,10/13/1980 12:00:00 AM,0.5,M,OP_MGL,"PHOSPHORUS, PHOSPHATE (PO4) AS P",TOTAL,0.036,MG/L,,,0.036,MG/L
2003889,OKALOACOOCHEE BRANCH,STORET_21FLSFWM,CR-22.0T," OKALOACOOCHEE BRANCH AT S.R.80,PORT LABELLE",CR-22.0T,26.7627778,-81.4,3235O,11-10-1980 0:00,0.5,M,PH,PH,TOTAL,7.22,NONE,,,7.22,NONE
2003889,OKALOACOOCHEE BRANCH,STORET_21FLSFWM,CR-22.0T," OKALOACOOCHEE BRANCH AT S.R.80,PORT LABELLE",CR-22.0T,26.7627778,-81.4,3235O,11-10-1980 0:00,0.5,M,TP_UGL,PHOSPHORUS AS P,TOTAL,27,UG/L,,,0.027,MG/L
2003889,OKALOACOOCHEE BRANCH,STORET_21FLSFWM,CR-22.0T," OKALOACOOCHEE BRANCH AT S.R.80,PORT LABELLE",CR-22.0T,26.7627778,-81.4,3235O,11-10-1980 0:00,0.5,M,OP_MGL,"PHOSPHORUS, PHOSPHATE (PO4) AS P",TOTAL,0.014,MG/L,,,0.014,MG/L
2003889,OKALOACOOCHEE BRANCH,STORET_21FLSFWM,CR-22.0T," OKALOACOOCHEE BRANCH AT S.R.80,PORT LABELLE",CR-22.0T,26.7627778,-81.4,3235O,12-09-1980 0:00,0.5,M,TP_UGL,PHOSPHORUS AS P,TOTAL,24,UG/L,,,0.024,MG/L
2003889,OKALOACOOCHEE BRANCH,STORET_21FLSFWM,CR-22.0T," OKALOACOOCHEE BRANCH AT S.R.80,PORT LABELLE",CR-22.0T,26.7627778,-81.4,3235O,12-09-1980 0:00,0.5,M,OP_MGL,"PHOSPHORUS, PHOSPHATE (PO4) AS P",TOTAL,0.003,MG/L,,,0.003,MG/L
2003889,OKALOACOOCHEE BRANCH,STORET_21FLFTM,CALUSA0052FTM, OKALOACOOCHEE BRANCH AT SR 80,CALUSA0052FTM,26.76271,-81.40001,3235O,2/14/2013 12:00:00 AM,0.152439,M,PH,PH,,8.31,NONE,,,8.31,NONE
2003889,OKALOACOOCHEE BRANCH,STORET_21FLFTM,CALUSA0052FTM, OKALOACOOCHEE BRANCH AT SR 80,CALUSA0052FTM,26.76271,-81.40001,3235O,04-03-2013 0:00,0.152439,M,PH,PH,,8.06,NONE,,,8.06,NONE
2003889,OKALOACOOCHEE BRANCH,STORET_21FLFTM,CALUSA0052FTM, OKALOACOOCHEE BRANCH AT SR 80,CALUSA0052FTM,26.76271,-81.40001,3235O,6/26/2013 12:00:00 AM,0.152439,M,PH,PH,,7.86,NONE,,,7.86,NONE
2003889,OKALOACOOCHEE BRANCH,STORET_21FLFTM,CALUSA0052FTM, OKALOACOOCHEE BRANCH AT SR 80,CALUSA0052FTM,26.76271,-81.40001,3235O,8/20/2013 12:00:00 AM,0.152439,M,PH,PH,,7.29,NONE,,,7.29,NONE
2003889,OKALOACOOCHEE BRANCH,STORET_21FLFTM,CALUSA0052FTM, OKALOACOOCHEE BRANCH AT SR 80,CALUSA0052FTM,26.76271,-81.40001,3235O,9/19/2013 12:00:00 AM,0.152439,M,PH,PH,,7.6,NONE,,,7.6,NONE
2003889,OKALOACOOCHEE BRANCH,STORET_21FLFTM,CALUSA0052FTM, OKALOACOOCHEE BRANCH AT SR 80,CALUSA0052FTM,26.76271,-81.40001,3235O,10/16/2013 12:00:00 AM,0.152439,M,PH,PH,,7.75,NONE,,,7.75,NONE
