﻿WBodyID,WaterBodyName,DataSource,StationID,StationName,Actual_StationID,Actual_Latitude,Actual_Longitude,DEP_WBID,SampleDate,ActivityDepth,DepthUnits,Parameter,Characteristic,Sample_Fraction,Result_Value,Result_Unit,QACode,Result_Comment,Original_Result_Value,Original_Result_Unit
2003889,OKALOACOOCHEE BRANCH,WIN_21FLSFWM,32275, CRFW09,32275,26.7629,-81.4001,3235O,5/18/2020 11:11:00 AM,0.23,M,OP_MGL,"PHOSPHORUS, PHOSPHATE (PO4) AS P",DISSOLVED,0.002,MG/L,I,,0.002,MG/L
2003889,OKALOACOOCHEE BRANCH,WIN_21FLSFWM,32275, CRFW09,32275,26.7629,-81.4001,3235O,06-01-2020 11:29,0.38,M,OP_MGL,"PHOSPHORUS, PHOSPHATE (PO4) AS P",DISSOLVED,0.002,MG/L,U,,0.002,MG/L
2003889,OKALOACOOCHEE BRANCH,WIN_21FLSFWM,32275, CRFW09,32275,26.7629,-81.4001,3235O,6/15/2020 11:30:00 AM,0.39,M,OP_MGL,"PHOSPHORUS, PHOSPHATE (PO4) AS P",DISSOLVED,0.002,MG/L,U,,0.002,MG/L
2003889,OKALOACOOCHEE BRANCH,WIN_21FLSFWM,32275, CRFW09,32275,26.7629,-81.4001,3235O,6/29/2020 11:07:00 AM,0.33,M,OP_MGL,"PHOSPHORUS, PHOSPHATE (PO4) AS P",DISSOLVED,0.002,MG/L,I,,0.002,MG/L
2003889,OKALOACOOCHEE BRANCH,WIN_21FLSFWM,32275, CRFW09,32275,26.7629,-81.4001,3235O,7/13/2020 11:32:00 AM,0.41,M,OP_MGL,"PHOSPHORUS, PHOSPHATE (PO4) AS P",DISSOLVED,0.004,MG/L,I,,0.004,MG/L
2003889,OKALOACOOCHEE BRANCH,WIN_21FLSFWM,32275, CRFW09,32275,26.7629,-81.4001,3235O,7/27/2020 11:37:00 AM,0.4,M,OP_MGL,"PHOSPHORUS, PHOSPHATE (PO4) AS P",DISSOLVED,0.002,MG/L,I,,0.002,MG/L
2003889,OKALOACOOCHEE BRANCH,WIN_21FLSFWM,32275, CRFW09,32275,26.7629,-81.4001,3235O,08-10-2020 11:16,0.42,M,OP_MGL,"PHOSPHORUS, PHOSPHATE (PO4) AS P",DISSOLVED,0.003,MG/L,IG,"ANALYTE WAS DETECTED AT OR ABOVE THE METHOD DETECTION LIMIT IN BOTH THE SAMPLE AND THE ASSOCIATED FIELD BLANK, EQUIPMENT BLANK, OR TRIP BLANK, AND THE BLANK VALUE WAS GREATER THAN 10% OF THE ASSOCIATED SAMPLE VALUE",0.003,MG/L
2003889,OKALOACOOCHEE BRANCH,WIN_21FLSFWM,32275, CRFW09,32275,26.7629,-81.4001,3235O,8/24/2020 11:36:00 AM,0.48,M,OP_MGL,"PHOSPHORUS, PHOSPHATE (PO4) AS P",DISSOLVED,0.074,MG/L,,,0.074,MG/L
2003889,OKALOACOOCHEE BRANCH,WIN_21FLSFWM,32275, CRFW09,32275,26.7629,-81.4001,3235O,09-08-2020 11:29,0.5,M,OP_MGL,"PHOSPHORUS, PHOSPHATE (PO4) AS P",DISSOLVED,0.044,MG/L,,,0.044,MG/L
2003889,OKALOACOOCHEE BRANCH,WIN_21FLSFWM,32275, CRFW09,32275,26.7629,-81.4001,3235O,9/21/2020 11:43:00 AM,0.5,M,OP_MGL,"PHOSPHORUS, PHOSPHATE (PO4) AS P",DISSOLVED,0.2,MG/L,,,0.2,MG/L
2003889,OKALOACOOCHEE BRANCH,WIN_21FLSFWM,32275, CRFW09,32275,26.7629,-81.4001,3235O,10-05-2020 11:22,0.5,M,OP_MGL,"PHOSPHORUS, PHOSPHATE (PO4) AS P",DISSOLVED,0.132,MG/L,,,0.132,MG/L
2003889,OKALOACOOCHEE BRANCH,WIN_21FLSFWM,32275, CRFW09,32275,26.7629,-81.4001,3235O,10/19/2020 12:16:00 PM,0.5,M,OP_MGL,"PHOSPHORUS, PHOSPHATE (PO4) AS P",DISSOLVED,0.05,MG/L,,,0.05,MG/L
2003889,OKALOACOOCHEE BRANCH,WIN_21FLSFWM,32275, CRFW09,32275,26.7629,-81.4001,3235O,11-02-2020 11:46,0.38,M,OP_MGL,"PHOSPHORUS, PHOSPHATE (PO4) AS P",DISSOLVED,0.012,MG/L,,,0.012,MG/L
2003889,OKALOACOOCHEE BRANCH,WIN_21FLSFWM,32275, CRFW09,32275,26.7629,-81.4001,3235O,11/16/2020 11:44:00 AM,0.5,M,OP_MGL,"PHOSPHORUS, PHOSPHATE (PO4) AS P",DISSOLVED,0.07,MG/L,,,0.07,MG/L
2003889,OKALOACOOCHEE BRANCH,WIN_21FLSFWM,32275, CRFW09,32275,26.7629,-81.4001,3235O,11/30/2020 10:52:00 AM,0.45,M,OP_MGL,"PHOSPHORUS, PHOSPHATE (PO4) AS P",DISSOLVED,0.01,MG/L,,,0.01,MG/L
2003889,OKALOACOOCHEE BRANCH,WIN_21FLSFWM,32275, CRFW09,32275,26.7629,-81.4001,3235O,12/14/2020 11:20:00 AM,0.5,M,OP_MGL,"PHOSPHORUS, PHOSPHATE (PO4) AS P",DISSOLVED,0.003,MG/L,I,,0.003,MG/L
2003889,OKALOACOOCHEE BRANCH,WIN_21FLSFWM,32275, CRFW09,32275,26.7629,-81.4001,3235O,12/28/2020 11:05:00 AM,0.3,M,OP_MGL,"PHOSPHORUS, PHOSPHATE (PO4) AS P",DISSOLVED,0.003,MG/L,I,,0.003,MG/L
2003889,OKALOACOOCHEE BRANCH,WIN_21FLSFWM,32275, CRFW09,32275,26.7629,-81.4001,3235O,01-11-2021 12:08,0.41,M,OP_MGL,"PHOSPHORUS, PHOSPHATE (PO4) AS P",DISSOLVED,0.002,MG/L,I,,0.002,MG/L
2003889,OKALOACOOCHEE BRANCH,WIN_21FLSFWM,32275, CRFW09,32275,26.7629,-81.4001,3235O,1/25/2021 11:30:00 AM,0.5,M,OP_MGL,"PHOSPHORUS, PHOSPHATE (PO4) AS P",DISSOLVED,0.004,MG/L,I,,0.004,MG/L
2003889,OKALOACOOCHEE BRANCH,WIN_21FLSFWM,32275, CRFW09,32275,26.7629,-81.4001,3235O,02-08-2021 11:06,0.5,M,OP_MGL,"PHOSPHORUS, PHOSPHATE (PO4) AS P",DISSOLVED,0.004,MG/L,I,,0.004,MG/L
2003889,OKALOACOOCHEE BRANCH,WIN_21FLSFWM,32275, CRFW09,32275,26.7629,-81.4001,3235O,2/22/2021 10:58:00 AM,0.38,M,OP_MGL,"PHOSPHORUS, PHOSPHATE (PO4) AS P",DISSOLVED,0.007,MG/L,I,,0.007,MG/L
2003889,OKALOACOOCHEE BRANCH,WIN_21FLSFWM,32275, CRFW09,32275,26.7629,-81.4001,3235O,3/22/2021 11:34:00 AM,0.43,M,OP_MGL,"PHOSPHORUS, PHOSPHATE (PO4) AS P",DISSOLVED,0.004,MG/L,I,,0.004,MG/L
2003889,OKALOACOOCHEE BRANCH,WIN_21FLSFWM,32275, CRFW09,32275,26.7629,-81.4001,3235O,04-05-2021 11:15,0.46,M,OP_MGL,"PHOSPHORUS, PHOSPHATE (PO4) AS P",DISSOLVED,0.017,MG/L,,,0.017,MG/L
2003889,OKALOACOOCHEE BRANCH,WIN_21FLSFWM,32275, CRFW09,32275,26.7629,-81.4001,3235O,4/19/2021 10:21:00 AM,0.28,M,OP_MGL,"PHOSPHORUS, PHOSPHATE (PO4) AS P",DISSOLVED,0.002,MG/L,I,,0.002,MG/L
2003889,OKALOACOOCHEE BRANCH,WIN_21FLSFWM,32275, CRFW09,32275,26.7629,-81.4001,3235O,05-03-2021 10:54,0.3,M,OP_MGL,"PHOSPHORUS, PHOSPHATE (PO4) AS P",DISSOLVED,0.002,MG/L,I,,0.002,MG/L
2003889,OKALOACOOCHEE BRANCH,WIN_21FLFTM,G3SD0099, OKALOACOOCHEE BRANCH @ EUCALYPTUS,G3SD0099,26.75602,-81.39836,3235O,1/24/2018 9:10:00 AM,0.15,M,OP_MGL,"PHOSPHORUS, PHOSPHATE (PO4) AS P",DISSOLVED,0.024,MG/L,,,0.024,MG/L
2003889,OKALOACOOCHEE BRANCH,WIN_21FLFTM,G3SD0099, OKALOACOOCHEE BRANCH @ EUCALYPTUS,G3SD0099,26.75602,-81.39836,3235O,03-05-2018 10:10,0.15,M,OP_MGL,"PHOSPHORUS, PHOSPHATE (PO4) AS P",DISSOLVED,0.019,MG/L,,,0.019,MG/L
2003889,OKALOACOOCHEE BRANCH,WIN_21FLFTM,G3SD0099, OKALOACOOCHEE BRANCH @ EUCALYPTUS,G3SD0099,26.75602,-81.39836,3235O,5/15/2018 11:55:00 AM,0.15,M,OP_MGL,"PHOSPHORUS, PHOSPHATE (PO4) AS P",DISSOLVED,0.015,MG/L,,,0.015,MG/L
2003889,OKALOACOOCHEE BRANCH,WIN_21FLFTM,G3SD0099, OKALOACOOCHEE BRANCH @ EUCALYPTUS,G3SD0099,26.75602,-81.39836,3235O,06-07-2018 9:00,0.15,M,OP_MGL,"PHOSPHORUS, PHOSPHATE (PO4) AS P",DISSOLVED,0.03,MG/L,,,0.03,MG/L
2003889,OKALOACOOCHEE BRANCH,WIN_21FLFTM,G3SD0099, OKALOACOOCHEE BRANCH @ EUCALYPTUS,G3SD0099,26.75602,-81.39836,3235O,7/24/2018 12:30:00 PM,0.2,M,OP_MGL,"PHOSPHORUS, PHOSPHATE (PO4) AS P",DISSOLVED,0.031,MG/L,,,0.031,MG/L
2003889,OKALOACOOCHEE BRANCH,WIN_21FLFTM,G3SD0099, OKALOACOOCHEE BRANCH @ EUCALYPTUS,G3SD0099,26.75602,-81.39836,3235O,09-11-2018 14:00,0.1,M,OP_MGL,"PHOSPHORUS, PHOSPHATE (PO4) AS P",DISSOLVED,0.029,MG/L,,,0.029,MG/L
2003889,OKALOACOOCHEE BRANCH,WIN_21FLFTM,G3SD0099, OKALOACOOCHEE BRANCH @ EUCALYPTUS,G3SD0099,26.75602,-81.39836,3235O,12-12-2018 15:10,0.2,M,OP_MGL,"PHOSPHORUS, PHOSPHATE (PO4) AS P",DISSOLVED,0.03,MG/L,,,0.03,MG/L
2003889,OKALOACOOCHEE BRANCH,WIN_21FLFTM,G3SD0099, OKALOACOOCHEE BRANCH @ EUCALYPTUS,G3SD0099,26.75602,-81.39836,3235O,04-09-2019 10:00,0.2,M,OP_MGL,"PHOSPHORUS, PHOSPHATE (PO4) AS P",DISSOLVED,0.032,MG/L,,,0.032,MG/L
2003889,OKALOACOOCHEE BRANCH,WIN_21FLFTM,G3SD0099, OKALOACOOCHEE BRANCH @ EUCALYPTUS,G3SD0099,26.75602,-81.39836,3235O,05-07-2019 10:40,0.1,M,OP_MGL,"PHOSPHORUS, PHOSPHATE (PO4) AS P",DISSOLVED,0.031,MG/L,,,0.031,MG/L
2003889,OKALOACOOCHEE BRANCH,WIN_21FLFTM,G3SD0099, OKALOACOOCHEE BRANCH @ EUCALYPTUS,G3SD0099,26.75602,-81.39836,3235O,6/24/2019 10:15:00 AM,0.15,M,OP_MGL,"PHOSPHORUS, PHOSPHATE (PO4) AS P",DISSOLVED,0.046,MG/L,,,0.046,MG/L
2003889,OKALOACOOCHEE BRANCH,WIN_21FLFTM,G3SD0099, OKALOACOOCHEE BRANCH @ EUCALYPTUS,G3SD0099,26.75602,-81.39836,3235O,6/24/2019 10:20:00 AM,0.3,M,OP_MGL,"PHOSPHORUS, PHOSPHATE (PO4) AS P",DISSOLVED,0.045,MG/L,,,0.045,MG/L
2003889,OKALOACOOCHEE BRANCH,WIN_21FLFTM,G3SD0099, OKALOACOOCHEE BRANCH @ EUCALYPTUS,G3SD0099,26.75602,-81.39836,3235O,7/15/2019 11:00:00 AM,0.1,M,OP_MGL,"PHOSPHORUS, PHOSPHATE (PO4) AS P",DISSOLVED,0.036,MG/L,,,0.036,MG/L
2003889,OKALOACOOCHEE BRANCH,WIN_21FLFTM,G3SD0099, OKALOACOOCHEE BRANCH @ EUCALYPTUS,G3SD0099,26.75602,-81.39836,3235O,10-02-2019 10:25,0.1,M,OP_MGL,"PHOSPHORUS, PHOSPHATE (PO4) AS P",DISSOLVED,0.028,MG/L,,,0.028,MG/L
2003889,OKALOACOOCHEE BRANCH,WIN_21FLFTM,CALUSA0051FTM, OKALOACOOCHEE BRANCH AT EUCALYPTUS BLVD,CALUSA0051FTM,26.75602,-81.39836,3235O,4/24/2017 10:50:00 AM,0.15,M,OP_MGL,"PHOSPHORUS, PHOSPHATE (PO4) AS P",DISSOLVED,0.014,MG/L,,,0.014,MG/L
2003889,OKALOACOOCHEE BRANCH,WIN_21FLFTM,CALUSA0051FTM, OKALOACOOCHEE BRANCH AT EUCALYPTUS BLVD,CALUSA0051FTM,26.75602,-81.39836,3235O,07-12-2017 9:40,0.2,M,OP_MGL,"PHOSPHORUS, PHOSPHATE (PO4) AS P",DISSOLVED,0.031,MG/L,,,0.031,MG/L
2003889,OKALOACOOCHEE BRANCH,WIN_21FLFTM,CALUSA0051FTM, OKALOACOOCHEE BRANCH AT EUCALYPTUS BLVD,CALUSA0051FTM,26.75602,-81.39836,3235O,8/28/2017 11:00:00 AM,0.15,M,OP_MGL,"PHOSPHORUS, PHOSPHATE (PO4) AS P",DISSOLVED,0.034,MG/L,,,0.034,MG/L
2003889,OKALOACOOCHEE BRANCH,WIN_21FLFTM,CALUSA0051FTM, OKALOACOOCHEE BRANCH AT EUCALYPTUS BLVD,CALUSA0051FTM,26.75602,-81.39836,3235O,10/17/2017 2:10:00 PM,0.2,M,OP_MGL,"PHOSPHORUS, PHOSPHATE (PO4) AS P",DISSOLVED,0.13,MG/L,Q,O-PHOSPHATE-P:  THE SAMPLE EXPIRED UPON RECEIPT. BATCH MATRIX SPIKE RECOVERIES ARE UNAVAILABLE BECAUSE OF HIGH ANALYTE CONCENTRATION IN THE QC SAMPLE.,0.13,MG/L
2003889,OKALOACOOCHEE BRANCH,WIN_21FLFTM,CALUSA0051FTM, OKALOACOOCHEE BRANCH AT EUCALYPTUS BLVD,CALUSA0051FTM,26.75602,-81.39836,3235O,10/17/2017 2:15:00 PM,0.3,M,OP_MGL,"PHOSPHORUS, PHOSPHATE (PO4) AS P",DISSOLVED,0.15,MG/L,Q,O-PHOSPHATE-P:  THE SAMPLE EXPIRED UPON RECEIPT. BATCH MATRIX SPIKE RECOVERIES ARE UNAVAILABLE BECAUSE OF HIGH ANALYTE CONCENTRATION IN THE QC SAMPLE.,0.15,MG/L
2003889,OKALOACOOCHEE BRANCH,WIN_21FLFTM,CALUSA0051FTM, OKALOACOOCHEE BRANCH AT EUCALYPTUS BLVD,CALUSA0051FTM,26.75602,-81.39836,3235O,11/14/2017 1:50:00 PM,0.1,M,OP_MGL,"PHOSPHORUS, PHOSPHATE (PO4) AS P",DISSOLVED,0.07,MG/L,,,0.07,MG/L
2003889,OKALOACOOCHEE BRANCH,STORET_21FLFTM,CALUSA0051FTM, OKALOACOOCHEE BRANCH AT EUCALYPTUS BLVD.,CALUSA0051FTM,26.75601,-81.39836,3235O,3/15/2016 12:00:00 AM,0.3,M,OP_MGL,"PHOSPHORUS, PHOSPHATE (PO4) AS P",DISSOLVED,0.019,MG/L,,,0.019,MG/L
2003889,OKALOACOOCHEE BRANCH,STORET_21FLFTM,CALUSA0051FTM, OKALOACOOCHEE BRANCH AT EUCALYPTUS BLVD.,CALUSA0051FTM,26.75601,-81.39836,3235O,6/27/2016 12:00:00 AM,0.3,M,OP_MGL,"PHOSPHORUS, PHOSPHATE (PO4) AS P",DISSOLVED,0.11,MG/L,,,0.11,MG/L
2003889,OKALOACOOCHEE BRANCH,STORET_21FLFTM,CALUSA0051FTM, OKALOACOOCHEE BRANCH AT EUCALYPTUS BLVD.,CALUSA0051FTM,26.75601,-81.39836,3235O,9/20/2016 12:00:00 AM,0.3,M,OP_MGL,"PHOSPHORUS, PHOSPHATE (PO4) AS P",DISSOLVED,0.13,MG/L,,,0.13,MG/L
2003889,OKALOACOOCHEE BRANCH,STORET_21FLFTM,CALUSA0051FTM, OKALOACOOCHEE BRANCH AT EUCALYPTUS BLVD.,CALUSA0051FTM,26.75601,-81.39836,3235O,10/18/2016 12:00:00 AM,0.3,M,OP_MGL,"PHOSPHORUS, PHOSPHATE (PO4) AS P",DISSOLVED,0.057,MG/L,,,0.057,MG/L
2003889,OKALOACOOCHEE BRANCH,STORET_21FLFTM,CALUSA0051FTM, OKALOACOOCHEE BRANCH AT EUCALYPTUS BLVD.,CALUSA0051FTM,26.75601,-81.39836,3235O,12/14/2016 12:00:00 AM,0.3,M,OP_MGL,"PHOSPHORUS, PHOSPHATE (PO4) AS P",DISSOLVED,0.019,MG/L,,,0.019,MG/L
2003889,OKALOACOOCHEE BRANCH,STORET_21FLFTM,CALUSA0051FTM, OKALOACOOCHEE BRANCH AT EUCALYPTUS BLVD.,CALUSA0051FTM,26.75601,-81.39836,3235O,07-12-2017 0:00,0.2,M,OP_MGL,"PHOSPHORUS, PHOSPHATE (PO4) AS P",DISSOLVED,0.031,MG/L,,,0.031,MG/L
2003889,OKALOACOOCHEE BRANCH,STORET_21FLSFWM,CR-22.0T," OKALOACOOCHEE BRANCH AT S.R.80,PORT LABELLE",CR-22.0T,26.7627778,-81.4,3235O,02-08-1978 0:00,0.5,M,OP_MGL,"PHOSPHORUS, PHOSPHATE (PO4) AS P",TOTAL,0.002,MG/L,,,0.002,MG/L
2003889,OKALOACOOCHEE BRANCH,STORET_21FLSFWM,CR-22.0T," OKALOACOOCHEE BRANCH AT S.R.80,PORT LABELLE",CR-22.0T,26.7627778,-81.4,3235O,08-09-1978 0:00,0.5,M,OP_MGL,"PHOSPHORUS, PHOSPHATE (PO4) AS P",TOTAL,0.004,MG/L,,,0.004,MG/L
2003889,OKALOACOOCHEE BRANCH,STORET_21FLSFWM,CR-22.0T," OKALOACOOCHEE BRANCH AT S.R.80,PORT LABELLE",CR-22.0T,26.7627778,-81.4,3235O,9/13/1978 12:00:00 AM,0.5,M,OP_MGL,"PHOSPHORUS, PHOSPHATE (PO4) AS P",TOTAL,0.007,MG/L,,,0.007,MG/L
2003889,OKALOACOOCHEE BRANCH,STORET_21FLSFWM,CR-22.0T," OKALOACOOCHEE BRANCH AT S.R.80,PORT LABELLE",CR-22.0T,26.7627778,-81.4,3235O,11-06-1978 0:00,0.5,M,OP_MGL,"PHOSPHORUS, PHOSPHATE (PO4) AS P",TOTAL,0.002,MG/L,,,0.002,MG/L
2003889,OKALOACOOCHEE BRANCH,STORET_21FLSFWM,CR-22.0T," OKALOACOOCHEE BRANCH AT S.R.80,PORT LABELLE",CR-22.0T,26.7627778,-81.4,3235O,12/13/1978 12:00:00 AM,0.5,M,OP_MGL,"PHOSPHORUS, PHOSPHATE (PO4) AS P",TOTAL,0.003,MG/L,,,0.003,MG/L
2003889,OKALOACOOCHEE BRANCH,STORET_21FLSFWM,CR-22.0T," OKALOACOOCHEE BRANCH AT S.R.80,PORT LABELLE",CR-22.0T,26.7627778,-81.4,3235O,1/15/1979 12:00:00 AM,0.5,M,OP_MGL,"PHOSPHORUS, PHOSPHATE (PO4) AS P",TOTAL,0.031,MG/L,,,0.031,MG/L
2003889,OKALOACOOCHEE BRANCH,STORET_21FLSFWM,CR-22.0T," OKALOACOOCHEE BRANCH AT S.R.80,PORT LABELLE",CR-22.0T,26.7627778,-81.4,3235O,02-12-1979 0:00,0.5,M,OP_MGL,"PHOSPHORUS, PHOSPHATE (PO4) AS P",TOTAL,0.012,MG/L,,,0.012,MG/L
2003889,OKALOACOOCHEE BRANCH,STORET_21FLSFWM,CR-22.0T," OKALOACOOCHEE BRANCH AT S.R.80,PORT LABELLE",CR-22.0T,26.7627778,-81.4,3235O,03-12-1979 0:00,0.5,M,OP_MGL,"PHOSPHORUS, PHOSPHATE (PO4) AS P",TOTAL,0.015,MG/L,,,0.015,MG/L
2003889,OKALOACOOCHEE BRANCH,STORET_21FLSFWM,CR-22.0T," OKALOACOOCHEE BRANCH AT S.R.80,PORT LABELLE",CR-22.0T,26.7627778,-81.4,3235O,04-02-1979 0:00,0.5,M,OP_MGL,"PHOSPHORUS, PHOSPHATE (PO4) AS P",TOTAL,0.002,MG/L,,,0.002,MG/L
2003889,OKALOACOOCHEE BRANCH,STORET_21FLSFWM,CR-22.0T," OKALOACOOCHEE BRANCH AT S.R.80,PORT LABELLE",CR-22.0T,26.7627778,-81.4,3235O,4/16/1979 12:00:00 AM,0.5,M,OP_MGL,"PHOSPHORUS, PHOSPHATE (PO4) AS P",TOTAL,0.009,MG/L,,,0.009,MG/L
2003889,OKALOACOOCHEE BRANCH,STORET_21FLSFWM,CR-22.0T," OKALOACOOCHEE BRANCH AT S.R.80,PORT LABELLE",CR-22.0T,26.7627778,-81.4,3235O,05-01-1979 0:00,0.5,M,OP_MGL,"PHOSPHORUS, PHOSPHATE (PO4) AS P",TOTAL,0.006,MG/L,,,0.006,MG/L
2003889,OKALOACOOCHEE BRANCH,STORET_21FLSFWM,CR-22.0T," OKALOACOOCHEE BRANCH AT S.R.80,PORT LABELLE",CR-22.0T,26.7627778,-81.4,3235O,5/31/1979 12:00:00 AM,0.5,M,OP_MGL,"PHOSPHORUS, PHOSPHATE (PO4) AS P",TOTAL,0.007,MG/L,,,0.007,MG/L
2003889,OKALOACOOCHEE BRANCH,STORET_21FLSFWM,CR-22.0T," OKALOACOOCHEE BRANCH AT S.R.80,PORT LABELLE",CR-22.0T,26.7627778,-81.4,3235O,6/25/1979 12:00:00 AM,0.5,M,OP_MGL,"PHOSPHORUS, PHOSPHATE (PO4) AS P",TOTAL,0.002,MG/L,,,0.002,MG/L
2003889,OKALOACOOCHEE BRANCH,STORET_21FLSFWM,CR-22.0T," OKALOACOOCHEE BRANCH AT S.R.80,PORT LABELLE",CR-22.0T,26.7627778,-81.4,3235O,07-09-1979 0:00,0.5,M,OP_MGL,"PHOSPHORUS, PHOSPHATE (PO4) AS P",TOTAL,0.003,MG/L,,,0.003,MG/L
2003889,OKALOACOOCHEE BRANCH,STORET_21FLSFWM,CR-22.0T," OKALOACOOCHEE BRANCH AT S.R.80,PORT LABELLE",CR-22.0T,26.7627778,-81.4,3235O,8/13/1979 12:00:00 AM,0.5,M,OP_MGL,"PHOSPHORUS, PHOSPHATE (PO4) AS P",TOTAL,0.022,MG/L,,,0.022,MG/L
2003889,OKALOACOOCHEE BRANCH,STORET_21FLSFWM,CR-22.0T," OKALOACOOCHEE BRANCH AT S.R.80,PORT LABELLE",CR-22.0T,26.7627778,-81.4,3235O,09-10-1979 0:00,0.5,M,OP_MGL,"PHOSPHORUS, PHOSPHATE (PO4) AS P",TOTAL,0.165,MG/L,,,0.165,MG/L
2003889,OKALOACOOCHEE BRANCH,STORET_21FLSFWM,CR-22.0T," OKALOACOOCHEE BRANCH AT S.R.80,PORT LABELLE",CR-22.0T,26.7627778,-81.4,3235O,10/16/1979 12:00:00 AM,0.5,M,OP_MGL,"PHOSPHORUS, PHOSPHATE (PO4) AS P",TOTAL,0.051,MG/L,,,0.051,MG/L
2003889,OKALOACOOCHEE BRANCH,STORET_21FLSFWM,CR-22.0T," OKALOACOOCHEE BRANCH AT S.R.80,PORT LABELLE",CR-22.0T,26.7627778,-81.4,3235O,11-06-1979 0:00,0.5,M,OP_MGL,"PHOSPHORUS, PHOSPHATE (PO4) AS P",TOTAL,0.014,MG/L,,,0.014,MG/L
2003889,OKALOACOOCHEE BRANCH,STORET_21FLSFWM,CR-22.0T," OKALOACOOCHEE BRANCH AT S.R.80,PORT LABELLE",CR-22.0T,26.7627778,-81.4,3235O,12-03-1979 0:00,0.5,M,OP_MGL,"PHOSPHORUS, PHOSPHATE (PO4) AS P",TOTAL,0.02,MG/L,,,0.02,MG/L
2003889,OKALOACOOCHEE BRANCH,STORET_21FLSFWM,CR-22.0T," OKALOACOOCHEE BRANCH AT S.R.80,PORT LABELLE",CR-22.0T,26.7627778,-81.4,3235O,1/15/1980 12:00:00 AM,0.5,M,OP_MGL,"PHOSPHORUS, PHOSPHATE (PO4) AS P",TOTAL,0.012,MG/L,,,0.012,MG/L
2003889,OKALOACOOCHEE BRANCH,STORET_21FLSFWM,CR-22.0T," OKALOACOOCHEE BRANCH AT S.R.80,PORT LABELLE",CR-22.0T,26.7627778,-81.4,3235O,2/19/1980 12:00:00 AM,0.5,M,OP_MGL,"PHOSPHORUS, PHOSPHATE (PO4) AS P",TOTAL,0.01,MG/L,,,0.01,MG/L
2003889,OKALOACOOCHEE BRANCH,STORET_21FLSFWM,CR-22.0T," OKALOACOOCHEE BRANCH AT S.R.80,PORT LABELLE",CR-22.0T,26.7627778,-81.4,3235O,3/17/1980 12:00:00 AM,0.5,M,OP_MGL,"PHOSPHORUS, PHOSPHATE (PO4) AS P",TOTAL,0.01,MG/L,,,0.01,MG/L
2003889,OKALOACOOCHEE BRANCH,STORET_21FLSFWM,CR-22.0T," OKALOACOOCHEE BRANCH AT S.R.80,PORT LABELLE",CR-22.0T,26.7627778,-81.4,3235O,4/15/1980 12:00:00 AM,0.5,M,OP_MGL,"PHOSPHORUS, PHOSPHATE (PO4) AS P",TOTAL,0.007,MG/L,,,0.007,MG/L
2003889,OKALOACOOCHEE BRANCH,STORET_21FLSFWM,CR-22.0T," OKALOACOOCHEE BRANCH AT S.R.80,PORT LABELLE",CR-22.0T,26.7627778,-81.4,3235O,5/19/1980 12:00:00 AM,0.5,M,OP_MGL,"PHOSPHORUS, PHOSPHATE (PO4) AS P",TOTAL,0.004,MG/L,,,0.004,MG/L
2003889,OKALOACOOCHEE BRANCH,STORET_21FLSFWM,CR-22.0T," OKALOACOOCHEE BRANCH AT S.R.80,PORT LABELLE",CR-22.0T,26.7627778,-81.4,3235O,06-09-1980 0:00,0.5,M,OP_MGL,"PHOSPHORUS, PHOSPHATE (PO4) AS P",TOTAL,0.009,MG/L,,,0.009,MG/L
2003889,OKALOACOOCHEE BRANCH,STORET_21FLSFWM,CR-22.0T," OKALOACOOCHEE BRANCH AT S.R.80,PORT LABELLE",CR-22.0T,26.7627778,-81.4,3235O,8/18/1980 12:00:00 AM,0.5,M,OP_MGL,"PHOSPHORUS, PHOSPHATE (PO4) AS P",TOTAL,0.004,MG/L,,,0.004,MG/L
2003889,OKALOACOOCHEE BRANCH,STORET_21FLSFWM,CR-22.0T," OKALOACOOCHEE BRANCH AT S.R.80,PORT LABELLE",CR-22.0T,26.7627778,-81.4,3235O,9/16/1980 12:00:00 AM,0.5,M,OP_MGL,"PHOSPHORUS, PHOSPHATE (PO4) AS P",TOTAL,0.068,MG/L,,,0.068,MG/L
2003889,OKALOACOOCHEE BRANCH,STORET_21FLSFWM,CR-22.0T," OKALOACOOCHEE BRANCH AT S.R.80,PORT LABELLE",CR-22.0T,26.7627778,-81.4,3235O,10/13/1980 12:00:00 AM,0.5,M,OP_MGL,"PHOSPHORUS, PHOSPHATE (PO4) AS P",TOTAL,0.036,MG/L,,,0.036,MG/L
2003889,OKALOACOOCHEE BRANCH,STORET_21FLSFWM,CR-22.0T," OKALOACOOCHEE BRANCH AT S.R.80,PORT LABELLE",CR-22.0T,26.7627778,-81.4,3235O,11-10-1980 0:00,0.5,M,OP_MGL,"PHOSPHORUS, PHOSPHATE (PO4) AS P",TOTAL,0.014,MG/L,,,0.014,MG/L
2003889,OKALOACOOCHEE BRANCH,STORET_21FLSFWM,CR-22.0T," OKALOACOOCHEE BRANCH AT S.R.80,PORT LABELLE",CR-22.0T,26.7627778,-81.4,3235O,12-09-1980 0:00,0.5,M,OP_MGL,"PHOSPHORUS, PHOSPHATE (PO4) AS P",TOTAL,0.003,MG/L,,,0.003,MG/L
