﻿WBodyID,WaterBodyName,DataSource,StationID,StationName,Actual_StationID,Actual_Latitude,Actual_Longitude,DEP_WBID,SampleDate,ActivityDepth,DepthUnits,Parameter,Characteristic,Sample_Fraction,Result_Value,Result_Unit,QACode,Result_Comment,Original_Result_Value,Original_Result_Unit
2003889,OKALOACOOCHEE BRANCH,WIN_21FLSFWM,32275, CRFW09,32275,26.7629,-81.4001,3235O,5/18/2020 11:11:00 AM,0.23,M,NOX_UGL,"NITROGEN, NITRITE (NO2) + NITRATE (NO3) AS N",DISSOLVED,9,UG/L,I,,0.009,MG/L
2003889,OKALOACOOCHEE BRANCH,WIN_21FLSFWM,32275, CRFW09,32275,26.7629,-81.4001,3235O,06-01-2020 11:29,0.38,M,NOX_UGL,"NITROGEN, NITRITE (NO2) + NITRATE (NO3) AS N",DISSOLVED,5,UG/L,U,,0.005,MG/L
2003889,OKALOACOOCHEE BRANCH,WIN_21FLSFWM,32275, CRFW09,32275,26.7629,-81.4001,3235O,6/15/2020 11:30:00 AM,0.39,M,NOX_UGL,"NITROGEN, NITRITE (NO2) + NITRATE (NO3) AS N",DISSOLVED,5,UG/L,U,,0.005,MG/L
2003889,OKALOACOOCHEE BRANCH,WIN_21FLSFWM,32275, CRFW09,32275,26.7629,-81.4001,3235O,6/29/2020 11:07:00 AM,0.33,M,NOX_UGL,"NITROGEN, NITRITE (NO2) + NITRATE (NO3) AS N",DISSOLVED,6,UG/L,I,,0.006,MG/L
2003889,OKALOACOOCHEE BRANCH,WIN_21FLSFWM,32275, CRFW09,32275,26.7629,-81.4001,3235O,7/13/2020 11:32:00 AM,0.41,M,NOX_UGL,"NITROGEN, NITRITE (NO2) + NITRATE (NO3) AS N",DISSOLVED,6,UG/L,I,,0.006,MG/L
2003889,OKALOACOOCHEE BRANCH,WIN_21FLSFWM,32275, CRFW09,32275,26.7629,-81.4001,3235O,7/27/2020 11:37:00 AM,0.4,M,NOX_UGL,"NITROGEN, NITRITE (NO2) + NITRATE (NO3) AS N",DISSOLVED,5,UG/L,U,,0.005,MG/L
2003889,OKALOACOOCHEE BRANCH,WIN_21FLSFWM,32275, CRFW09,32275,26.7629,-81.4001,3235O,08-10-2020 11:16,0.42,M,NOX_UGL,"NITROGEN, NITRITE (NO2) + NITRATE (NO3) AS N",DISSOLVED,5,UG/L,U,,0.005,MG/L
2003889,OKALOACOOCHEE BRANCH,WIN_21FLSFWM,32275, CRFW09,32275,26.7629,-81.4001,3235O,8/24/2020 11:36:00 AM,0.48,M,NOX_UGL,"NITROGEN, NITRITE (NO2) + NITRATE (NO3) AS N",DISSOLVED,48,UG/L,,,0.048,MG/L
2003889,OKALOACOOCHEE BRANCH,WIN_21FLSFWM,32275, CRFW09,32275,26.7629,-81.4001,3235O,09-08-2020 11:29,0.5,M,NOX_UGL,"NITROGEN, NITRITE (NO2) + NITRATE (NO3) AS N",DISSOLVED,26,UG/L,,,0.026,MG/L
2003889,OKALOACOOCHEE BRANCH,WIN_21FLSFWM,32275, CRFW09,32275,26.7629,-81.4001,3235O,9/21/2020 11:43:00 AM,0.5,M,NOX_UGL,"NITROGEN, NITRITE (NO2) + NITRATE (NO3) AS N",DISSOLVED,87,UG/L,,,0.087,MG/L
2003889,OKALOACOOCHEE BRANCH,WIN_21FLSFWM,32275, CRFW09,32275,26.7629,-81.4001,3235O,10-05-2020 11:22,0.5,M,NOX_UGL,"NITROGEN, NITRITE (NO2) + NITRATE (NO3) AS N",DISSOLVED,112,UG/L,,,0.112,MG/L
2003889,OKALOACOOCHEE BRANCH,WIN_21FLSFWM,32275, CRFW09,32275,26.7629,-81.4001,3235O,10/19/2020 12:16:00 PM,0.5,M,NOX_UGL,"NITROGEN, NITRITE (NO2) + NITRATE (NO3) AS N",DISSOLVED,107,UG/L,,,0.107,MG/L
2003889,OKALOACOOCHEE BRANCH,WIN_21FLSFWM,32275, CRFW09,32275,26.7629,-81.4001,3235O,11-02-2020 11:46,0.38,M,NOX_UGL,"NITROGEN, NITRITE (NO2) + NITRATE (NO3) AS N",DISSOLVED,9,UG/L,I,,0.009,MG/L
2003889,OKALOACOOCHEE BRANCH,WIN_21FLSFWM,32275, CRFW09,32275,26.7629,-81.4001,3235O,11/16/2020 11:44:00 AM,0.5,M,NOX_UGL,"NITROGEN, NITRITE (NO2) + NITRATE (NO3) AS N",DISSOLVED,247,UG/L,,,0.247,MG/L
2003889,OKALOACOOCHEE BRANCH,WIN_21FLSFWM,32275, CRFW09,32275,26.7629,-81.4001,3235O,11/30/2020 10:52:00 AM,0.45,M,NOX_UGL,"NITROGEN, NITRITE (NO2) + NITRATE (NO3) AS N",DISSOLVED,181,UG/L,,,0.181,MG/L
2003889,OKALOACOOCHEE BRANCH,WIN_21FLSFWM,32275, CRFW09,32275,26.7629,-81.4001,3235O,12/14/2020 11:20:00 AM,0.5,M,NOX_UGL,"NITROGEN, NITRITE (NO2) + NITRATE (NO3) AS N",DISSOLVED,5,UG/L,U,,0.005,MG/L
2003889,OKALOACOOCHEE BRANCH,WIN_21FLSFWM,32275, CRFW09,32275,26.7629,-81.4001,3235O,12/28/2020 11:05:00 AM,0.3,M,NOX_UGL,"NITROGEN, NITRITE (NO2) + NITRATE (NO3) AS N",DISSOLVED,29,UG/L,,,0.029,MG/L
2003889,OKALOACOOCHEE BRANCH,WIN_21FLSFWM,32275, CRFW09,32275,26.7629,-81.4001,3235O,01-11-2021 12:08,0.41,M,NOX_UGL,"NITROGEN, NITRITE (NO2) + NITRATE (NO3) AS N",DISSOLVED,12,UG/L,,,0.012,MG/L
2003889,OKALOACOOCHEE BRANCH,WIN_21FLSFWM,32275, CRFW09,32275,26.7629,-81.4001,3235O,1/25/2021 11:30:00 AM,0.5,M,NOX_UGL,"NITROGEN, NITRITE (NO2) + NITRATE (NO3) AS N",DISSOLVED,5,UG/L,U,,0.005,MG/L
2003889,OKALOACOOCHEE BRANCH,WIN_21FLSFWM,32275, CRFW09,32275,26.7629,-81.4001,3235O,02-08-2021 11:06,0.5,M,NOX_UGL,"NITROGEN, NITRITE (NO2) + NITRATE (NO3) AS N",DISSOLVED,5,UG/L,U,,0.005,MG/L
2003889,OKALOACOOCHEE BRANCH,WIN_21FLSFWM,32275, CRFW09,32275,26.7629,-81.4001,3235O,2/22/2021 10:58:00 AM,0.38,M,NOX_UGL,"NITROGEN, NITRITE (NO2) + NITRATE (NO3) AS N",DISSOLVED,5,UG/L,U,,0.005,MG/L
2003889,OKALOACOOCHEE BRANCH,WIN_21FLSFWM,32275, CRFW09,32275,26.7629,-81.4001,3235O,3/22/2021 11:34:00 AM,0.43,M,NOX_UGL,"NITROGEN, NITRITE (NO2) + NITRATE (NO3) AS N",DISSOLVED,5,UG/L,I,,0.005,MG/L
2003889,OKALOACOOCHEE BRANCH,WIN_21FLSFWM,32275, CRFW09,32275,26.7629,-81.4001,3235O,04-05-2021 11:15,0.46,M,NOX_UGL,"NITROGEN, NITRITE (NO2) + NITRATE (NO3) AS N",DISSOLVED,15,UG/L,,,0.015,MG/L
2003889,OKALOACOOCHEE BRANCH,WIN_21FLSFWM,32275, CRFW09,32275,26.7629,-81.4001,3235O,4/19/2021 10:21:00 AM,0.28,M,NOX_UGL,"NITROGEN, NITRITE (NO2) + NITRATE (NO3) AS N",DISSOLVED,7,UG/L,I,,0.007,MG/L
2003889,OKALOACOOCHEE BRANCH,WIN_21FLSFWM,32275, CRFW09,32275,26.7629,-81.4001,3235O,05-03-2021 10:54,0.3,M,NOX_UGL,"NITROGEN, NITRITE (NO2) + NITRATE (NO3) AS N",DISSOLVED,7,UG/L,I,,0.007,MG/L
2003889,OKALOACOOCHEE BRANCH,WIN_21FLFTM,G3SD0099, OKALOACOOCHEE BRANCH @ EUCALYPTUS,G3SD0099,26.75602,-81.39836,3235O,1/24/2018 9:10:00 AM,0.15,M,NOX_UGL,"NITROGEN, NITRITE (NO2) + NITRATE (NO3) AS N",TOTAL,86,UG/L,,,0.086,MG/L
2003889,OKALOACOOCHEE BRANCH,WIN_21FLFTM,G3SD0099, OKALOACOOCHEE BRANCH @ EUCALYPTUS,G3SD0099,26.75602,-81.39836,3235O,03-05-2018 10:10,0.15,M,NOX_UGL,"NITROGEN, NITRITE (NO2) + NITRATE (NO3) AS N",TOTAL,76,UG/L,,,0.076,MG/L
2003889,OKALOACOOCHEE BRANCH,WIN_21FLFTM,G3SD0099, OKALOACOOCHEE BRANCH @ EUCALYPTUS,G3SD0099,26.75602,-81.39836,3235O,5/15/2018 11:55:00 AM,0.15,M,NOX_UGL,"NITROGEN, NITRITE (NO2) + NITRATE (NO3) AS N",TOTAL,36,UG/L,,,0.036,MG/L
2003889,OKALOACOOCHEE BRANCH,WIN_21FLFTM,G3SD0099, OKALOACOOCHEE BRANCH @ EUCALYPTUS,G3SD0099,26.75602,-81.39836,3235O,06-07-2018 9:00,0.15,M,NOX_UGL,"NITROGEN, NITRITE (NO2) + NITRATE (NO3) AS N",TOTAL,28,UG/L,,,0.028,MG/L
2003889,OKALOACOOCHEE BRANCH,WIN_21FLFTM,G3SD0099, OKALOACOOCHEE BRANCH @ EUCALYPTUS,G3SD0099,26.75602,-81.39836,3235O,7/24/2018 12:30:00 PM,0.2,M,NOX_UGL,"NITROGEN, NITRITE (NO2) + NITRATE (NO3) AS N",TOTAL,64,UG/L,,,0.064,MG/L
2003889,OKALOACOOCHEE BRANCH,WIN_21FLFTM,G3SD0099, OKALOACOOCHEE BRANCH @ EUCALYPTUS,G3SD0099,26.75602,-81.39836,3235O,09-11-2018 14:00,0.1,M,NOX_UGL,"NITROGEN, NITRITE (NO2) + NITRATE (NO3) AS N",TOTAL,83,UG/L,,,0.083,MG/L
2003889,OKALOACOOCHEE BRANCH,WIN_21FLFTM,G3SD0099, OKALOACOOCHEE BRANCH @ EUCALYPTUS,G3SD0099,26.75602,-81.39836,3235O,12-12-2018 15:10,0.2,M,NOX_UGL,"NITROGEN, NITRITE (NO2) + NITRATE (NO3) AS N",TOTAL,150,UG/L,,,0.15,MG/L
2003889,OKALOACOOCHEE BRANCH,WIN_21FLFTM,G3SD0099, OKALOACOOCHEE BRANCH @ EUCALYPTUS,G3SD0099,26.75602,-81.39836,3235O,04-09-2019 10:00,0.2,M,NOX_UGL,"NITROGEN, NITRITE (NO2) + NITRATE (NO3) AS N",TOTAL,10,UG/L,I,,0.01,MG/L
2003889,OKALOACOOCHEE BRANCH,WIN_21FLFTM,G3SD0099, OKALOACOOCHEE BRANCH @ EUCALYPTUS,G3SD0099,26.75602,-81.39836,3235O,05-07-2019 10:40,0.1,M,NOX_UGL,"NITROGEN, NITRITE (NO2) + NITRATE (NO3) AS N",TOTAL,12,UG/L,,,0.012,MG/L
2003889,OKALOACOOCHEE BRANCH,WIN_21FLFTM,G3SD0099, OKALOACOOCHEE BRANCH @ EUCALYPTUS,G3SD0099,26.75602,-81.39836,3235O,6/24/2019 10:15:00 AM,0.15,M,NOX_UGL,"NITROGEN, NITRITE (NO2) + NITRATE (NO3) AS N",TOTAL,34,UG/L,,,0.034,MG/L
2003889,OKALOACOOCHEE BRANCH,WIN_21FLFTM,G3SD0099, OKALOACOOCHEE BRANCH @ EUCALYPTUS,G3SD0099,26.75602,-81.39836,3235O,6/24/2019 10:20:00 AM,0.3,M,NOX_UGL,"NITROGEN, NITRITE (NO2) + NITRATE (NO3) AS N",TOTAL,34,UG/L,,,0.034,MG/L
2003889,OKALOACOOCHEE BRANCH,WIN_21FLFTM,G3SD0099, OKALOACOOCHEE BRANCH @ EUCALYPTUS,G3SD0099,26.75602,-81.39836,3235O,7/15/2019 11:00:00 AM,0.1,M,NOX_UGL,"NITROGEN, NITRITE (NO2) + NITRATE (NO3) AS N",TOTAL,73,UG/L,,,0.073,MG/L
2003889,OKALOACOOCHEE BRANCH,WIN_21FLFTM,G3SD0099, OKALOACOOCHEE BRANCH @ EUCALYPTUS,G3SD0099,26.75602,-81.39836,3235O,10-02-2019 10:25,0.1,M,NOX_UGL,"NITROGEN, NITRITE (NO2) + NITRATE (NO3) AS N",TOTAL,29,UG/L,,,0.029,MG/L
2003889,OKALOACOOCHEE BRANCH,WIN_21FLFTM,CALUSA0051FTM, OKALOACOOCHEE BRANCH AT EUCALYPTUS BLVD,CALUSA0051FTM,26.75602,-81.39836,3235O,4/24/2017 10:50:00 AM,0.15,M,NOX_UGL,"NITROGEN, NITRITE (NO2) + NITRATE (NO3) AS N",TOTAL,40,UG/L,,,0.04,MG/L
2003889,OKALOACOOCHEE BRANCH,WIN_21FLFTM,CALUSA0051FTM, OKALOACOOCHEE BRANCH AT EUCALYPTUS BLVD,CALUSA0051FTM,26.75602,-81.39836,3235O,07-12-2017 9:40,0.2,M,NOX_UGL,"NITROGEN, NITRITE (NO2) + NITRATE (NO3) AS N",TOTAL,54,UG/L,,,0.054,MG/L
2003889,OKALOACOOCHEE BRANCH,WIN_21FLFTM,CALUSA0051FTM, OKALOACOOCHEE BRANCH AT EUCALYPTUS BLVD,CALUSA0051FTM,26.75602,-81.39836,3235O,8/28/2017 11:00:00 AM,0.15,M,NOX_UGL,"NITROGEN, NITRITE (NO2) + NITRATE (NO3) AS N",TOTAL,47,UG/L,,,0.047,MG/L
2003889,OKALOACOOCHEE BRANCH,WIN_21FLFTM,CALUSA0051FTM, OKALOACOOCHEE BRANCH AT EUCALYPTUS BLVD,CALUSA0051FTM,26.75602,-81.39836,3235O,10/17/2017 2:10:00 PM,0.2,M,NOX_UGL,"NITROGEN, NITRITE (NO2) + NITRATE (NO3) AS N",TOTAL,98,UG/L,,,0.098,MG/L
2003889,OKALOACOOCHEE BRANCH,WIN_21FLFTM,CALUSA0051FTM, OKALOACOOCHEE BRANCH AT EUCALYPTUS BLVD,CALUSA0051FTM,26.75602,-81.39836,3235O,10/17/2017 2:15:00 PM,0.3,M,NOX_UGL,"NITROGEN, NITRITE (NO2) + NITRATE (NO3) AS N",TOTAL,99,UG/L,,,0.099,MG/L
2003889,OKALOACOOCHEE BRANCH,WIN_21FLFTM,CALUSA0051FTM, OKALOACOOCHEE BRANCH AT EUCALYPTUS BLVD,CALUSA0051FTM,26.75602,-81.39836,3235O,11/14/2017 1:50:00 PM,0.1,M,NOX_UGL,"NITROGEN, NITRITE (NO2) + NITRATE (NO3) AS N",TOTAL,200,UG/L,,,0.2,MG/L
2003889,OKALOACOOCHEE BRANCH,STORET_21FLFTM,CALUSA0051FTM, OKALOACOOCHEE BRANCH AT EUCALYPTUS BLVD.,CALUSA0051FTM,26.75601,-81.39836,3235O,3/15/2016 12:00:00 AM,0.3,M,NOX_UGL,"NITROGEN, NITRITE (NO2) + NITRATE (NO3) AS N",TOTAL,6,UG/L,I,**I**,0.006,MG/L
2003889,OKALOACOOCHEE BRANCH,STORET_21FLFTM,CALUSA0051FTM, OKALOACOOCHEE BRANCH AT EUCALYPTUS BLVD.,CALUSA0051FTM,26.75601,-81.39836,3235O,6/27/2016 12:00:00 AM,0.3,M,NOX_UGL,"NITROGEN, NITRITE (NO2) + NITRATE (NO3) AS N",TOTAL,52,UG/L,,,0.052,MG/L
2003889,OKALOACOOCHEE BRANCH,STORET_21FLFTM,CALUSA0051FTM, OKALOACOOCHEE BRANCH AT EUCALYPTUS BLVD.,CALUSA0051FTM,26.75601,-81.39836,3235O,9/20/2016 12:00:00 AM,0.3,M,NOX_UGL,"NITROGEN, NITRITE (NO2) + NITRATE (NO3) AS N",TOTAL,110,UG/L,,,0.11,MG/L
2003889,OKALOACOOCHEE BRANCH,STORET_21FLFTM,CALUSA0051FTM, OKALOACOOCHEE BRANCH AT EUCALYPTUS BLVD.,CALUSA0051FTM,26.75601,-81.39836,3235O,10/18/2016 12:00:00 AM,0.3,M,NOX_UGL,"NITROGEN, NITRITE (NO2) + NITRATE (NO3) AS N",TOTAL,250,UG/L,,,0.25,MG/L
2003889,OKALOACOOCHEE BRANCH,STORET_21FLFTM,CALUSA0051FTM, OKALOACOOCHEE BRANCH AT EUCALYPTUS BLVD.,CALUSA0051FTM,26.75601,-81.39836,3235O,12/14/2016 12:00:00 AM,0.3,M,NOX_UGL,"NITROGEN, NITRITE (NO2) + NITRATE (NO3) AS N",TOTAL,240,UG/L,,,0.24,MG/L
2003889,OKALOACOOCHEE BRANCH,STORET_21FLFTM,CALUSA0051FTM, OKALOACOOCHEE BRANCH AT EUCALYPTUS BLVD.,CALUSA0051FTM,26.75601,-81.39836,3235O,07-12-2017 0:00,0.2,M,NOX_UGL,"NITROGEN, NITRITE (NO2) + NITRATE (NO3) AS N",TOTAL,54,UG/L,,,0.054,MG/L
2003889,OKALOACOOCHEE BRANCH,STORET_21FLSFWM,CR-22.0T," OKALOACOOCHEE BRANCH AT S.R.80,PORT LABELLE",CR-22.0T,26.7627778,-81.4,3235O,01-11-1978 0:00,0.5,M,NOX_UGL,"NITROGEN, NITRITE (NO2) + NITRATE (NO3) AS N",TOTAL,24,UG/L,,,0.024,MG/L
2003889,OKALOACOOCHEE BRANCH,STORET_21FLSFWM,CR-22.0T," OKALOACOOCHEE BRANCH AT S.R.80,PORT LABELLE",CR-22.0T,26.7627778,-81.4,3235O,1/20/1978 12:00:00 AM,0.5,M,NOX_UGL,"NITROGEN, NITRITE (NO2) + NITRATE (NO3) AS N",TOTAL,49,UG/L,,,0.049,MG/L
2003889,OKALOACOOCHEE BRANCH,STORET_21FLSFWM,CR-22.0T," OKALOACOOCHEE BRANCH AT S.R.80,PORT LABELLE",CR-22.0T,26.7627778,-81.4,3235O,02-08-1978 0:00,0.5,M,NOX_UGL,"NITROGEN, NITRITE (NO2) + NITRATE (NO3) AS N",TOTAL,21,UG/L,,,0.021,MG/L
2003889,OKALOACOOCHEE BRANCH,STORET_21FLSFWM,CR-22.0T," OKALOACOOCHEE BRANCH AT S.R.80,PORT LABELLE",CR-22.0T,26.7627778,-81.4,3235O,03-08-1978 0:00,0.5,M,NOX_UGL,"NITROGEN, NITRITE (NO2) + NITRATE (NO3) AS N",TOTAL,6,UG/L,,,0.006,MG/L
2003889,OKALOACOOCHEE BRANCH,STORET_21FLSFWM,CR-22.0T," OKALOACOOCHEE BRANCH AT S.R.80,PORT LABELLE",CR-22.0T,26.7627778,-81.4,3235O,08-09-1978 0:00,0.5,M,NOX_UGL,"NITROGEN, NITRITE (NO2) + NITRATE (NO3) AS N",TOTAL,5,UG/L,,,0.005,MG/L
2003889,OKALOACOOCHEE BRANCH,STORET_21FLSFWM,CR-22.0T," OKALOACOOCHEE BRANCH AT S.R.80,PORT LABELLE",CR-22.0T,26.7627778,-81.4,3235O,9/13/1978 12:00:00 AM,0.5,M,NOX_UGL,"NITROGEN, NITRITE (NO2) + NITRATE (NO3) AS N",TOTAL,8,UG/L,,,0.008,MG/L
2003889,OKALOACOOCHEE BRANCH,STORET_21FLSFWM,CR-22.0T," OKALOACOOCHEE BRANCH AT S.R.80,PORT LABELLE",CR-22.0T,26.7627778,-81.4,3235O,10/17/1978 12:00:00 AM,0.5,M,NOX_UGL,"NITROGEN, NITRITE (NO2) + NITRATE (NO3) AS N",TOTAL,6,UG/L,,,0.006,MG/L
2003889,OKALOACOOCHEE BRANCH,STORET_21FLSFWM,CR-22.0T," OKALOACOOCHEE BRANCH AT S.R.80,PORT LABELLE",CR-22.0T,26.7627778,-81.4,3235O,12/13/1978 12:00:00 AM,0.5,M,NOX_UGL,"NITROGEN, NITRITE (NO2) + NITRATE (NO3) AS N",TOTAL,10,UG/L,,,0.01,MG/L
2003889,OKALOACOOCHEE BRANCH,STORET_21FLSFWM,CR-22.0T," OKALOACOOCHEE BRANCH AT S.R.80,PORT LABELLE",CR-22.0T,26.7627778,-81.4,3235O,1/15/1979 12:00:00 AM,0.5,M,NOX_UGL,"NITROGEN, NITRITE (NO2) + NITRATE (NO3) AS N",TOTAL,27,UG/L,,,0.027,MG/L
2003889,OKALOACOOCHEE BRANCH,STORET_21FLSFWM,CR-22.0T," OKALOACOOCHEE BRANCH AT S.R.80,PORT LABELLE",CR-22.0T,26.7627778,-81.4,3235O,05-01-1979 0:00,0.5,M,NOX_UGL,"NITROGEN, NITRITE (NO2) + NITRATE (NO3) AS N",TOTAL,15,UG/L,,,0.015,MG/L
2003889,OKALOACOOCHEE BRANCH,STORET_21FLSFWM,CR-22.0T," OKALOACOOCHEE BRANCH AT S.R.80,PORT LABELLE",CR-22.0T,26.7627778,-81.4,3235O,5/14/1979 12:00:00 AM,0.5,M,NOX_UGL,"NITROGEN, NITRITE (NO2) + NITRATE (NO3) AS N",TOTAL,27,UG/L,,,0.027,MG/L
2003889,OKALOACOOCHEE BRANCH,STORET_21FLSFWM,CR-22.0T," OKALOACOOCHEE BRANCH AT S.R.80,PORT LABELLE",CR-22.0T,26.7627778,-81.4,3235O,8/13/1979 12:00:00 AM,0.5,M,NOX_UGL,"NITROGEN, NITRITE (NO2) + NITRATE (NO3) AS N",TOTAL,82,UG/L,,,0.082,MG/L
2003889,OKALOACOOCHEE BRANCH,STORET_21FLSFWM,CR-22.0T," OKALOACOOCHEE BRANCH AT S.R.80,PORT LABELLE",CR-22.0T,26.7627778,-81.4,3235O,09-10-1979 0:00,0.5,M,NOX_UGL,"NITROGEN, NITRITE (NO2) + NITRATE (NO3) AS N",TOTAL,10,UG/L,,,0.01,MG/L
2003889,OKALOACOOCHEE BRANCH,STORET_21FLSFWM,CR-22.0T," OKALOACOOCHEE BRANCH AT S.R.80,PORT LABELLE",CR-22.0T,26.7627778,-81.4,3235O,10/16/1979 12:00:00 AM,0.5,M,NOX_UGL,"NITROGEN, NITRITE (NO2) + NITRATE (NO3) AS N",TOTAL,33,UG/L,,,0.033,MG/L
2003889,OKALOACOOCHEE BRANCH,STORET_21FLSFWM,CR-22.0T," OKALOACOOCHEE BRANCH AT S.R.80,PORT LABELLE",CR-22.0T,26.7627778,-81.4,3235O,11-06-1979 0:00,0.5,M,NOX_UGL,"NITROGEN, NITRITE (NO2) + NITRATE (NO3) AS N",TOTAL,125,UG/L,,,0.125,MG/L
2003889,OKALOACOOCHEE BRANCH,STORET_21FLSFWM,CR-22.0T," OKALOACOOCHEE BRANCH AT S.R.80,PORT LABELLE",CR-22.0T,26.7627778,-81.4,3235O,12-03-1979 0:00,0.5,M,NOX_UGL,"NITROGEN, NITRITE (NO2) + NITRATE (NO3) AS N",TOTAL,55,UG/L,,,0.055,MG/L
2003889,OKALOACOOCHEE BRANCH,STORET_21FLSFWM,CR-22.0T," OKALOACOOCHEE BRANCH AT S.R.80,PORT LABELLE",CR-22.0T,26.7627778,-81.4,3235O,2/19/1980 12:00:00 AM,0.5,M,NOX_UGL,"NITROGEN, NITRITE (NO2) + NITRATE (NO3) AS N",TOTAL,6,UG/L,,,0.006,MG/L
2003889,OKALOACOOCHEE BRANCH,STORET_21FLSFWM,CR-22.0T," OKALOACOOCHEE BRANCH AT S.R.80,PORT LABELLE",CR-22.0T,26.7627778,-81.4,3235O,06-09-1980 0:00,0.5,M,NOX_UGL,"NITROGEN, NITRITE (NO2) + NITRATE (NO3) AS N",TOTAL,5,UG/L,,,0.005,MG/L
2003889,OKALOACOOCHEE BRANCH,STORET_21FLSFWM,CR-22.0T," OKALOACOOCHEE BRANCH AT S.R.80,PORT LABELLE",CR-22.0T,26.7627778,-81.4,3235O,7/15/1980 12:00:00 AM,0.5,M,NOX_UGL,"NITROGEN, NITRITE (NO2) + NITRATE (NO3) AS N",TOTAL,4,UG/L,,,0.004,MG/L
2003889,OKALOACOOCHEE BRANCH,STORET_21FLSFWM,CR-22.0T," OKALOACOOCHEE BRANCH AT S.R.80,PORT LABELLE",CR-22.0T,26.7627778,-81.4,3235O,8/18/1980 12:00:00 AM,0.5,M,NOX_UGL,"NITROGEN, NITRITE (NO2) + NITRATE (NO3) AS N",TOTAL,96,UG/L,,,0.096,MG/L
2003889,OKALOACOOCHEE BRANCH,STORET_21FLSFWM,CR-22.0T," OKALOACOOCHEE BRANCH AT S.R.80,PORT LABELLE",CR-22.0T,26.7627778,-81.4,3235O,9/16/1980 12:00:00 AM,0.5,M,NOX_UGL,"NITROGEN, NITRITE (NO2) + NITRATE (NO3) AS N",TOTAL,10,UG/L,,,0.01,MG/L
2003889,OKALOACOOCHEE BRANCH,STORET_21FLSFWM,CR-22.0T," OKALOACOOCHEE BRANCH AT S.R.80,PORT LABELLE",CR-22.0T,26.7627778,-81.4,3235O,10/13/1980 12:00:00 AM,0.5,M,NOX_UGL,"NITROGEN, NITRITE (NO2) + NITRATE (NO3) AS N",TOTAL,7,UG/L,,,0.007,MG/L
2003889,OKALOACOOCHEE BRANCH,STORET_21FLSFWM,CR-22.0T," OKALOACOOCHEE BRANCH AT S.R.80,PORT LABELLE",CR-22.0T,26.7627778,-81.4,3235O,11-10-1980 0:00,0.5,M,NOX_UGL,"NITROGEN, NITRITE (NO2) + NITRATE (NO3) AS N",TOTAL,9,UG/L,,,0.009,MG/L
