﻿WBodyID,WaterBodyName,DataSource,StationID,StationName,Actual_StationID,Actual_Latitude,Actual_Longitude,DEP_WBID,SampleDate,ActivityDepth,DepthUnits,Parameter,Characteristic,Sample_Fraction,Result_Value,Result_Unit,QACode,Result_Comment,Original_Result_Value,Original_Result_Unit
2003889,OKALOACOOCHEE BRANCH,STORET_21FLSFWM,CR-22.0T," OKALOACOOCHEE BRANCH AT S.R.80,PORT LABELLE",CR-22.0T,26.7627778,-81.4,3235O,1/20/1978 12:00:00 AM,0.5,M,NO2_DISS_UGL,"NITROGEN, NITRITE (NO2) AS N",DISSOLVED,10,UG/L,,,0.01,MG/L
2003889,OKALOACOOCHEE BRANCH,STORET_21FLSFWM,CR-22.0T," OKALOACOOCHEE BRANCH AT S.R.80,PORT LABELLE",CR-22.0T,26.7627778,-81.4,3235O,1/15/1979 12:00:00 AM,0.5,M,NO2_DISS_UGL,"NITROGEN, NITRITE (NO2) AS N",DISSOLVED,5,UG/L,,,0.005,MG/L
2003889,OKALOACOOCHEE BRANCH,STORET_21FLSFWM,CR-22.0T," OKALOACOOCHEE BRANCH AT S.R.80,PORT LABELLE",CR-22.0T,26.7627778,-81.4,3235O,09-10-1979 0:00,0.5,M,NO2_DISS_UGL,"NITROGEN, NITRITE (NO2) AS N",DISSOLVED,4,UG/L,,,0.004,MG/L
2003889,OKALOACOOCHEE BRANCH,STORET_21FLSFWM,CR-22.0T," OKALOACOOCHEE BRANCH AT S.R.80,PORT LABELLE",CR-22.0T,26.7627778,-81.4,3235O,10/16/1979 12:00:00 AM,0.5,M,NO2_DISS_UGL,"NITROGEN, NITRITE (NO2) AS N",DISSOLVED,5,UG/L,,,0.005,MG/L
2003889,OKALOACOOCHEE BRANCH,STORET_21FLSFWM,CR-22.0T," OKALOACOOCHEE BRANCH AT S.R.80,PORT LABELLE",CR-22.0T,26.7627778,-81.4,3235O,11-06-1979 0:00,0.5,M,NO2_DISS_UGL,"NITROGEN, NITRITE (NO2) AS N",DISSOLVED,9,UG/L,,,0.009,MG/L
2003889,OKALOACOOCHEE BRANCH,STORET_21FLSFWM,CR-22.0T," OKALOACOOCHEE BRANCH AT S.R.80,PORT LABELLE",CR-22.0T,26.7627778,-81.4,3235O,8/18/1980 12:00:00 AM,0.5,M,NO2_DISS_UGL,"NITROGEN, NITRITE (NO2) AS N",DISSOLVED,5,UG/L,,,0.005,MG/L
2003889,OKALOACOOCHEE BRANCH,STORET_21FLSFWM,CR-22.0T," OKALOACOOCHEE BRANCH AT S.R.80,PORT LABELLE",CR-22.0T,26.7627778,-81.4,3235O,9/16/1980 12:00:00 AM,0.5,M,NO2_DISS_UGL,"NITROGEN, NITRITE (NO2) AS N",DISSOLVED,4,UG/L,,,0.004,MG/L
