﻿WBodyID,WaterBodyName,DataSource,StationID,StationName,Actual_StationID,Actual_Latitude,Actual_Longitude,DEP_WBID,SampleDate,ActivityDepth,DepthUnits,Parameter,Characteristic,Sample_Fraction,Result_Value,Result_Unit,QACode,Result_Comment,Original_Result_Value,Original_Result_Unit
2003889,OKALOACOOCHEE BRANCH,WIN_21FLFTM,G3SD0099, OKALOACOOCHEE BRANCH @ EUCALYPTUS,G3SD0099,26.75602,-81.39836,3235O,1/24/2018 9:10:00 AM,0.15,M,TSS_MGL,TOTAL SUSPENDED SOLIDS (TSS),TOTAL,3,MG/L,IAY,"BATCH RELATIVE PERCENT DIFFERENCE IS UNAVAILABLE BECAUSE OF LOW ANALYTE CONCENTRATION IN THE QC SAMPLE. SAMPLE WAS LEFT OUT AT ROOM TEMPERATURE OVERNIGHT, SHOULD BE STORED BELOW 6 DEGC.",3,MG/L
2003889,OKALOACOOCHEE BRANCH,WIN_21FLFTM,G3SD0099, OKALOACOOCHEE BRANCH @ EUCALYPTUS,G3SD0099,26.75602,-81.39836,3235O,03-05-2018 10:10,0.15,M,TSS_MGL,TOTAL SUSPENDED SOLIDS (TSS),TOTAL,6,MG/L,I,BATCH RELATIVE PERCENT DIFFERENCE IS UNAVAILABLE BECAUSE OF LOW ANALYTE CONCENTRATION IN THE QC SAMPLE.,6,MG/L
2003889,OKALOACOOCHEE BRANCH,WIN_21FLFTM,G3SD0099, OKALOACOOCHEE BRANCH @ EUCALYPTUS,G3SD0099,26.75602,-81.39836,3235O,5/15/2018 11:55:00 AM,0.15,M,TSS_MGL,TOTAL SUSPENDED SOLIDS (TSS),TOTAL,3,MG/L,I,,3,MG/L
2003889,OKALOACOOCHEE BRANCH,WIN_21FLFTM,G3SD0099, OKALOACOOCHEE BRANCH @ EUCALYPTUS,G3SD0099,26.75602,-81.39836,3235O,06-07-2018 9:00,0.15,M,TSS_MGL,TOTAL SUSPENDED SOLIDS (TSS),TOTAL,5,MG/L,I,BATCH RELATIVE PERCENT DIFFERENCE IS UNAVAILABLE BECAUSE OF LOW ANALYTE CONCENTRATION IN THE QC SAMPLE.,5,MG/L
2003889,OKALOACOOCHEE BRANCH,WIN_21FLFTM,G3SD0099, OKALOACOOCHEE BRANCH @ EUCALYPTUS,G3SD0099,26.75602,-81.39836,3235O,7/24/2018 12:30:00 PM,0.2,M,TSS_MGL,TOTAL SUSPENDED SOLIDS (TSS),TOTAL,8,MG/L,I,BATCH RELATIVE PERCENT DIFFERENCE IS UNAVAILABLE BECAUSE OF LOW ANALYTE CONCENTRATION IN THE QC SAMPLE.,8,MG/L
2003889,OKALOACOOCHEE BRANCH,WIN_21FLFTM,G3SD0099, OKALOACOOCHEE BRANCH @ EUCALYPTUS,G3SD0099,26.75602,-81.39836,3235O,09-11-2018 14:00,0.1,M,TSS_MGL,TOTAL SUSPENDED SOLIDS (TSS),TOTAL,2,MG/L,I,BATCH RELATIVE PERCENT DIFFERENCE IS UNAVAILABLE BECAUSE OF LOW ANALYTE CONCENTRATION IN THE QC SAMPLE.,2,MG/L
2003889,OKALOACOOCHEE BRANCH,WIN_21FLFTM,G3SD0099, OKALOACOOCHEE BRANCH @ EUCALYPTUS,G3SD0099,26.75602,-81.39836,3235O,12-12-2018 15:10,0.2,M,TSS_MGL,TOTAL SUSPENDED SOLIDS (TSS),TOTAL,22,MG/L,,BATCH RELATIVE PERCENT DIFFERENCE IS UNAVAILABLE BECAUSE OF LOW ANALYTE CONCENTRATION IN THE QC SAMPLE.,22,MG/L
2003889,OKALOACOOCHEE BRANCH,WIN_21FLFTM,G3SD0099, OKALOACOOCHEE BRANCH @ EUCALYPTUS,G3SD0099,26.75602,-81.39836,3235O,04-09-2019 10:00,0.2,M,TSS_MGL,TOTAL SUSPENDED SOLIDS (TSS),TOTAL,6,MG/L,I,,6,MG/L
2003889,OKALOACOOCHEE BRANCH,WIN_21FLFTM,G3SD0099, OKALOACOOCHEE BRANCH @ EUCALYPTUS,G3SD0099,26.75602,-81.39836,3235O,05-07-2019 10:40,0.1,M,TSS_MGL,TOTAL SUSPENDED SOLIDS (TSS),TOTAL,4,MG/L,I,BATCH RELATIVE PERCENT DIFFERENCE IS UNAVAILABLE BECAUSE OF LOW ANALYTE CONCENTRATION IN THE QC SAMPLE.,4,MG/L
2003889,OKALOACOOCHEE BRANCH,WIN_21FLFTM,G3SD0099, OKALOACOOCHEE BRANCH @ EUCALYPTUS,G3SD0099,26.75602,-81.39836,3235O,6/24/2019 10:15:00 AM,0.15,M,TSS_MGL,TOTAL SUSPENDED SOLIDS (TSS),TOTAL,4,MG/L,I,BATCH RELATIVE PERCENT DIFFERENCE IS UNAVAILABLE BECAUSE OF LOW ANALYTE CONCENTRATION IN THE QC SAMPLE.,4,MG/L
2003889,OKALOACOOCHEE BRANCH,WIN_21FLFTM,G3SD0099, OKALOACOOCHEE BRANCH @ EUCALYPTUS,G3SD0099,26.75602,-81.39836,3235O,6/24/2019 10:20:00 AM,0.3,M,TSS_MGL,TOTAL SUSPENDED SOLIDS (TSS),TOTAL,5,MG/L,I,BATCH RELATIVE PERCENT DIFFERENCE IS UNAVAILABLE BECAUSE OF LOW ANALYTE CONCENTRATION IN THE QC SAMPLE.,5,MG/L
2003889,OKALOACOOCHEE BRANCH,WIN_21FLFTM,G3SD0099, OKALOACOOCHEE BRANCH @ EUCALYPTUS,G3SD0099,26.75602,-81.39836,3235O,7/15/2019 11:00:00 AM,0.1,M,TSS_MGL,TOTAL SUSPENDED SOLIDS (TSS),TOTAL,6,MG/L,IA,BATCH RELATIVE PERCENT DIFFERENCE IS UNAVAILABLE BECAUSE OF LOW ANALYTE CONCENTRATION IN THE QC SAMPLE.,6,MG/L
2003889,OKALOACOOCHEE BRANCH,WIN_21FLFTM,G3SD0099, OKALOACOOCHEE BRANCH @ EUCALYPTUS,G3SD0099,26.75602,-81.39836,3235O,10-02-2019 10:25,0.1,M,TSS_MGL,TOTAL SUSPENDED SOLIDS (TSS),TOTAL,3,MG/L,I,,3,MG/L
2003889,OKALOACOOCHEE BRANCH,WIN_21FLFTM,CALUSA0051FTM, OKALOACOOCHEE BRANCH AT EUCALYPTUS BLVD,CALUSA0051FTM,26.75602,-81.39836,3235O,4/24/2017 10:50:00 AM,0.15,M,TSS_MGL,TOTAL SUSPENDED SOLIDS (TSS),TOTAL,13,MG/L,,,13,MG/L
2003889,OKALOACOOCHEE BRANCH,WIN_21FLFTM,CALUSA0051FTM, OKALOACOOCHEE BRANCH AT EUCALYPTUS BLVD,CALUSA0051FTM,26.75602,-81.39836,3235O,07-12-2017 9:40,0.2,M,TSS_MGL,TOTAL SUSPENDED SOLIDS (TSS),TOTAL,8,MG/L,I,BATCH RELATIVE PERCENT DIFFERENCE IS UNAVAILABLE BECAUSE OF LOW ANALYTE CONCENTRATION IN THE QC SAMPLE.,8,MG/L
2003889,OKALOACOOCHEE BRANCH,WIN_21FLFTM,CALUSA0051FTM, OKALOACOOCHEE BRANCH AT EUCALYPTUS BLVD,CALUSA0051FTM,26.75602,-81.39836,3235O,8/28/2017 11:00:00 AM,0.15,M,TSS_MGL,TOTAL SUSPENDED SOLIDS (TSS),TOTAL,4,MG/L,I,BATCH RELATIVE PERCENT DIFFERENCE IS UNAVAILABLE BECAUSE OF LOW ANALYTE CONCENTRATION IN THE QC SAMPLE.,4,MG/L
2003889,OKALOACOOCHEE BRANCH,WIN_21FLFTM,CALUSA0051FTM, OKALOACOOCHEE BRANCH AT EUCALYPTUS BLVD,CALUSA0051FTM,26.75602,-81.39836,3235O,10/17/2017 2:10:00 PM,0.2,M,TSS_MGL,TOTAL SUSPENDED SOLIDS (TSS),TOTAL,4,MG/L,I,,4,MG/L
2003889,OKALOACOOCHEE BRANCH,WIN_21FLFTM,CALUSA0051FTM, OKALOACOOCHEE BRANCH AT EUCALYPTUS BLVD,CALUSA0051FTM,26.75602,-81.39836,3235O,10/17/2017 2:15:00 PM,0.3,M,TSS_MGL,TOTAL SUSPENDED SOLIDS (TSS),TOTAL,3,MG/L,I,,3,MG/L
2003889,OKALOACOOCHEE BRANCH,WIN_21FLFTM,CALUSA0051FTM, OKALOACOOCHEE BRANCH AT EUCALYPTUS BLVD,CALUSA0051FTM,26.75602,-81.39836,3235O,11/14/2017 1:50:00 PM,0.1,M,TSS_MGL,TOTAL SUSPENDED SOLIDS (TSS),TOTAL,2,MG/L,I,BATCH RELATIVE PERCENT DIFFERENCE IS UNAVAILABLE BECAUSE OF LOW ANALYTE CONCENTRATION IN THE QC SAMPLE.,2,MG/L
2003889,OKALOACOOCHEE BRANCH,STORET_21FLFTM,CALUSA0051FTM, OKALOACOOCHEE BRANCH AT EUCALYPTUS BLVD.,CALUSA0051FTM,26.75601,-81.39836,3235O,3/15/2016 12:00:00 AM,0.3,M,TSS_MGL,TOTAL SUSPENDED SOLIDS (TSS),TOTAL,3,MG/L,I,**I** THE PRECISION DATA IS UNAVAILABLE DUE TO THE,3,MG/L
2003889,OKALOACOOCHEE BRANCH,STORET_21FLFTM,CALUSA0051FTM, OKALOACOOCHEE BRANCH AT EUCALYPTUS BLVD.,CALUSA0051FTM,26.75601,-81.39836,3235O,6/27/2016 12:00:00 AM,0.3,M,TSS_MGL,TOTAL SUSPENDED SOLIDS (TSS),TOTAL,8,MG/L,I,**I** THE PRECISION DATA IS UNAVAILABLE DUE TO THE,8,MG/L
2003889,OKALOACOOCHEE BRANCH,STORET_21FLFTM,CALUSA0051FTM, OKALOACOOCHEE BRANCH AT EUCALYPTUS BLVD.,CALUSA0051FTM,26.75601,-81.39836,3235O,9/20/2016 12:00:00 AM,0.3,M,TSS_MGL,TOTAL SUSPENDED SOLIDS (TSS),TOTAL,6,MG/L,I,**I** BATCH RELATIVE PERCENT DIFFERENCE IS UNAVAIL,6,MG/L
2003889,OKALOACOOCHEE BRANCH,STORET_21FLFTM,CALUSA0051FTM, OKALOACOOCHEE BRANCH AT EUCALYPTUS BLVD.,CALUSA0051FTM,26.75601,-81.39836,3235O,10/18/2016 12:00:00 AM,0.3,M,TSS_MGL,TOTAL SUSPENDED SOLIDS (TSS),TOTAL,3,MG/L,I,**I** BATCH RELATIVE PERCENT DIFFERENCE IS UNAVAIL,3,MG/L
2003889,OKALOACOOCHEE BRANCH,STORET_21FLFTM,CALUSA0051FTM, OKALOACOOCHEE BRANCH AT EUCALYPTUS BLVD.,CALUSA0051FTM,26.75601,-81.39836,3235O,12/14/2016 12:00:00 AM,0.3,M,TSS_MGL,TOTAL SUSPENDED SOLIDS (TSS),TOTAL,7,MG/L,I,**I** BATCH RELATIVE PERCENT DIFFERENCE IS UNAVAIL,7,MG/L
2003889,OKALOACOOCHEE BRANCH,STORET_21FLFTM,CALUSA0051FTM, OKALOACOOCHEE BRANCH AT EUCALYPTUS BLVD.,CALUSA0051FTM,26.75601,-81.39836,3235O,07-12-2017 0:00,0.2,M,TSS_MGL,TOTAL SUSPENDED SOLIDS (TSS),TOTAL,8,MG/L,I,**I** BATCH RELATIVE PERCENT DIFFERENCE IS UNAVAIL,8,MG/L
