﻿WBodyID,WaterBodyName,DataSource,StationID,StationName,Actual_StationID,Actual_Latitude,Actual_Longitude,DEP_WBID,SampleDate,ActivityDepth,DepthUnits,Parameter,Characteristic,Sample_Fraction,Result_Value,Result_Unit,QACode,Result_Comment,Original_Result_Value,Original_Result_Unit
2003889,OKALOACOOCHEE BRANCH,WIN_21FLSFWM,32275, CRFW09,32275,26.7629,-81.4001,3235O,5/18/2020 11:11:00 AM,0.23,M,NH3_N_UGL,"NITROGEN, AMMONIA AS N",DISSOLVED,203,UG/L,,,0.203,MG/L
2003889,OKALOACOOCHEE BRANCH,WIN_21FLSFWM,32275, CRFW09,32275,26.7629,-81.4001,3235O,06-01-2020 11:29,0.38,M,NH3_N_UGL,"NITROGEN, AMMONIA AS N",DISSOLVED,21,UG/L,,,0.021,MG/L
2003889,OKALOACOOCHEE BRANCH,WIN_21FLSFWM,32275, CRFW09,32275,26.7629,-81.4001,3235O,6/15/2020 11:30:00 AM,0.39,M,NH3_N_UGL,"NITROGEN, AMMONIA AS N",DISSOLVED,5,UG/L,U,,0.005,MG/L
2003889,OKALOACOOCHEE BRANCH,WIN_21FLSFWM,32275, CRFW09,32275,26.7629,-81.4001,3235O,6/29/2020 11:07:00 AM,0.33,M,NH3_N_UGL,"NITROGEN, AMMONIA AS N",DISSOLVED,25,UG/L,,,0.025,MG/L
2003889,OKALOACOOCHEE BRANCH,WIN_21FLSFWM,32275, CRFW09,32275,26.7629,-81.4001,3235O,7/13/2020 11:32:00 AM,0.41,M,NH3_N_UGL,"NITROGEN, AMMONIA AS N",DISSOLVED,20,UG/L,,,0.02,MG/L
2003889,OKALOACOOCHEE BRANCH,WIN_21FLSFWM,32275, CRFW09,32275,26.7629,-81.4001,3235O,7/27/2020 11:37:00 AM,0.4,M,NH3_N_UGL,"NITROGEN, AMMONIA AS N",DISSOLVED,10,UG/L,,,0.01,MG/L
2003889,OKALOACOOCHEE BRANCH,WIN_21FLSFWM,32275, CRFW09,32275,26.7629,-81.4001,3235O,08-10-2020 11:16,0.42,M,NH3_N_UGL,"NITROGEN, AMMONIA AS N",DISSOLVED,7,UG/L,I,,0.007,MG/L
2003889,OKALOACOOCHEE BRANCH,WIN_21FLSFWM,32275, CRFW09,32275,26.7629,-81.4001,3235O,8/24/2020 11:36:00 AM,0.48,M,NH3_N_UGL,"NITROGEN, AMMONIA AS N",DISSOLVED,59,UG/L,,,0.059,MG/L
2003889,OKALOACOOCHEE BRANCH,WIN_21FLSFWM,32275, CRFW09,32275,26.7629,-81.4001,3235O,09-08-2020 11:29,0.5,M,NH3_N_UGL,"NITROGEN, AMMONIA AS N",DISSOLVED,49,UG/L,,,0.049,MG/L
2003889,OKALOACOOCHEE BRANCH,WIN_21FLSFWM,32275, CRFW09,32275,26.7629,-81.4001,3235O,9/21/2020 11:43:00 AM,0.5,M,NH3_N_UGL,"NITROGEN, AMMONIA AS N",DISSOLVED,148,UG/L,,,0.148,MG/L
2003889,OKALOACOOCHEE BRANCH,WIN_21FLSFWM,32275, CRFW09,32275,26.7629,-81.4001,3235O,10-05-2020 11:22,0.5,M,NH3_N_UGL,"NITROGEN, AMMONIA AS N",DISSOLVED,128,UG/L,,,0.128,MG/L
2003889,OKALOACOOCHEE BRANCH,WIN_21FLSFWM,32275, CRFW09,32275,26.7629,-81.4001,3235O,10/19/2020 12:16:00 PM,0.5,M,NH3_N_UGL,"NITROGEN, AMMONIA AS N",DISSOLVED,40,UG/L,,,0.04,MG/L
2003889,OKALOACOOCHEE BRANCH,WIN_21FLSFWM,32275, CRFW09,32275,26.7629,-81.4001,3235O,11-02-2020 11:46,0.38,M,NH3_N_UGL,"NITROGEN, AMMONIA AS N",DISSOLVED,21,UG/L,,,0.021,MG/L
2003889,OKALOACOOCHEE BRANCH,WIN_21FLSFWM,32275, CRFW09,32275,26.7629,-81.4001,3235O,11/16/2020 11:44:00 AM,0.5,M,NH3_N_UGL,"NITROGEN, AMMONIA AS N",DISSOLVED,140,UG/L,,,0.14,MG/L
2003889,OKALOACOOCHEE BRANCH,WIN_21FLSFWM,32275, CRFW09,32275,26.7629,-81.4001,3235O,11/30/2020 10:52:00 AM,0.45,M,NH3_N_UGL,"NITROGEN, AMMONIA AS N",DISSOLVED,24,UG/L,,,0.024,MG/L
2003889,OKALOACOOCHEE BRANCH,WIN_21FLSFWM,32275, CRFW09,32275,26.7629,-81.4001,3235O,12/14/2020 11:20:00 AM,0.5,M,NH3_N_UGL,"NITROGEN, AMMONIA AS N",DISSOLVED,20,UG/L,,,0.02,MG/L
2003889,OKALOACOOCHEE BRANCH,WIN_21FLSFWM,32275, CRFW09,32275,26.7629,-81.4001,3235O,12/28/2020 11:05:00 AM,0.3,M,NH3_N_UGL,"NITROGEN, AMMONIA AS N",DISSOLVED,23,UG/L,,,0.023,MG/L
2003889,OKALOACOOCHEE BRANCH,WIN_21FLSFWM,32275, CRFW09,32275,26.7629,-81.4001,3235O,01-11-2021 12:08,0.41,M,NH3_N_UGL,"NITROGEN, AMMONIA AS N",DISSOLVED,16,UG/L,,,0.016,MG/L
2003889,OKALOACOOCHEE BRANCH,WIN_21FLSFWM,32275, CRFW09,32275,26.7629,-81.4001,3235O,1/25/2021 11:30:00 AM,0.5,M,NH3_N_UGL,"NITROGEN, AMMONIA AS N",DISSOLVED,23,UG/L,,,0.023,MG/L
2003889,OKALOACOOCHEE BRANCH,WIN_21FLSFWM,32275, CRFW09,32275,26.7629,-81.4001,3235O,02-08-2021 11:06,0.5,M,NH3_N_UGL,"NITROGEN, AMMONIA AS N",DISSOLVED,30,UG/L,,,0.03,MG/L
2003889,OKALOACOOCHEE BRANCH,WIN_21FLSFWM,32275, CRFW09,32275,26.7629,-81.4001,3235O,2/22/2021 10:58:00 AM,0.38,M,NH3_N_UGL,"NITROGEN, AMMONIA AS N",DISSOLVED,15,UG/L,,,0.015,MG/L
2003889,OKALOACOOCHEE BRANCH,WIN_21FLSFWM,32275, CRFW09,32275,26.7629,-81.4001,3235O,3/22/2021 11:34:00 AM,0.43,M,NH3_N_UGL,"NITROGEN, AMMONIA AS N",DISSOLVED,44,UG/L,,,0.044,MG/L
2003889,OKALOACOOCHEE BRANCH,WIN_21FLSFWM,32275, CRFW09,32275,26.7629,-81.4001,3235O,04-05-2021 11:15,0.46,M,NH3_N_UGL,"NITROGEN, AMMONIA AS N",DISSOLVED,303,UG/L,,,0.303,MG/L
2003889,OKALOACOOCHEE BRANCH,WIN_21FLSFWM,32275, CRFW09,32275,26.7629,-81.4001,3235O,4/19/2021 10:21:00 AM,0.28,M,NH3_N_UGL,"NITROGEN, AMMONIA AS N",DISSOLVED,70,UG/L,,,0.07,MG/L
2003889,OKALOACOOCHEE BRANCH,WIN_21FLSFWM,32275, CRFW09,32275,26.7629,-81.4001,3235O,05-03-2021 10:54,0.3,M,NH3_N_UGL,"NITROGEN, AMMONIA AS N",DISSOLVED,61,UG/L,,,0.061,MG/L
2003889,OKALOACOOCHEE BRANCH,WIN_21FLFTM,G3SD0099, OKALOACOOCHEE BRANCH @ EUCALYPTUS,G3SD0099,26.75602,-81.39836,3235O,1/24/2018 9:10:00 AM,0.15,M,NH3_N_UGL,"NITROGEN, AMMONIA AS N",TOTAL,100,UG/L,,,0.1,MG/L
2003889,OKALOACOOCHEE BRANCH,WIN_21FLFTM,G3SD0099, OKALOACOOCHEE BRANCH @ EUCALYPTUS,G3SD0099,26.75602,-81.39836,3235O,03-05-2018 10:10,0.15,M,NH3_N_UGL,"NITROGEN, AMMONIA AS N",TOTAL,78,UG/L,,,0.078,MG/L
2003889,OKALOACOOCHEE BRANCH,WIN_21FLFTM,G3SD0099, OKALOACOOCHEE BRANCH @ EUCALYPTUS,G3SD0099,26.75602,-81.39836,3235O,5/15/2018 11:55:00 AM,0.15,M,NH3_N_UGL,"NITROGEN, AMMONIA AS N",TOTAL,62,UG/L,,,0.062,MG/L
2003889,OKALOACOOCHEE BRANCH,WIN_21FLFTM,G3SD0099, OKALOACOOCHEE BRANCH @ EUCALYPTUS,G3SD0099,26.75602,-81.39836,3235O,06-07-2018 9:00,0.15,M,NH3_N_UGL,"NITROGEN, AMMONIA AS N",TOTAL,130,UG/L,,,0.13,MG/L
2003889,OKALOACOOCHEE BRANCH,WIN_21FLFTM,G3SD0099, OKALOACOOCHEE BRANCH @ EUCALYPTUS,G3SD0099,26.75602,-81.39836,3235O,7/24/2018 12:30:00 PM,0.2,M,NH3_N_UGL,"NITROGEN, AMMONIA AS N",TOTAL,110,UG/L,,,0.11,MG/L
2003889,OKALOACOOCHEE BRANCH,WIN_21FLFTM,G3SD0099, OKALOACOOCHEE BRANCH @ EUCALYPTUS,G3SD0099,26.75602,-81.39836,3235O,09-11-2018 14:00,0.1,M,NH3_N_UGL,"NITROGEN, AMMONIA AS N",TOTAL,130,UG/L,,,0.13,MG/L
2003889,OKALOACOOCHEE BRANCH,WIN_21FLFTM,G3SD0099, OKALOACOOCHEE BRANCH @ EUCALYPTUS,G3SD0099,26.75602,-81.39836,3235O,12-12-2018 15:10,0.2,M,NH3_N_UGL,"NITROGEN, AMMONIA AS N",TOTAL,190,UG/L,,,0.19,MG/L
2003889,OKALOACOOCHEE BRANCH,WIN_21FLFTM,G3SD0099, OKALOACOOCHEE BRANCH @ EUCALYPTUS,G3SD0099,26.75602,-81.39836,3235O,04-09-2019 10:00,0.2,M,NH3_N_UGL,"NITROGEN, AMMONIA AS N",TOTAL,7,UG/L,,,0.007,MG/L
2003889,OKALOACOOCHEE BRANCH,WIN_21FLFTM,G3SD0099, OKALOACOOCHEE BRANCH @ EUCALYPTUS,G3SD0099,26.75602,-81.39836,3235O,05-07-2019 10:40,0.1,M,NH3_N_UGL,"NITROGEN, AMMONIA AS N",TOTAL,8,UG/L,,,0.008,MG/L
2003889,OKALOACOOCHEE BRANCH,WIN_21FLFTM,G3SD0099, OKALOACOOCHEE BRANCH @ EUCALYPTUS,G3SD0099,26.75602,-81.39836,3235O,6/24/2019 10:15:00 AM,0.15,M,NH3_N_UGL,"NITROGEN, AMMONIA AS N",TOTAL,190,UG/L,,,0.19,MG/L
2003889,OKALOACOOCHEE BRANCH,WIN_21FLFTM,G3SD0099, OKALOACOOCHEE BRANCH @ EUCALYPTUS,G3SD0099,26.75602,-81.39836,3235O,6/24/2019 10:20:00 AM,0.3,M,NH3_N_UGL,"NITROGEN, AMMONIA AS N",TOTAL,180,UG/L,,,0.18,MG/L
2003889,OKALOACOOCHEE BRANCH,WIN_21FLFTM,G3SD0099, OKALOACOOCHEE BRANCH @ EUCALYPTUS,G3SD0099,26.75602,-81.39836,3235O,7/15/2019 11:00:00 AM,0.1,M,NH3_N_UGL,"NITROGEN, AMMONIA AS N",TOTAL,110,UG/L,,,0.11,MG/L
2003889,OKALOACOOCHEE BRANCH,WIN_21FLFTM,G3SD0099, OKALOACOOCHEE BRANCH @ EUCALYPTUS,G3SD0099,26.75602,-81.39836,3235O,10-02-2019 10:25,0.1,M,NH3_N_UGL,"NITROGEN, AMMONIA AS N",TOTAL,7,UG/L,,,0.007,MG/L
2003889,OKALOACOOCHEE BRANCH,WIN_21FLFTM,CALUSA0051FTM, OKALOACOOCHEE BRANCH AT EUCALYPTUS BLVD,CALUSA0051FTM,26.75602,-81.39836,3235O,4/24/2017 10:50:00 AM,0.15,M,NH3_N_UGL,"NITROGEN, AMMONIA AS N",TOTAL,120,UG/L,,,0.12,MG/L
2003889,OKALOACOOCHEE BRANCH,WIN_21FLFTM,CALUSA0051FTM, OKALOACOOCHEE BRANCH AT EUCALYPTUS BLVD,CALUSA0051FTM,26.75602,-81.39836,3235O,07-12-2017 9:40,0.2,M,NH3_N_UGL,"NITROGEN, AMMONIA AS N",TOTAL,260,UG/L,,,0.26,MG/L
2003889,OKALOACOOCHEE BRANCH,WIN_21FLFTM,CALUSA0051FTM, OKALOACOOCHEE BRANCH AT EUCALYPTUS BLVD,CALUSA0051FTM,26.75602,-81.39836,3235O,8/28/2017 11:00:00 AM,0.15,M,NH3_N_UGL,"NITROGEN, AMMONIA AS N",TOTAL,200,UG/L,,,0.2,MG/L
2003889,OKALOACOOCHEE BRANCH,WIN_21FLFTM,CALUSA0051FTM, OKALOACOOCHEE BRANCH AT EUCALYPTUS BLVD,CALUSA0051FTM,26.75602,-81.39836,3235O,10/17/2017 2:10:00 PM,0.2,M,NH3_N_UGL,"NITROGEN, AMMONIA AS N",TOTAL,240,UG/L,,BATCH MATRIX SPIKE RECOVERIES ARE UNAVAILABLE BECAUSE OF HIGH ANALYTE CONCENTRATION IN THE QC SAMPLE.,0.24,MG/L
2003889,OKALOACOOCHEE BRANCH,WIN_21FLFTM,CALUSA0051FTM, OKALOACOOCHEE BRANCH AT EUCALYPTUS BLVD,CALUSA0051FTM,26.75602,-81.39836,3235O,10/17/2017 2:15:00 PM,0.3,M,NH3_N_UGL,"NITROGEN, AMMONIA AS N",TOTAL,270,UG/L,,BATCH MATRIX SPIKE RECOVERIES ARE UNAVAILABLE BECAUSE OF HIGH ANALYTE CONCENTRATION IN THE QC SAMPLE.,0.27,MG/L
2003889,OKALOACOOCHEE BRANCH,WIN_21FLFTM,CALUSA0051FTM, OKALOACOOCHEE BRANCH AT EUCALYPTUS BLVD,CALUSA0051FTM,26.75602,-81.39836,3235O,11/14/2017 1:50:00 PM,0.1,M,NH3_N_UGL,"NITROGEN, AMMONIA AS N",TOTAL,150,UG/L,,,0.15,MG/L
2003889,OKALOACOOCHEE BRANCH,STORET_21FLFTM,CALUSA0051FTM, OKALOACOOCHEE BRANCH AT EUCALYPTUS BLVD.,CALUSA0051FTM,26.75601,-81.39836,3235O,3/15/2016 12:00:00 AM,0.3,M,NH3_N_UGL,"NITROGEN, AMMONIA AS N",TOTAL,10,UG/L,,MATRIX SPIKE RECOVERY DATA IS UNAVAILABLE DUE TO H,0.01,MG/L
2003889,OKALOACOOCHEE BRANCH,STORET_21FLFTM,CALUSA0051FTM, OKALOACOOCHEE BRANCH AT EUCALYPTUS BLVD.,CALUSA0051FTM,26.75601,-81.39836,3235O,6/27/2016 12:00:00 AM,0.3,M,NH3_N_UGL,"NITROGEN, AMMONIA AS N",TOTAL,120,UG/L,,MATRIX SPIKE RECOVERY DATA IS UNAVAILABLE DUE TO H,0.12,MG/L
2003889,OKALOACOOCHEE BRANCH,STORET_21FLFTM,CALUSA0051FTM, OKALOACOOCHEE BRANCH AT EUCALYPTUS BLVD.,CALUSA0051FTM,26.75601,-81.39836,3235O,9/20/2016 12:00:00 AM,0.3,M,NH3_N_UGL,"NITROGEN, AMMONIA AS N",TOTAL,86,UG/L,,,0.086,MG/L
2003889,OKALOACOOCHEE BRANCH,STORET_21FLFTM,CALUSA0051FTM, OKALOACOOCHEE BRANCH AT EUCALYPTUS BLVD.,CALUSA0051FTM,26.75601,-81.39836,3235O,10/18/2016 12:00:00 AM,0.3,M,NH3_N_UGL,"NITROGEN, AMMONIA AS N",TOTAL,64,UG/L,,,0.064,MG/L
2003889,OKALOACOOCHEE BRANCH,STORET_21FLFTM,CALUSA0051FTM, OKALOACOOCHEE BRANCH AT EUCALYPTUS BLVD.,CALUSA0051FTM,26.75601,-81.39836,3235O,12/14/2016 12:00:00 AM,0.3,M,NH3_N_UGL,"NITROGEN, AMMONIA AS N",TOTAL,60,UG/L,,,0.06,MG/L
2003889,OKALOACOOCHEE BRANCH,STORET_21FLFTM,CALUSA0051FTM, OKALOACOOCHEE BRANCH AT EUCALYPTUS BLVD.,CALUSA0051FTM,26.75601,-81.39836,3235O,07-12-2017 0:00,0.2,M,NH3_N_UGL,"NITROGEN, AMMONIA AS N",TOTAL,260,UG/L,,,0.26,MG/L
