﻿WBodyID,WaterBodyName,DataSource,StationID,StationName,Actual_StationID,Actual_Latitude,Actual_Longitude,DEP_WBID,SampleDate,ActivityDepth,DepthUnits,Parameter,Characteristic,Sample_Fraction,Result_Value,Result_Unit,QACode,Result_Comment,Original_Result_Value,Original_Result_Unit
2003889,OKALOACOOCHEE BRANCH,STORET_21FLSFWM,CR-22.0T," OKALOACOOCHEE BRANCH AT S.R.80,PORT LABELLE",CR-22.0T,26.7627778,-81.4,3235O,01-11-1978 0:00,0.5,M,MG_DISS_MGL,MAGNESIUM,DISSOLVED,3.84,MG/L,,,3.84,MG/L
2003889,OKALOACOOCHEE BRANCH,STORET_21FLSFWM,CR-22.0T," OKALOACOOCHEE BRANCH AT S.R.80,PORT LABELLE",CR-22.0T,26.7627778,-81.4,3235O,1/20/1978 12:00:00 AM,0.5,M,MG_DISS_MGL,MAGNESIUM,DISSOLVED,3.88,MG/L,,,3.88,MG/L
2003889,OKALOACOOCHEE BRANCH,STORET_21FLSFWM,CR-22.0T," OKALOACOOCHEE BRANCH AT S.R.80,PORT LABELLE",CR-22.0T,26.7627778,-81.4,3235O,02-08-1978 0:00,0.5,M,MG_DISS_MGL,MAGNESIUM,DISSOLVED,3.63,MG/L,,,3.63,MG/L
2003889,OKALOACOOCHEE BRANCH,STORET_21FLSFWM,CR-22.0T," OKALOACOOCHEE BRANCH AT S.R.80,PORT LABELLE",CR-22.0T,26.7627778,-81.4,3235O,03-08-1978 0:00,0.5,M,MG_DISS_MGL,MAGNESIUM,DISSOLVED,3.32,MG/L,,,3.32,MG/L
2003889,OKALOACOOCHEE BRANCH,STORET_21FLSFWM,CR-22.0T," OKALOACOOCHEE BRANCH AT S.R.80,PORT LABELLE",CR-22.0T,26.7627778,-81.4,3235O,04-05-1978 0:00,0.5,M,MG_DISS_MGL,MAGNESIUM,DISSOLVED,4.38,MG/L,,,4.38,MG/L
2003889,OKALOACOOCHEE BRANCH,STORET_21FLSFWM,CR-22.0T," OKALOACOOCHEE BRANCH AT S.R.80,PORT LABELLE",CR-22.0T,26.7627778,-81.4,3235O,4/19/1978 12:00:00 AM,0.5,M,MG_DISS_MGL,MAGNESIUM,DISSOLVED,3.61,MG/L,,,3.61,MG/L
2003889,OKALOACOOCHEE BRANCH,STORET_21FLSFWM,CR-22.0T," OKALOACOOCHEE BRANCH AT S.R.80,PORT LABELLE",CR-22.0T,26.7627778,-81.4,3235O,05-03-1978 0:00,0.5,M,MG_DISS_MGL,MAGNESIUM,DISSOLVED,3.53,MG/L,,,3.53,MG/L
2003889,OKALOACOOCHEE BRANCH,STORET_21FLSFWM,CR-22.0T," OKALOACOOCHEE BRANCH AT S.R.80,PORT LABELLE",CR-22.0T,26.7627778,-81.4,3235O,5/17/1978 12:00:00 AM,0.5,M,MG_DISS_MGL,MAGNESIUM,DISSOLVED,3.55,MG/L,,,3.55,MG/L
2003889,OKALOACOOCHEE BRANCH,STORET_21FLSFWM,CR-22.0T," OKALOACOOCHEE BRANCH AT S.R.80,PORT LABELLE",CR-22.0T,26.7627778,-81.4,3235O,06-08-1978 0:00,0.5,M,MG_DISS_MGL,MAGNESIUM,DISSOLVED,3.23,MG/L,,,3.23,MG/L
2003889,OKALOACOOCHEE BRANCH,STORET_21FLSFWM,CR-22.0T," OKALOACOOCHEE BRANCH AT S.R.80,PORT LABELLE",CR-22.0T,26.7627778,-81.4,3235O,07-12-1978 0:00,0.5,M,MG_DISS_MGL,MAGNESIUM,DISSOLVED,3.46,MG/L,,,3.46,MG/L
2003889,OKALOACOOCHEE BRANCH,STORET_21FLSFWM,CR-22.0T," OKALOACOOCHEE BRANCH AT S.R.80,PORT LABELLE",CR-22.0T,26.7627778,-81.4,3235O,08-09-1978 0:00,0.5,M,MG_DISS_MGL,MAGNESIUM,DISSOLVED,3.61,MG/L,,,3.61,MG/L
2003889,OKALOACOOCHEE BRANCH,STORET_21FLSFWM,CR-22.0T," OKALOACOOCHEE BRANCH AT S.R.80,PORT LABELLE",CR-22.0T,26.7627778,-81.4,3235O,9/13/1978 12:00:00 AM,0.5,M,MG_DISS_MGL,MAGNESIUM,DISSOLVED,4.14,MG/L,,,4.14,MG/L
2003889,OKALOACOOCHEE BRANCH,STORET_21FLSFWM,CR-22.0T," OKALOACOOCHEE BRANCH AT S.R.80,PORT LABELLE",CR-22.0T,26.7627778,-81.4,3235O,10/17/1978 12:00:00 AM,0.5,M,MG_DISS_MGL,MAGNESIUM,DISSOLVED,2.49,MG/L,,,2.49,MG/L
2003889,OKALOACOOCHEE BRANCH,STORET_21FLSFWM,CR-22.0T," OKALOACOOCHEE BRANCH AT S.R.80,PORT LABELLE",CR-22.0T,26.7627778,-81.4,3235O,11-06-1978 0:00,0.5,M,MG_DISS_MGL,MAGNESIUM,DISSOLVED,3.53,MG/L,,,3.53,MG/L
2003889,OKALOACOOCHEE BRANCH,STORET_21FLSFWM,CR-22.0T," OKALOACOOCHEE BRANCH AT S.R.80,PORT LABELLE",CR-22.0T,26.7627778,-81.4,3235O,12/13/1978 12:00:00 AM,0.5,M,MG_DISS_MGL,MAGNESIUM,DISSOLVED,4,MG/L,,,4,MG/L
2003889,OKALOACOOCHEE BRANCH,STORET_21FLSFWM,CR-22.0T," OKALOACOOCHEE BRANCH AT S.R.80,PORT LABELLE",CR-22.0T,26.7627778,-81.4,3235O,1/15/1979 12:00:00 AM,0.5,M,MG_DISS_MGL,MAGNESIUM,DISSOLVED,3.57,MG/L,,,3.57,MG/L
2003889,OKALOACOOCHEE BRANCH,STORET_21FLSFWM,CR-22.0T," OKALOACOOCHEE BRANCH AT S.R.80,PORT LABELLE",CR-22.0T,26.7627778,-81.4,3235O,02-12-1979 0:00,0.5,M,MG_DISS_MGL,MAGNESIUM,DISSOLVED,3.97,MG/L,,,3.97,MG/L
2003889,OKALOACOOCHEE BRANCH,STORET_21FLSFWM,CR-22.0T," OKALOACOOCHEE BRANCH AT S.R.80,PORT LABELLE",CR-22.0T,26.7627778,-81.4,3235O,03-12-1979 0:00,0.5,M,MG_DISS_MGL,MAGNESIUM,DISSOLVED,4.77,MG/L,,,4.77,MG/L
2003889,OKALOACOOCHEE BRANCH,STORET_21FLSFWM,CR-22.0T," OKALOACOOCHEE BRANCH AT S.R.80,PORT LABELLE",CR-22.0T,26.7627778,-81.4,3235O,04-02-1979 0:00,0.5,M,MG_DISS_MGL,MAGNESIUM,DISSOLVED,3.58,MG/L,,,3.58,MG/L
2003889,OKALOACOOCHEE BRANCH,STORET_21FLSFWM,CR-22.0T," OKALOACOOCHEE BRANCH AT S.R.80,PORT LABELLE",CR-22.0T,26.7627778,-81.4,3235O,4/16/1979 12:00:00 AM,0.5,M,MG_DISS_MGL,MAGNESIUM,DISSOLVED,3.57,MG/L,,,3.57,MG/L
2003889,OKALOACOOCHEE BRANCH,STORET_21FLSFWM,CR-22.0T," OKALOACOOCHEE BRANCH AT S.R.80,PORT LABELLE",CR-22.0T,26.7627778,-81.4,3235O,05-01-1979 0:00,0.5,M,MG_DISS_MGL,MAGNESIUM,DISSOLVED,2.91,MG/L,,,2.91,MG/L
2003889,OKALOACOOCHEE BRANCH,STORET_21FLSFWM,CR-22.0T," OKALOACOOCHEE BRANCH AT S.R.80,PORT LABELLE",CR-22.0T,26.7627778,-81.4,3235O,5/14/1979 12:00:00 AM,0.5,M,MG_DISS_MGL,MAGNESIUM,DISSOLVED,3.85,MG/L,,,3.85,MG/L
2003889,OKALOACOOCHEE BRANCH,STORET_21FLSFWM,CR-22.0T," OKALOACOOCHEE BRANCH AT S.R.80,PORT LABELLE",CR-22.0T,26.7627778,-81.4,3235O,5/31/1979 12:00:00 AM,0.5,M,MG_DISS_MGL,MAGNESIUM,DISSOLVED,3.12,MG/L,,,3.12,MG/L
2003889,OKALOACOOCHEE BRANCH,STORET_21FLSFWM,CR-22.0T," OKALOACOOCHEE BRANCH AT S.R.80,PORT LABELLE",CR-22.0T,26.7627778,-81.4,3235O,06-11-1979 0:00,0.5,M,MG_DISS_MGL,MAGNESIUM,DISSOLVED,3.52,MG/L,,,3.52,MG/L
2003889,OKALOACOOCHEE BRANCH,STORET_21FLSFWM,CR-22.0T," OKALOACOOCHEE BRANCH AT S.R.80,PORT LABELLE",CR-22.0T,26.7627778,-81.4,3235O,6/25/1979 12:00:00 AM,0.5,M,MG_DISS_MGL,MAGNESIUM,DISSOLVED,3.29,MG/L,,,3.29,MG/L
2003889,OKALOACOOCHEE BRANCH,STORET_21FLSFWM,CR-22.0T," OKALOACOOCHEE BRANCH AT S.R.80,PORT LABELLE",CR-22.0T,26.7627778,-81.4,3235O,07-09-1979 0:00,0.5,M,MG_DISS_MGL,MAGNESIUM,DISSOLVED,5.22,MG/L,,,5.22,MG/L
2003889,OKALOACOOCHEE BRANCH,STORET_21FLSFWM,CR-22.0T," OKALOACOOCHEE BRANCH AT S.R.80,PORT LABELLE",CR-22.0T,26.7627778,-81.4,3235O,7/23/1979 12:00:00 AM,0.5,M,MG_DISS_MGL,MAGNESIUM,DISSOLVED,4.73,MG/L,,,4.73,MG/L
2003889,OKALOACOOCHEE BRANCH,STORET_21FLSFWM,CR-22.0T," OKALOACOOCHEE BRANCH AT S.R.80,PORT LABELLE",CR-22.0T,26.7627778,-81.4,3235O,8/13/1979 12:00:00 AM,0.5,M,MG_DISS_MGL,MAGNESIUM,DISSOLVED,3.31,MG/L,,,3.31,MG/L
2003889,OKALOACOOCHEE BRANCH,STORET_21FLSFWM,CR-22.0T," OKALOACOOCHEE BRANCH AT S.R.80,PORT LABELLE",CR-22.0T,26.7627778,-81.4,3235O,09-10-1979 0:00,0.5,M,MG_DISS_MGL,MAGNESIUM,DISSOLVED,2.58,MG/L,,,2.58,MG/L
2003889,OKALOACOOCHEE BRANCH,STORET_21FLSFWM,CR-22.0T," OKALOACOOCHEE BRANCH AT S.R.80,PORT LABELLE",CR-22.0T,26.7627778,-81.4,3235O,10/16/1979 12:00:00 AM,0.5,M,MG_DISS_MGL,MAGNESIUM,DISSOLVED,2.3,MG/L,,,2.3,MG/L
2003889,OKALOACOOCHEE BRANCH,STORET_21FLSFWM,CR-22.0T," OKALOACOOCHEE BRANCH AT S.R.80,PORT LABELLE",CR-22.0T,26.7627778,-81.4,3235O,12-03-1979 0:00,0.5,M,MG_DISS_MGL,MAGNESIUM,DISSOLVED,3.69,MG/L,,,3.69,MG/L
