﻿WBodyID,WaterBodyName,DataSource,StationID,StationName,Actual_StationID,Actual_Latitude,Actual_Longitude,DEP_WBID,SampleDate,ActivityDepth,DepthUnits,Parameter,Characteristic,Sample_Fraction,Result_Value,Result_Unit,QACode,Result_Comment,Original_Result_Value,Original_Result_Unit
2003889,OKALOACOOCHEE BRANCH,WIN_21FLFTM,G3SD0099, OKALOACOOCHEE BRANCH @ EUCALYPTUS,G3SD0099,26.75602,-81.39836,3235O,04-09-2019 10:00,0.2,M,MCPP_UGL,MECOPROP (MCPP),TOTAL,0.002,UG/L,U,,0.002,UG/L
2003889,OKALOACOOCHEE BRANCH,WIN_21FLFTM,G3SD0099, OKALOACOOCHEE BRANCH @ EUCALYPTUS,G3SD0099,26.75602,-81.39836,3235O,05-07-2019 10:40,0.1,M,MCPP_UGL,MECOPROP (MCPP),TOTAL,0.002,UG/L,U,,0.002,UG/L
2003889,OKALOACOOCHEE BRANCH,WIN_21FLFTM,G3SD0099, OKALOACOOCHEE BRANCH @ EUCALYPTUS,G3SD0099,26.75602,-81.39836,3235O,6/24/2019 10:15:00 AM,0.15,M,MCPP_UGL,MECOPROP (MCPP),TOTAL,0.002,UG/L,U,,0.002,UG/L
2003889,OKALOACOOCHEE BRANCH,WIN_21FLFTM,G3SD0099, OKALOACOOCHEE BRANCH @ EUCALYPTUS,G3SD0099,26.75602,-81.39836,3235O,7/15/2019 11:00:00 AM,0.1,M,MCPP_UGL,MECOPROP (MCPP),TOTAL,0.0028,UG/L,I,J - SECOND SOURCE CHECK STANDARDS FOR SOME ANALYTES WERE NOT AVAILABLE FOR ANALYSIS. MS ACCURACY FOR SOME ANALYTES IS NOT AVAILABLE DUE TO HIGH CONCENTRATION OF PARAMETER IN THE SPIKED SAMPLE.,0.0028,UG/L
2003889,OKALOACOOCHEE BRANCH,WIN_21FLFTM,G3SD0099, OKALOACOOCHEE BRANCH @ EUCALYPTUS,G3SD0099,26.75602,-81.39836,3235O,10-02-2019 10:25,0.1,M,MCPP_UGL,MECOPROP (MCPP),TOTAL,0.002,UG/L,U,J - SECOND SOURCE CHECK STANDARDS FOR SOME ANALYTES WERE NOT AVAILABLE FOR ANALYSIS. MS ACCURACY FOR SOME ANALYTES COULD NOT BE ASSESSED DUE TO HIGH CONCENTRATION OF PARAMETER IN THE SPIKED SAMPLE.,0.002,UG/L
