﻿WBodyID,WaterBodyName,DataSource,StationID,StationName,Actual_StationID,Actual_Latitude,Actual_Longitude,DEP_WBID,SampleDate,ActivityDepth,DepthUnits,Parameter,Characteristic,Sample_Fraction,Result_Value,Result_Unit,QACode,Result_Comment,Original_Result_Value,Original_Result_Unit
2003889,OKALOACOOCHEE BRANCH,WIN_21FLSFWM,32275, CRFW09,32275,26.7629,-81.4001,3235O,5/18/2020 11:11:00 AM,0.23,M,TP_UGL,PHOSPHORUS AS P,TOTAL,52,UG/L,,,0.052,MG/L
2003889,OKALOACOOCHEE BRANCH,WIN_21FLSFWM,32275, CRFW09,32275,26.7629,-81.4001,3235O,06-01-2020 11:29,0.38,M,TP_UGL,PHOSPHORUS AS P,TOTAL,49,UG/L,,,0.049,MG/L
2003889,OKALOACOOCHEE BRANCH,WIN_21FLSFWM,32275, CRFW09,32275,26.7629,-81.4001,3235O,6/15/2020 11:30:00 AM,0.39,M,TP_UGL,PHOSPHORUS AS P,TOTAL,55,UG/L,,,0.055,MG/L
2003889,OKALOACOOCHEE BRANCH,WIN_21FLSFWM,32275, CRFW09,32275,26.7629,-81.4001,3235O,6/29/2020 11:07:00 AM,0.33,M,TP_UGL,PHOSPHORUS AS P,TOTAL,39,UG/L,,,0.039,MG/L
2003889,OKALOACOOCHEE BRANCH,WIN_21FLSFWM,32275, CRFW09,32275,26.7629,-81.4001,3235O,7/13/2020 11:32:00 AM,0.41,M,TP_UGL,PHOSPHORUS AS P,TOTAL,68,UG/L,,,0.068,MG/L
2003889,OKALOACOOCHEE BRANCH,WIN_21FLSFWM,32275, CRFW09,32275,26.7629,-81.4001,3235O,7/27/2020 11:37:00 AM,0.4,M,TP_UGL,PHOSPHORUS AS P,TOTAL,76,UG/L,,,0.076,MG/L
2003889,OKALOACOOCHEE BRANCH,WIN_21FLSFWM,32275, CRFW09,32275,26.7629,-81.4001,3235O,08-10-2020 11:16,0.42,M,TP_UGL,PHOSPHORUS AS P,TOTAL,62,UG/L,,,0.062,MG/L
2003889,OKALOACOOCHEE BRANCH,WIN_21FLSFWM,32275, CRFW09,32275,26.7629,-81.4001,3235O,8/24/2020 11:36:00 AM,0.48,M,TP_UGL,PHOSPHORUS AS P,TOTAL,133,UG/L,,,0.133,MG/L
2003889,OKALOACOOCHEE BRANCH,WIN_21FLSFWM,32275, CRFW09,32275,26.7629,-81.4001,3235O,09-08-2020 11:29,0.5,M,TP_UGL,PHOSPHORUS AS P,TOTAL,99,UG/L,,,0.099,MG/L
2003889,OKALOACOOCHEE BRANCH,WIN_21FLSFWM,32275, CRFW09,32275,26.7629,-81.4001,3235O,9/21/2020 11:43:00 AM,0.5,M,TP_UGL,PHOSPHORUS AS P,TOTAL,264,UG/L,,,0.264,MG/L
2003889,OKALOACOOCHEE BRANCH,WIN_21FLSFWM,32275, CRFW09,32275,26.7629,-81.4001,3235O,10-05-2020 11:22,0.5,M,TP_UGL,PHOSPHORUS AS P,TOTAL,180,UG/L,,,0.18,MG/L
2003889,OKALOACOOCHEE BRANCH,WIN_21FLSFWM,32275, CRFW09,32275,26.7629,-81.4001,3235O,10/19/2020 12:16:00 PM,0.5,M,TP_UGL,PHOSPHORUS AS P,TOTAL,104,UG/L,,,0.104,MG/L
2003889,OKALOACOOCHEE BRANCH,WIN_21FLSFWM,32275, CRFW09,32275,26.7629,-81.4001,3235O,11-02-2020 11:46,0.38,M,TP_UGL,PHOSPHORUS AS P,TOTAL,74,UG/L,,,0.074,MG/L
2003889,OKALOACOOCHEE BRANCH,WIN_21FLSFWM,32275, CRFW09,32275,26.7629,-81.4001,3235O,11/16/2020 11:44:00 AM,0.5,M,TP_UGL,PHOSPHORUS AS P,TOTAL,117,UG/L,,,0.117,MG/L
2003889,OKALOACOOCHEE BRANCH,WIN_21FLSFWM,32275, CRFW09,32275,26.7629,-81.4001,3235O,11/30/2020 10:52:00 AM,0.45,M,TP_UGL,PHOSPHORUS AS P,TOTAL,83,UG/L,,,0.083,MG/L
2003889,OKALOACOOCHEE BRANCH,WIN_21FLSFWM,32275, CRFW09,32275,26.7629,-81.4001,3235O,12/14/2020 11:20:00 AM,0.5,M,TP_UGL,PHOSPHORUS AS P,TOTAL,66,UG/L,,,0.066,MG/L
2003889,OKALOACOOCHEE BRANCH,WIN_21FLSFWM,32275, CRFW09,32275,26.7629,-81.4001,3235O,12/28/2020 11:05:00 AM,0.3,M,TP_UGL,PHOSPHORUS AS P,TOTAL,66,UG/L,,,0.066,MG/L
2003889,OKALOACOOCHEE BRANCH,WIN_21FLSFWM,32275, CRFW09,32275,26.7629,-81.4001,3235O,01-11-2021 12:08,0.41,M,TP_UGL,PHOSPHORUS AS P,TOTAL,48,UG/L,,,0.048,MG/L
2003889,OKALOACOOCHEE BRANCH,WIN_21FLSFWM,32275, CRFW09,32275,26.7629,-81.4001,3235O,1/25/2021 11:30:00 AM,0.5,M,TP_UGL,PHOSPHORUS AS P,TOTAL,47,UG/L,,,0.047,MG/L
2003889,OKALOACOOCHEE BRANCH,WIN_21FLSFWM,32275, CRFW09,32275,26.7629,-81.4001,3235O,02-08-2021 11:06,0.5,M,TP_UGL,PHOSPHORUS AS P,TOTAL,43,UG/L,,,0.043,MG/L
2003889,OKALOACOOCHEE BRANCH,WIN_21FLSFWM,32275, CRFW09,32275,26.7629,-81.4001,3235O,2/22/2021 10:58:00 AM,0.38,M,TP_UGL,PHOSPHORUS AS P,TOTAL,46,UG/L,,,0.046,MG/L
2003889,OKALOACOOCHEE BRANCH,WIN_21FLSFWM,32275, CRFW09,32275,26.7629,-81.4001,3235O,3/22/2021 11:34:00 AM,0.43,M,TP_UGL,PHOSPHORUS AS P,TOTAL,64,UG/L,,,0.064,MG/L
2003889,OKALOACOOCHEE BRANCH,WIN_21FLSFWM,32275, CRFW09,32275,26.7629,-81.4001,3235O,04-05-2021 11:15,0.46,M,TP_UGL,PHOSPHORUS AS P,TOTAL,56,UG/L,,,0.056,MG/L
2003889,OKALOACOOCHEE BRANCH,WIN_21FLSFWM,32275, CRFW09,32275,26.7629,-81.4001,3235O,4/19/2021 10:21:00 AM,0.28,M,TP_UGL,PHOSPHORUS AS P,TOTAL,59,UG/L,,,0.059,MG/L
2003889,OKALOACOOCHEE BRANCH,WIN_21FLSFWM,32275, CRFW09,32275,26.7629,-81.4001,3235O,05-03-2021 10:54,0.3,M,TP_UGL,PHOSPHORUS AS P,TOTAL,62,UG/L,,,0.062,MG/L
2003889,OKALOACOOCHEE BRANCH,WIN_21FLFTM,G3SD0099, OKALOACOOCHEE BRANCH @ EUCALYPTUS,G3SD0099,26.75602,-81.39836,3235O,1/24/2018 9:10:00 AM,0.15,M,TP_UGL,PHOSPHORUS AS P,TOTAL,56,UG/L,,,0.056,MG/L
2003889,OKALOACOOCHEE BRANCH,WIN_21FLFTM,G3SD0099, OKALOACOOCHEE BRANCH @ EUCALYPTUS,G3SD0099,26.75602,-81.39836,3235O,03-05-2018 10:10,0.15,M,TP_UGL,PHOSPHORUS AS P,TOTAL,55,UG/L,,,0.055,MG/L
2003889,OKALOACOOCHEE BRANCH,WIN_21FLFTM,G3SD0099, OKALOACOOCHEE BRANCH @ EUCALYPTUS,G3SD0099,26.75602,-81.39836,3235O,5/15/2018 11:55:00 AM,0.15,M,TP_UGL,PHOSPHORUS AS P,TOTAL,35,UG/L,,,0.035,MG/L
2003889,OKALOACOOCHEE BRANCH,WIN_21FLFTM,G3SD0099, OKALOACOOCHEE BRANCH @ EUCALYPTUS,G3SD0099,26.75602,-81.39836,3235O,06-07-2018 9:00,0.15,M,TP_UGL,PHOSPHORUS AS P,TOTAL,72,UG/L,,,0.072,MG/L
2003889,OKALOACOOCHEE BRANCH,WIN_21FLFTM,G3SD0099, OKALOACOOCHEE BRANCH @ EUCALYPTUS,G3SD0099,26.75602,-81.39836,3235O,7/24/2018 12:30:00 PM,0.2,M,TP_UGL,PHOSPHORUS AS P,TOTAL,82,UG/L,,,0.082,MG/L
2003889,OKALOACOOCHEE BRANCH,WIN_21FLFTM,G3SD0099, OKALOACOOCHEE BRANCH @ EUCALYPTUS,G3SD0099,26.75602,-81.39836,3235O,09-11-2018 14:00,0.1,M,TP_UGL,PHOSPHORUS AS P,TOTAL,49,UG/L,,,0.049,MG/L
2003889,OKALOACOOCHEE BRANCH,WIN_21FLFTM,G3SD0099, OKALOACOOCHEE BRANCH @ EUCALYPTUS,G3SD0099,26.75602,-81.39836,3235O,12-12-2018 15:10,0.2,M,TP_UGL,PHOSPHORUS AS P,TOTAL,130,UG/L,,,0.13,MG/L
2003889,OKALOACOOCHEE BRANCH,WIN_21FLFTM,G3SD0099, OKALOACOOCHEE BRANCH @ EUCALYPTUS,G3SD0099,26.75602,-81.39836,3235O,04-09-2019 10:00,0.2,M,TP_UGL,PHOSPHORUS AS P,TOTAL,83,UG/L,,,0.083,MG/L
2003889,OKALOACOOCHEE BRANCH,WIN_21FLFTM,G3SD0099, OKALOACOOCHEE BRANCH @ EUCALYPTUS,G3SD0099,26.75602,-81.39836,3235O,05-07-2019 10:40,0.1,M,TP_UGL,PHOSPHORUS AS P,TOTAL,82,UG/L,,,0.082,MG/L
2003889,OKALOACOOCHEE BRANCH,WIN_21FLFTM,G3SD0099, OKALOACOOCHEE BRANCH @ EUCALYPTUS,G3SD0099,26.75602,-81.39836,3235O,6/24/2019 10:15:00 AM,0.15,M,TP_UGL,PHOSPHORUS AS P,TOTAL,100,UG/L,,,0.1,MG/L
2003889,OKALOACOOCHEE BRANCH,WIN_21FLFTM,G3SD0099, OKALOACOOCHEE BRANCH @ EUCALYPTUS,G3SD0099,26.75602,-81.39836,3235O,6/24/2019 10:20:00 AM,0.3,M,TP_UGL,PHOSPHORUS AS P,TOTAL,98,UG/L,,,0.098,MG/L
2003889,OKALOACOOCHEE BRANCH,WIN_21FLFTM,G3SD0099, OKALOACOOCHEE BRANCH @ EUCALYPTUS,G3SD0099,26.75602,-81.39836,3235O,7/15/2019 11:00:00 AM,0.1,M,TP_UGL,PHOSPHORUS AS P,TOTAL,86,UG/L,,,0.086,MG/L
2003889,OKALOACOOCHEE BRANCH,WIN_21FLFTM,G3SD0099, OKALOACOOCHEE BRANCH @ EUCALYPTUS,G3SD0099,26.75602,-81.39836,3235O,10-02-2019 10:25,0.1,M,TP_UGL,PHOSPHORUS AS P,TOTAL,82,UG/L,,,0.082,MG/L
2003889,OKALOACOOCHEE BRANCH,WIN_21FLFTM,CALUSA0051FTM, OKALOACOOCHEE BRANCH AT EUCALYPTUS BLVD,CALUSA0051FTM,26.75602,-81.39836,3235O,4/24/2017 10:50:00 AM,0.15,M,TP_UGL,PHOSPHORUS AS P,TOTAL,71,UG/L,,,0.071,MG/L
2003889,OKALOACOOCHEE BRANCH,WIN_21FLFTM,CALUSA0051FTM, OKALOACOOCHEE BRANCH AT EUCALYPTUS BLVD,CALUSA0051FTM,26.75602,-81.39836,3235O,07-12-2017 9:40,0.2,M,TP_UGL,PHOSPHORUS AS P,TOTAL,86,UG/L,,,0.086,MG/L
2003889,OKALOACOOCHEE BRANCH,WIN_21FLFTM,CALUSA0051FTM, OKALOACOOCHEE BRANCH AT EUCALYPTUS BLVD,CALUSA0051FTM,26.75602,-81.39836,3235O,8/28/2017 11:00:00 AM,0.15,M,TP_UGL,PHOSPHORUS AS P,TOTAL,64,UG/L,,,0.064,MG/L
2003889,OKALOACOOCHEE BRANCH,WIN_21FLFTM,CALUSA0051FTM, OKALOACOOCHEE BRANCH AT EUCALYPTUS BLVD,CALUSA0051FTM,26.75602,-81.39836,3235O,10/17/2017 2:10:00 PM,0.2,M,TP_UGL,PHOSPHORUS AS P,TOTAL,170,UG/L,,,0.17,MG/L
2003889,OKALOACOOCHEE BRANCH,WIN_21FLFTM,CALUSA0051FTM, OKALOACOOCHEE BRANCH AT EUCALYPTUS BLVD,CALUSA0051FTM,26.75602,-81.39836,3235O,10/17/2017 2:15:00 PM,0.3,M,TP_UGL,PHOSPHORUS AS P,TOTAL,190,UG/L,,,0.19,MG/L
2003889,OKALOACOOCHEE BRANCH,WIN_21FLFTM,CALUSA0051FTM, OKALOACOOCHEE BRANCH AT EUCALYPTUS BLVD,CALUSA0051FTM,26.75602,-81.39836,3235O,11/14/2017 1:50:00 PM,0.1,M,TP_UGL,PHOSPHORUS AS P,TOTAL,90,UG/L,,,0.09,MG/L
2003889,OKALOACOOCHEE BRANCH,STORET_21FLFTM,CALUSA0051FTM, OKALOACOOCHEE BRANCH AT EUCALYPTUS BLVD.,CALUSA0051FTM,26.75601,-81.39836,3235O,3/15/2016 12:00:00 AM,0.3,M,TP_UGL,PHOSPHORUS AS P,TOTAL,44,UG/L,,TOTAL-P:  MATRIX SPIKE RECOVERY DATA IS UNAVAILABL,0.044,MG/L
2003889,OKALOACOOCHEE BRANCH,STORET_21FLFTM,CALUSA0051FTM, OKALOACOOCHEE BRANCH AT EUCALYPTUS BLVD.,CALUSA0051FTM,26.75601,-81.39836,3235O,6/27/2016 12:00:00 AM,0.3,M,TP_UGL,PHOSPHORUS AS P,TOTAL,180,UG/L,,,0.18,MG/L
2003889,OKALOACOOCHEE BRANCH,STORET_21FLFTM,CALUSA0051FTM, OKALOACOOCHEE BRANCH AT EUCALYPTUS BLVD.,CALUSA0051FTM,26.75601,-81.39836,3235O,9/20/2016 12:00:00 AM,0.3,M,TP_UGL,PHOSPHORUS AS P,TOTAL,170,UG/L,,,0.17,MG/L
2003889,OKALOACOOCHEE BRANCH,STORET_21FLFTM,CALUSA0051FTM, OKALOACOOCHEE BRANCH AT EUCALYPTUS BLVD.,CALUSA0051FTM,26.75601,-81.39836,3235O,10/18/2016 12:00:00 AM,0.3,M,TP_UGL,PHOSPHORUS AS P,TOTAL,95,UG/L,,,0.095,MG/L
2003889,OKALOACOOCHEE BRANCH,STORET_21FLFTM,CALUSA0051FTM, OKALOACOOCHEE BRANCH AT EUCALYPTUS BLVD.,CALUSA0051FTM,26.75601,-81.39836,3235O,12/14/2016 12:00:00 AM,0.3,M,TP_UGL,PHOSPHORUS AS P,TOTAL,64,UG/L,,TOTAL-P:  BATCH MATRIX SPIKE RECOVERIES ARE UNAVAI,0.064,MG/L
2003889,OKALOACOOCHEE BRANCH,STORET_21FLFTM,CALUSA0051FTM, OKALOACOOCHEE BRANCH AT EUCALYPTUS BLVD.,CALUSA0051FTM,26.75601,-81.39836,3235O,07-12-2017 0:00,0.2,M,TP_UGL,PHOSPHORUS AS P,TOTAL,86,UG/L,,,0.086,MG/L
2003889,OKALOACOOCHEE BRANCH,STORET_21FLSFWM,CR-22.0T," OKALOACOOCHEE BRANCH AT S.R.80,PORT LABELLE",CR-22.0T,26.7627778,-81.4,3235O,01-11-1978 0:00,0.5,M,TP_UGL,PHOSPHORUS AS P,DISSOLVED,15,UG/L,,,0.015,MG/L
2003889,OKALOACOOCHEE BRANCH,STORET_21FLSFWM,CR-22.0T," OKALOACOOCHEE BRANCH AT S.R.80,PORT LABELLE",CR-22.0T,26.7627778,-81.4,3235O,01-11-1978 0:00,0.5,M,TP_UGL,PHOSPHORUS AS P,TOTAL,25,UG/L,,,0.025,MG/L
2003889,OKALOACOOCHEE BRANCH,STORET_21FLSFWM,CR-22.0T," OKALOACOOCHEE BRANCH AT S.R.80,PORT LABELLE",CR-22.0T,26.7627778,-81.4,3235O,1/20/1978 12:00:00 AM,0.5,M,TP_UGL,PHOSPHORUS AS P,DISSOLVED,9,UG/L,,,0.009,MG/L
2003889,OKALOACOOCHEE BRANCH,STORET_21FLSFWM,CR-22.0T," OKALOACOOCHEE BRANCH AT S.R.80,PORT LABELLE",CR-22.0T,26.7627778,-81.4,3235O,1/20/1978 12:00:00 AM,0.5,M,TP_UGL,PHOSPHORUS AS P,TOTAL,27,UG/L,,,0.027,MG/L
2003889,OKALOACOOCHEE BRANCH,STORET_21FLSFWM,CR-22.0T," OKALOACOOCHEE BRANCH AT S.R.80,PORT LABELLE",CR-22.0T,26.7627778,-81.4,3235O,02-08-1978 0:00,0.5,M,TP_UGL,PHOSPHORUS AS P,DISSOLVED,10,UG/L,,,0.01,MG/L
2003889,OKALOACOOCHEE BRANCH,STORET_21FLSFWM,CR-22.0T," OKALOACOOCHEE BRANCH AT S.R.80,PORT LABELLE",CR-22.0T,26.7627778,-81.4,3235O,02-08-1978 0:00,0.5,M,TP_UGL,PHOSPHORUS AS P,TOTAL,19,UG/L,,,0.019,MG/L
2003889,OKALOACOOCHEE BRANCH,STORET_21FLSFWM,CR-22.0T," OKALOACOOCHEE BRANCH AT S.R.80,PORT LABELLE",CR-22.0T,26.7627778,-81.4,3235O,03-08-1978 0:00,0.5,M,TP_UGL,PHOSPHORUS AS P,DISSOLVED,10,UG/L,,,0.01,MG/L
2003889,OKALOACOOCHEE BRANCH,STORET_21FLSFWM,CR-22.0T," OKALOACOOCHEE BRANCH AT S.R.80,PORT LABELLE",CR-22.0T,26.7627778,-81.4,3235O,03-08-1978 0:00,0.5,M,TP_UGL,PHOSPHORUS AS P,TOTAL,17,UG/L,,,0.017,MG/L
2003889,OKALOACOOCHEE BRANCH,STORET_21FLSFWM,CR-22.0T," OKALOACOOCHEE BRANCH AT S.R.80,PORT LABELLE",CR-22.0T,26.7627778,-81.4,3235O,04-05-1978 0:00,0.5,M,TP_UGL,PHOSPHORUS AS P,DISSOLVED,9,UG/L,,,0.009,MG/L
2003889,OKALOACOOCHEE BRANCH,STORET_21FLSFWM,CR-22.0T," OKALOACOOCHEE BRANCH AT S.R.80,PORT LABELLE",CR-22.0T,26.7627778,-81.4,3235O,04-05-1978 0:00,0.5,M,TP_UGL,PHOSPHORUS AS P,TOTAL,21,UG/L,,,0.021,MG/L
2003889,OKALOACOOCHEE BRANCH,STORET_21FLSFWM,CR-22.0T," OKALOACOOCHEE BRANCH AT S.R.80,PORT LABELLE",CR-22.0T,26.7627778,-81.4,3235O,4/19/1978 12:00:00 AM,0.5,M,TP_UGL,PHOSPHORUS AS P,DISSOLVED,8,UG/L,,,0.008,MG/L
2003889,OKALOACOOCHEE BRANCH,STORET_21FLSFWM,CR-22.0T," OKALOACOOCHEE BRANCH AT S.R.80,PORT LABELLE",CR-22.0T,26.7627778,-81.4,3235O,4/19/1978 12:00:00 AM,0.5,M,TP_UGL,PHOSPHORUS AS P,TOTAL,18,UG/L,,,0.018,MG/L
2003889,OKALOACOOCHEE BRANCH,STORET_21FLSFWM,CR-22.0T," OKALOACOOCHEE BRANCH AT S.R.80,PORT LABELLE",CR-22.0T,26.7627778,-81.4,3235O,05-03-1978 0:00,0.5,M,TP_UGL,PHOSPHORUS AS P,DISSOLVED,7,UG/L,,,0.007,MG/L
2003889,OKALOACOOCHEE BRANCH,STORET_21FLSFWM,CR-22.0T," OKALOACOOCHEE BRANCH AT S.R.80,PORT LABELLE",CR-22.0T,26.7627778,-81.4,3235O,05-03-1978 0:00,0.5,M,TP_UGL,PHOSPHORUS AS P,TOTAL,11,UG/L,,,0.011,MG/L
2003889,OKALOACOOCHEE BRANCH,STORET_21FLSFWM,CR-22.0T," OKALOACOOCHEE BRANCH AT S.R.80,PORT LABELLE",CR-22.0T,26.7627778,-81.4,3235O,5/17/1978 12:00:00 AM,0.5,M,TP_UGL,PHOSPHORUS AS P,DISSOLVED,3,UG/L,,,0.003,MG/L
2003889,OKALOACOOCHEE BRANCH,STORET_21FLSFWM,CR-22.0T," OKALOACOOCHEE BRANCH AT S.R.80,PORT LABELLE",CR-22.0T,26.7627778,-81.4,3235O,5/17/1978 12:00:00 AM,0.5,M,TP_UGL,PHOSPHORUS AS P,TOTAL,13,UG/L,,,0.013,MG/L
2003889,OKALOACOOCHEE BRANCH,STORET_21FLSFWM,CR-22.0T," OKALOACOOCHEE BRANCH AT S.R.80,PORT LABELLE",CR-22.0T,26.7627778,-81.4,3235O,06-08-1978 0:00,0.5,M,TP_UGL,PHOSPHORUS AS P,DISSOLVED,8,UG/L,,,0.008,MG/L
2003889,OKALOACOOCHEE BRANCH,STORET_21FLSFWM,CR-22.0T," OKALOACOOCHEE BRANCH AT S.R.80,PORT LABELLE",CR-22.0T,26.7627778,-81.4,3235O,06-08-1978 0:00,0.5,M,TP_UGL,PHOSPHORUS AS P,TOTAL,20,UG/L,,,0.02,MG/L
2003889,OKALOACOOCHEE BRANCH,STORET_21FLSFWM,CR-22.0T," OKALOACOOCHEE BRANCH AT S.R.80,PORT LABELLE",CR-22.0T,26.7627778,-81.4,3235O,07-12-1978 0:00,0.5,M,TP_UGL,PHOSPHORUS AS P,DISSOLVED,11,UG/L,,,0.011,MG/L
2003889,OKALOACOOCHEE BRANCH,STORET_21FLSFWM,CR-22.0T," OKALOACOOCHEE BRANCH AT S.R.80,PORT LABELLE",CR-22.0T,26.7627778,-81.4,3235O,07-12-1978 0:00,0.5,M,TP_UGL,PHOSPHORUS AS P,TOTAL,14,UG/L,,,0.014,MG/L
2003889,OKALOACOOCHEE BRANCH,STORET_21FLSFWM,CR-22.0T," OKALOACOOCHEE BRANCH AT S.R.80,PORT LABELLE",CR-22.0T,26.7627778,-81.4,3235O,08-09-1978 0:00,0.5,M,TP_UGL,PHOSPHORUS AS P,DISSOLVED,25,UG/L,,,0.025,MG/L
2003889,OKALOACOOCHEE BRANCH,STORET_21FLSFWM,CR-22.0T," OKALOACOOCHEE BRANCH AT S.R.80,PORT LABELLE",CR-22.0T,26.7627778,-81.4,3235O,08-09-1978 0:00,0.5,M,TP_UGL,PHOSPHORUS AS P,TOTAL,35,UG/L,,,0.035,MG/L
2003889,OKALOACOOCHEE BRANCH,STORET_21FLSFWM,CR-22.0T," OKALOACOOCHEE BRANCH AT S.R.80,PORT LABELLE",CR-22.0T,26.7627778,-81.4,3235O,9/13/1978 12:00:00 AM,0.5,M,TP_UGL,PHOSPHORUS AS P,DISSOLVED,28,UG/L,,,0.028,MG/L
2003889,OKALOACOOCHEE BRANCH,STORET_21FLSFWM,CR-22.0T," OKALOACOOCHEE BRANCH AT S.R.80,PORT LABELLE",CR-22.0T,26.7627778,-81.4,3235O,9/13/1978 12:00:00 AM,0.5,M,TP_UGL,PHOSPHORUS AS P,TOTAL,25,UG/L,,,0.025,MG/L
2003889,OKALOACOOCHEE BRANCH,STORET_21FLSFWM,CR-22.0T," OKALOACOOCHEE BRANCH AT S.R.80,PORT LABELLE",CR-22.0T,26.7627778,-81.4,3235O,10/17/1978 12:00:00 AM,0.5,M,TP_UGL,PHOSPHORUS AS P,DISSOLVED,17,UG/L,,,0.017,MG/L
2003889,OKALOACOOCHEE BRANCH,STORET_21FLSFWM,CR-22.0T," OKALOACOOCHEE BRANCH AT S.R.80,PORT LABELLE",CR-22.0T,26.7627778,-81.4,3235O,10/17/1978 12:00:00 AM,0.5,M,TP_UGL,PHOSPHORUS AS P,TOTAL,25,UG/L,,,0.025,MG/L
2003889,OKALOACOOCHEE BRANCH,STORET_21FLSFWM,CR-22.0T," OKALOACOOCHEE BRANCH AT S.R.80,PORT LABELLE",CR-22.0T,26.7627778,-81.4,3235O,11-06-1978 0:00,0.5,M,TP_UGL,PHOSPHORUS AS P,DISSOLVED,15,UG/L,,,0.015,MG/L
2003889,OKALOACOOCHEE BRANCH,STORET_21FLSFWM,CR-22.0T," OKALOACOOCHEE BRANCH AT S.R.80,PORT LABELLE",CR-22.0T,26.7627778,-81.4,3235O,11-06-1978 0:00,0.5,M,TP_UGL,PHOSPHORUS AS P,TOTAL,60,UG/L,,,0.06,MG/L
2003889,OKALOACOOCHEE BRANCH,STORET_21FLSFWM,CR-22.0T," OKALOACOOCHEE BRANCH AT S.R.80,PORT LABELLE",CR-22.0T,26.7627778,-81.4,3235O,12/13/1978 12:00:00 AM,0.5,M,TP_UGL,PHOSPHORUS AS P,DISSOLVED,7,UG/L,,,0.007,MG/L
2003889,OKALOACOOCHEE BRANCH,STORET_21FLSFWM,CR-22.0T," OKALOACOOCHEE BRANCH AT S.R.80,PORT LABELLE",CR-22.0T,26.7627778,-81.4,3235O,12/13/1978 12:00:00 AM,0.5,M,TP_UGL,PHOSPHORUS AS P,TOTAL,13,UG/L,,,0.013,MG/L
2003889,OKALOACOOCHEE BRANCH,STORET_21FLSFWM,CR-22.0T," OKALOACOOCHEE BRANCH AT S.R.80,PORT LABELLE",CR-22.0T,26.7627778,-81.4,3235O,1/15/1979 12:00:00 AM,0.5,M,TP_UGL,PHOSPHORUS AS P,DISSOLVED,37,UG/L,,,0.037,MG/L
2003889,OKALOACOOCHEE BRANCH,STORET_21FLSFWM,CR-22.0T," OKALOACOOCHEE BRANCH AT S.R.80,PORT LABELLE",CR-22.0T,26.7627778,-81.4,3235O,1/15/1979 12:00:00 AM,0.5,M,TP_UGL,PHOSPHORUS AS P,TOTAL,56,UG/L,,,0.056,MG/L
2003889,OKALOACOOCHEE BRANCH,STORET_21FLSFWM,CR-22.0T," OKALOACOOCHEE BRANCH AT S.R.80,PORT LABELLE",CR-22.0T,26.7627778,-81.4,3235O,02-12-1979 0:00,0.5,M,TP_UGL,PHOSPHORUS AS P,DISSOLVED,23,UG/L,,,0.023,MG/L
2003889,OKALOACOOCHEE BRANCH,STORET_21FLSFWM,CR-22.0T," OKALOACOOCHEE BRANCH AT S.R.80,PORT LABELLE",CR-22.0T,26.7627778,-81.4,3235O,02-12-1979 0:00,0.5,M,TP_UGL,PHOSPHORUS AS P,TOTAL,34,UG/L,,,0.034,MG/L
2003889,OKALOACOOCHEE BRANCH,STORET_21FLSFWM,CR-22.0T," OKALOACOOCHEE BRANCH AT S.R.80,PORT LABELLE",CR-22.0T,26.7627778,-81.4,3235O,03-12-1979 0:00,0.5,M,TP_UGL,PHOSPHORUS AS P,DISSOLVED,18,UG/L,,,0.018,MG/L
2003889,OKALOACOOCHEE BRANCH,STORET_21FLSFWM,CR-22.0T," OKALOACOOCHEE BRANCH AT S.R.80,PORT LABELLE",CR-22.0T,26.7627778,-81.4,3235O,03-12-1979 0:00,0.5,M,TP_UGL,PHOSPHORUS AS P,TOTAL,23,UG/L,,,0.023,MG/L
2003889,OKALOACOOCHEE BRANCH,STORET_21FLSFWM,CR-22.0T," OKALOACOOCHEE BRANCH AT S.R.80,PORT LABELLE",CR-22.0T,26.7627778,-81.4,3235O,04-02-1979 0:00,0.5,M,TP_UGL,PHOSPHORUS AS P,DISSOLVED,14,UG/L,,,0.014,MG/L
2003889,OKALOACOOCHEE BRANCH,STORET_21FLSFWM,CR-22.0T," OKALOACOOCHEE BRANCH AT S.R.80,PORT LABELLE",CR-22.0T,26.7627778,-81.4,3235O,04-02-1979 0:00,0.5,M,TP_UGL,PHOSPHORUS AS P,TOTAL,33,UG/L,,,0.033,MG/L
2003889,OKALOACOOCHEE BRANCH,STORET_21FLSFWM,CR-22.0T," OKALOACOOCHEE BRANCH AT S.R.80,PORT LABELLE",CR-22.0T,26.7627778,-81.4,3235O,4/16/1979 12:00:00 AM,0.5,M,TP_UGL,PHOSPHORUS AS P,DISSOLVED,19,UG/L,,,0.019,MG/L
2003889,OKALOACOOCHEE BRANCH,STORET_21FLSFWM,CR-22.0T," OKALOACOOCHEE BRANCH AT S.R.80,PORT LABELLE",CR-22.0T,26.7627778,-81.4,3235O,4/16/1979 12:00:00 AM,0.5,M,TP_UGL,PHOSPHORUS AS P,TOTAL,34,UG/L,,,0.034,MG/L
2003889,OKALOACOOCHEE BRANCH,STORET_21FLSFWM,CR-22.0T," OKALOACOOCHEE BRANCH AT S.R.80,PORT LABELLE",CR-22.0T,26.7627778,-81.4,3235O,05-01-1979 0:00,0.5,M,TP_UGL,PHOSPHORUS AS P,DISSOLVED,12,UG/L,,,0.012,MG/L
2003889,OKALOACOOCHEE BRANCH,STORET_21FLSFWM,CR-22.0T," OKALOACOOCHEE BRANCH AT S.R.80,PORT LABELLE",CR-22.0T,26.7627778,-81.4,3235O,05-01-1979 0:00,0.5,M,TP_UGL,PHOSPHORUS AS P,TOTAL,34,UG/L,,,0.034,MG/L
2003889,OKALOACOOCHEE BRANCH,STORET_21FLSFWM,CR-22.0T," OKALOACOOCHEE BRANCH AT S.R.80,PORT LABELLE",CR-22.0T,26.7627778,-81.4,3235O,5/14/1979 12:00:00 AM,0.5,M,TP_UGL,PHOSPHORUS AS P,DISSOLVED,11,UG/L,,,0.011,MG/L
2003889,OKALOACOOCHEE BRANCH,STORET_21FLSFWM,CR-22.0T," OKALOACOOCHEE BRANCH AT S.R.80,PORT LABELLE",CR-22.0T,26.7627778,-81.4,3235O,5/14/1979 12:00:00 AM,0.5,M,TP_UGL,PHOSPHORUS AS P,TOTAL,22,UG/L,,,0.022,MG/L
2003889,OKALOACOOCHEE BRANCH,STORET_21FLSFWM,CR-22.0T," OKALOACOOCHEE BRANCH AT S.R.80,PORT LABELLE",CR-22.0T,26.7627778,-81.4,3235O,5/31/1979 12:00:00 AM,0.5,M,TP_UGL,PHOSPHORUS AS P,DISSOLVED,10,UG/L,,,0.01,MG/L
2003889,OKALOACOOCHEE BRANCH,STORET_21FLSFWM,CR-22.0T," OKALOACOOCHEE BRANCH AT S.R.80,PORT LABELLE",CR-22.0T,26.7627778,-81.4,3235O,5/31/1979 12:00:00 AM,0.5,M,TP_UGL,PHOSPHORUS AS P,TOTAL,23,UG/L,,,0.023,MG/L
2003889,OKALOACOOCHEE BRANCH,STORET_21FLSFWM,CR-22.0T," OKALOACOOCHEE BRANCH AT S.R.80,PORT LABELLE",CR-22.0T,26.7627778,-81.4,3235O,06-11-1979 0:00,0.5,M,TP_UGL,PHOSPHORUS AS P,DISSOLVED,9,UG/L,,,0.009,MG/L
2003889,OKALOACOOCHEE BRANCH,STORET_21FLSFWM,CR-22.0T," OKALOACOOCHEE BRANCH AT S.R.80,PORT LABELLE",CR-22.0T,26.7627778,-81.4,3235O,06-11-1979 0:00,0.5,M,TP_UGL,PHOSPHORUS AS P,TOTAL,26,UG/L,,,0.026,MG/L
2003889,OKALOACOOCHEE BRANCH,STORET_21FLSFWM,CR-22.0T," OKALOACOOCHEE BRANCH AT S.R.80,PORT LABELLE",CR-22.0T,26.7627778,-81.4,3235O,6/25/1979 12:00:00 AM,0.5,M,TP_UGL,PHOSPHORUS AS P,DISSOLVED,8,UG/L,,,0.008,MG/L
2003889,OKALOACOOCHEE BRANCH,STORET_21FLSFWM,CR-22.0T," OKALOACOOCHEE BRANCH AT S.R.80,PORT LABELLE",CR-22.0T,26.7627778,-81.4,3235O,6/25/1979 12:00:00 AM,0.5,M,TP_UGL,PHOSPHORUS AS P,TOTAL,25,UG/L,,,0.025,MG/L
2003889,OKALOACOOCHEE BRANCH,STORET_21FLSFWM,CR-22.0T," OKALOACOOCHEE BRANCH AT S.R.80,PORT LABELLE",CR-22.0T,26.7627778,-81.4,3235O,07-09-1979 0:00,0.5,M,TP_UGL,PHOSPHORUS AS P,DISSOLVED,10,UG/L,,,0.01,MG/L
2003889,OKALOACOOCHEE BRANCH,STORET_21FLSFWM,CR-22.0T," OKALOACOOCHEE BRANCH AT S.R.80,PORT LABELLE",CR-22.0T,26.7627778,-81.4,3235O,07-09-1979 0:00,0.5,M,TP_UGL,PHOSPHORUS AS P,TOTAL,22,UG/L,,,0.022,MG/L
2003889,OKALOACOOCHEE BRANCH,STORET_21FLSFWM,CR-22.0T," OKALOACOOCHEE BRANCH AT S.R.80,PORT LABELLE",CR-22.0T,26.7627778,-81.4,3235O,7/23/1979 12:00:00 AM,0.5,M,TP_UGL,PHOSPHORUS AS P,DISSOLVED,8,UG/L,,,0.008,MG/L
2003889,OKALOACOOCHEE BRANCH,STORET_21FLSFWM,CR-22.0T," OKALOACOOCHEE BRANCH AT S.R.80,PORT LABELLE",CR-22.0T,26.7627778,-81.4,3235O,7/23/1979 12:00:00 AM,0.5,M,TP_UGL,PHOSPHORUS AS P,TOTAL,21,UG/L,,,0.021,MG/L
2003889,OKALOACOOCHEE BRANCH,STORET_21FLSFWM,CR-22.0T," OKALOACOOCHEE BRANCH AT S.R.80,PORT LABELLE",CR-22.0T,26.7627778,-81.4,3235O,8/13/1979 12:00:00 AM,0.5,M,TP_UGL,PHOSPHORUS AS P,DISSOLVED,15,UG/L,,,0.015,MG/L
2003889,OKALOACOOCHEE BRANCH,STORET_21FLSFWM,CR-22.0T," OKALOACOOCHEE BRANCH AT S.R.80,PORT LABELLE",CR-22.0T,26.7627778,-81.4,3235O,8/13/1979 12:00:00 AM,0.5,M,TP_UGL,PHOSPHORUS AS P,TOTAL,26,UG/L,,,0.026,MG/L
2003889,OKALOACOOCHEE BRANCH,STORET_21FLSFWM,CR-22.0T," OKALOACOOCHEE BRANCH AT S.R.80,PORT LABELLE",CR-22.0T,26.7627778,-81.4,3235O,09-10-1979 0:00,0.5,M,TP_UGL,PHOSPHORUS AS P,DISSOLVED,210,UG/L,,,0.21,MG/L
2003889,OKALOACOOCHEE BRANCH,STORET_21FLSFWM,CR-22.0T," OKALOACOOCHEE BRANCH AT S.R.80,PORT LABELLE",CR-22.0T,26.7627778,-81.4,3235O,09-10-1979 0:00,0.5,M,TP_UGL,PHOSPHORUS AS P,TOTAL,222,UG/L,,,0.222,MG/L
2003889,OKALOACOOCHEE BRANCH,STORET_21FLSFWM,CR-22.0T," OKALOACOOCHEE BRANCH AT S.R.80,PORT LABELLE",CR-22.0T,26.7627778,-81.4,3235O,10/16/1979 12:00:00 AM,0.5,M,TP_UGL,PHOSPHORUS AS P,DISSOLVED,62,UG/L,,,0.062,MG/L
2003889,OKALOACOOCHEE BRANCH,STORET_21FLSFWM,CR-22.0T," OKALOACOOCHEE BRANCH AT S.R.80,PORT LABELLE",CR-22.0T,26.7627778,-81.4,3235O,10/16/1979 12:00:00 AM,0.5,M,TP_UGL,PHOSPHORUS AS P,TOTAL,69,UG/L,,,0.069,MG/L
2003889,OKALOACOOCHEE BRANCH,STORET_21FLSFWM,CR-22.0T," OKALOACOOCHEE BRANCH AT S.R.80,PORT LABELLE",CR-22.0T,26.7627778,-81.4,3235O,11-06-1979 0:00,0.5,M,TP_UGL,PHOSPHORUS AS P,DISSOLVED,31,UG/L,,,0.031,MG/L
2003889,OKALOACOOCHEE BRANCH,STORET_21FLSFWM,CR-22.0T," OKALOACOOCHEE BRANCH AT S.R.80,PORT LABELLE",CR-22.0T,26.7627778,-81.4,3235O,11-06-1979 0:00,0.5,M,TP_UGL,PHOSPHORUS AS P,TOTAL,34,UG/L,,,0.034,MG/L
2003889,OKALOACOOCHEE BRANCH,STORET_21FLSFWM,CR-22.0T," OKALOACOOCHEE BRANCH AT S.R.80,PORT LABELLE",CR-22.0T,26.7627778,-81.4,3235O,12-03-1979 0:00,0.5,M,TP_UGL,PHOSPHORUS AS P,DISSOLVED,14,UG/L,,,0.014,MG/L
2003889,OKALOACOOCHEE BRANCH,STORET_21FLSFWM,CR-22.0T," OKALOACOOCHEE BRANCH AT S.R.80,PORT LABELLE",CR-22.0T,26.7627778,-81.4,3235O,12-03-1979 0:00,0.5,M,TP_UGL,PHOSPHORUS AS P,TOTAL,19,UG/L,,,0.019,MG/L
2003889,OKALOACOOCHEE BRANCH,STORET_21FLSFWM,CR-22.0T," OKALOACOOCHEE BRANCH AT S.R.80,PORT LABELLE",CR-22.0T,26.7627778,-81.4,3235O,1/15/1980 12:00:00 AM,0.5,M,TP_UGL,PHOSPHORUS AS P,TOTAL,26,UG/L,,,0.026,MG/L
2003889,OKALOACOOCHEE BRANCH,STORET_21FLSFWM,CR-22.0T," OKALOACOOCHEE BRANCH AT S.R.80,PORT LABELLE",CR-22.0T,26.7627778,-81.4,3235O,2/19/1980 12:00:00 AM,0.5,M,TP_UGL,PHOSPHORUS AS P,TOTAL,36,UG/L,,,0.036,MG/L
2003889,OKALOACOOCHEE BRANCH,STORET_21FLSFWM,CR-22.0T," OKALOACOOCHEE BRANCH AT S.R.80,PORT LABELLE",CR-22.0T,26.7627778,-81.4,3235O,3/17/1980 12:00:00 AM,0.5,M,TP_UGL,PHOSPHORUS AS P,TOTAL,29,UG/L,,,0.029,MG/L
2003889,OKALOACOOCHEE BRANCH,STORET_21FLSFWM,CR-22.0T," OKALOACOOCHEE BRANCH AT S.R.80,PORT LABELLE",CR-22.0T,26.7627778,-81.4,3235O,4/15/1980 12:00:00 AM,0.5,M,TP_UGL,PHOSPHORUS AS P,TOTAL,22,UG/L,,,0.022,MG/L
2003889,OKALOACOOCHEE BRANCH,STORET_21FLSFWM,CR-22.0T," OKALOACOOCHEE BRANCH AT S.R.80,PORT LABELLE",CR-22.0T,26.7627778,-81.4,3235O,5/19/1980 12:00:00 AM,0.5,M,TP_UGL,PHOSPHORUS AS P,TOTAL,26,UG/L,,,0.026,MG/L
2003889,OKALOACOOCHEE BRANCH,STORET_21FLSFWM,CR-22.0T," OKALOACOOCHEE BRANCH AT S.R.80,PORT LABELLE",CR-22.0T,26.7627778,-81.4,3235O,06-09-1980 0:00,0.5,M,TP_UGL,PHOSPHORUS AS P,TOTAL,44,UG/L,,,0.044,MG/L
2003889,OKALOACOOCHEE BRANCH,STORET_21FLSFWM,CR-22.0T," OKALOACOOCHEE BRANCH AT S.R.80,PORT LABELLE",CR-22.0T,26.7627778,-81.4,3235O,7/15/1980 12:00:00 AM,0.5,M,TP_UGL,PHOSPHORUS AS P,TOTAL,29,UG/L,,,0.029,MG/L
2003889,OKALOACOOCHEE BRANCH,STORET_21FLSFWM,CR-22.0T," OKALOACOOCHEE BRANCH AT S.R.80,PORT LABELLE",CR-22.0T,26.7627778,-81.4,3235O,8/18/1980 12:00:00 AM,0.5,M,TP_UGL,PHOSPHORUS AS P,TOTAL,106,UG/L,,,0.106,MG/L
2003889,OKALOACOOCHEE BRANCH,STORET_21FLSFWM,CR-22.0T," OKALOACOOCHEE BRANCH AT S.R.80,PORT LABELLE",CR-22.0T,26.7627778,-81.4,3235O,9/16/1980 12:00:00 AM,0.5,M,TP_UGL,PHOSPHORUS AS P,TOTAL,131,UG/L,,,0.131,MG/L
2003889,OKALOACOOCHEE BRANCH,STORET_21FLSFWM,CR-22.0T," OKALOACOOCHEE BRANCH AT S.R.80,PORT LABELLE",CR-22.0T,26.7627778,-81.4,3235O,10/13/1980 12:00:00 AM,0.5,M,TP_UGL,PHOSPHORUS AS P,TOTAL,35,UG/L,,,0.035,MG/L
2003889,OKALOACOOCHEE BRANCH,STORET_21FLSFWM,CR-22.0T," OKALOACOOCHEE BRANCH AT S.R.80,PORT LABELLE",CR-22.0T,26.7627778,-81.4,3235O,11-10-1980 0:00,0.5,M,TP_UGL,PHOSPHORUS AS P,TOTAL,27,UG/L,,,0.027,MG/L
2003889,OKALOACOOCHEE BRANCH,STORET_21FLSFWM,CR-22.0T," OKALOACOOCHEE BRANCH AT S.R.80,PORT LABELLE",CR-22.0T,26.7627778,-81.4,3235O,12-09-1980 0:00,0.5,M,TP_UGL,PHOSPHORUS AS P,TOTAL,24,UG/L,,,0.024,MG/L
