﻿WBodyID,WaterBodyName,DataSource,StationID,StationName,Actual_StationID,Actual_Latitude,Actual_Longitude,DEP_WBID,SampleDate,ActivityDepth,DepthUnits,Parameter,Characteristic,Sample_Fraction,Result_Value,Result_Unit,QACode,Result_Comment,Original_Result_Value,Original_Result_Unit
2003889,OKALOACOOCHEE BRANCH,WIN_21FLFTM,G3SD0099, OKALOACOOCHEE BRANCH @ EUCALYPTUS,G3SD0099,26.75602,-81.39836,3235O,1/24/2018 9:10:00 AM,0.15,M,F_MGL,FLUORIDES,TOTAL,0.26,MG/L,,BATCH MATRIX SPIKE RECOVERIES ARE UNAVAILABLE BECAUSE OF HIGH ANALYTE CONCENTRATION IN THE QC SAMPLE.,0.26,MG/L
2003889,OKALOACOOCHEE BRANCH,WIN_21FLFTM,G3SD0099, OKALOACOOCHEE BRANCH @ EUCALYPTUS,G3SD0099,26.75602,-81.39836,3235O,03-05-2018 10:10,0.15,M,F_MGL,FLUORIDES,TOTAL,0.19,MG/L,,,0.19,MG/L
2003889,OKALOACOOCHEE BRANCH,WIN_21FLFTM,G3SD0099, OKALOACOOCHEE BRANCH @ EUCALYPTUS,G3SD0099,26.75602,-81.39836,3235O,5/15/2018 11:55:00 AM,0.15,M,F_MGL,FLUORIDES,TOTAL,0.17,MG/L,,,0.17,MG/L
2003889,OKALOACOOCHEE BRANCH,WIN_21FLFTM,G3SD0099, OKALOACOOCHEE BRANCH @ EUCALYPTUS,G3SD0099,26.75602,-81.39836,3235O,06-07-2018 9:00,0.15,M,F_MGL,FLUORIDES,TOTAL,0.2,MG/L,,,0.2,MG/L
2003889,OKALOACOOCHEE BRANCH,WIN_21FLFTM,G3SD0099, OKALOACOOCHEE BRANCH @ EUCALYPTUS,G3SD0099,26.75602,-81.39836,3235O,7/24/2018 12:30:00 PM,0.2,M,F_MGL,FLUORIDES,TOTAL,0.21,MG/L,,,0.21,MG/L
2003889,OKALOACOOCHEE BRANCH,WIN_21FLFTM,G3SD0099, OKALOACOOCHEE BRANCH @ EUCALYPTUS,G3SD0099,26.75602,-81.39836,3235O,09-11-2018 14:00,0.1,M,F_MGL,FLUORIDES,TOTAL,0.15,MG/L,,,0.15,MG/L
2003889,OKALOACOOCHEE BRANCH,WIN_21FLFTM,G3SD0099, OKALOACOOCHEE BRANCH @ EUCALYPTUS,G3SD0099,26.75602,-81.39836,3235O,12-12-2018 15:10,0.2,M,F_MGL,FLUORIDES,TOTAL,0.19,MG/L,,,0.19,MG/L
2003889,OKALOACOOCHEE BRANCH,WIN_21FLFTM,G3SD0099, OKALOACOOCHEE BRANCH @ EUCALYPTUS,G3SD0099,26.75602,-81.39836,3235O,04-09-2019 10:00,0.2,M,F_MGL,FLUORIDES,TOTAL,0.2,MG/L,,,0.2,MG/L
2003889,OKALOACOOCHEE BRANCH,WIN_21FLFTM,G3SD0099, OKALOACOOCHEE BRANCH @ EUCALYPTUS,G3SD0099,26.75602,-81.39836,3235O,05-07-2019 10:40,0.1,M,F_MGL,FLUORIDES,TOTAL,0.23,MG/L,,,0.23,MG/L
2003889,OKALOACOOCHEE BRANCH,WIN_21FLFTM,G3SD0099, OKALOACOOCHEE BRANCH @ EUCALYPTUS,G3SD0099,26.75602,-81.39836,3235O,6/24/2019 10:15:00 AM,0.15,M,F_MGL,FLUORIDES,TOTAL,0.19,MG/L,,,0.19,MG/L
2003889,OKALOACOOCHEE BRANCH,WIN_21FLFTM,G3SD0099, OKALOACOOCHEE BRANCH @ EUCALYPTUS,G3SD0099,26.75602,-81.39836,3235O,6/24/2019 10:20:00 AM,0.3,M,F_MGL,FLUORIDES,TOTAL,0.19,MG/L,,,0.19,MG/L
2003889,OKALOACOOCHEE BRANCH,WIN_21FLFTM,G3SD0099, OKALOACOOCHEE BRANCH @ EUCALYPTUS,G3SD0099,26.75602,-81.39836,3235O,7/15/2019 11:00:00 AM,0.1,M,F_MGL,FLUORIDES,TOTAL,0.19,MG/L,,,0.19,MG/L
2003889,OKALOACOOCHEE BRANCH,WIN_21FLFTM,G3SD0099, OKALOACOOCHEE BRANCH @ EUCALYPTUS,G3SD0099,26.75602,-81.39836,3235O,10-02-2019 10:25,0.1,M,F_MGL,FLUORIDES,TOTAL,0.22,MG/L,,,0.22,MG/L
2003889,OKALOACOOCHEE BRANCH,WIN_21FLFTM,CALUSA0051FTM, OKALOACOOCHEE BRANCH AT EUCALYPTUS BLVD,CALUSA0051FTM,26.75602,-81.39836,3235O,4/24/2017 10:50:00 AM,0.15,M,F_MGL,FLUORIDES,TOTAL,0.21,MG/L,,,0.21,MG/L
2003889,OKALOACOOCHEE BRANCH,WIN_21FLFTM,CALUSA0051FTM, OKALOACOOCHEE BRANCH AT EUCALYPTUS BLVD,CALUSA0051FTM,26.75602,-81.39836,3235O,07-12-2017 9:40,0.2,M,F_MGL,FLUORIDES,TOTAL,0.22,MG/L,,,0.22,MG/L
2003889,OKALOACOOCHEE BRANCH,WIN_21FLFTM,CALUSA0051FTM, OKALOACOOCHEE BRANCH AT EUCALYPTUS BLVD,CALUSA0051FTM,26.75602,-81.39836,3235O,8/28/2017 11:00:00 AM,0.15,M,F_MGL,FLUORIDES,TOTAL,0.18,MG/L,,,0.18,MG/L
2003889,OKALOACOOCHEE BRANCH,WIN_21FLFTM,CALUSA0051FTM, OKALOACOOCHEE BRANCH AT EUCALYPTUS BLVD,CALUSA0051FTM,26.75602,-81.39836,3235O,10/17/2017 2:10:00 PM,0.2,M,F_MGL,FLUORIDES,TOTAL,0.17,MG/L,,,0.17,MG/L
2003889,OKALOACOOCHEE BRANCH,WIN_21FLFTM,CALUSA0051FTM, OKALOACOOCHEE BRANCH AT EUCALYPTUS BLVD,CALUSA0051FTM,26.75602,-81.39836,3235O,10/17/2017 2:15:00 PM,0.3,M,F_MGL,FLUORIDES,TOTAL,0.18,MG/L,,,0.18,MG/L
2003889,OKALOACOOCHEE BRANCH,WIN_21FLFTM,CALUSA0051FTM, OKALOACOOCHEE BRANCH AT EUCALYPTUS BLVD,CALUSA0051FTM,26.75602,-81.39836,3235O,11/14/2017 1:50:00 PM,0.1,M,F_MGL,FLUORIDES,TOTAL,0.2,MG/L,,BATCH MATRIX SPIKE RECOVERIES ARE UNAVAILABLE BECAUSE OF HIGH ANALYTE CONCENTRATION IN THE QC SAMPLE.,0.2,MG/L
2003889,OKALOACOOCHEE BRANCH,STORET_21FLFTM,CALUSA0051FTM, OKALOACOOCHEE BRANCH AT EUCALYPTUS BLVD.,CALUSA0051FTM,26.75601,-81.39836,3235O,3/15/2016 12:00:00 AM,0.3,M,F_MGL,FLUORIDES,TOTAL,0.19,MG/L,,,0.19,MG/L
2003889,OKALOACOOCHEE BRANCH,STORET_21FLFTM,CALUSA0051FTM, OKALOACOOCHEE BRANCH AT EUCALYPTUS BLVD.,CALUSA0051FTM,26.75601,-81.39836,3235O,6/27/2016 12:00:00 AM,0.3,M,F_MGL,FLUORIDES,TOTAL,0.17,MG/L,,,0.17,MG/L
2003889,OKALOACOOCHEE BRANCH,STORET_21FLFTM,CALUSA0051FTM, OKALOACOOCHEE BRANCH AT EUCALYPTUS BLVD.,CALUSA0051FTM,26.75601,-81.39836,3235O,9/20/2016 12:00:00 AM,0.3,M,F_MGL,FLUORIDES,TOTAL,0.13,MG/L,,,0.13,MG/L
2003889,OKALOACOOCHEE BRANCH,STORET_21FLFTM,CALUSA0051FTM, OKALOACOOCHEE BRANCH AT EUCALYPTUS BLVD.,CALUSA0051FTM,26.75601,-81.39836,3235O,10/18/2016 12:00:00 AM,0.3,M,F_MGL,FLUORIDES,TOTAL,0.21,MG/L,,,0.21,MG/L
2003889,OKALOACOOCHEE BRANCH,STORET_21FLFTM,CALUSA0051FTM, OKALOACOOCHEE BRANCH AT EUCALYPTUS BLVD.,CALUSA0051FTM,26.75601,-81.39836,3235O,12/14/2016 12:00:00 AM,0.3,M,F_MGL,FLUORIDES,TOTAL,0.18,MG/L,,,0.18,MG/L
2003889,OKALOACOOCHEE BRANCH,STORET_21FLFTM,CALUSA0051FTM, OKALOACOOCHEE BRANCH AT EUCALYPTUS BLVD.,CALUSA0051FTM,26.75601,-81.39836,3235O,07-12-2017 0:00,0.2,M,F_MGL,FLUORIDES,TOTAL,0.22,MG/L,,,0.22,MG/L
2003889,OKALOACOOCHEE BRANCH,STORET_21FLSFWM,CR-22.0T," OKALOACOOCHEE BRANCH AT S.R.80,PORT LABELLE",CR-22.0T,26.7627778,-81.4,3235O,1/15/1979 12:00:00 AM,0.5,M,F_MGL,FLUORIDES,TOTAL,0.1,MG/L,,,0.1,MG/L
2003889,OKALOACOOCHEE BRANCH,STORET_21FLSFWM,CR-22.0T," OKALOACOOCHEE BRANCH AT S.R.80,PORT LABELLE",CR-22.0T,26.7627778,-81.4,3235O,03-12-1979 0:00,0.5,M,F_MGL,FLUORIDES,TOTAL,0.128,MG/L,,,0.128,MG/L
2003889,OKALOACOOCHEE BRANCH,STORET_21FLSFWM,CR-22.0T," OKALOACOOCHEE BRANCH AT S.R.80,PORT LABELLE",CR-22.0T,26.7627778,-81.4,3235O,04-02-1979 0:00,0.5,M,F_MGL,FLUORIDES,TOTAL,0.108,MG/L,,,0.108,MG/L
2003889,OKALOACOOCHEE BRANCH,STORET_21FLSFWM,CR-22.0T," OKALOACOOCHEE BRANCH AT S.R.80,PORT LABELLE",CR-22.0T,26.7627778,-81.4,3235O,4/16/1979 12:00:00 AM,0.5,M,F_MGL,FLUORIDES,TOTAL,0.189,MG/L,,,0.189,MG/L
2003889,OKALOACOOCHEE BRANCH,STORET_21FLSFWM,CR-22.0T," OKALOACOOCHEE BRANCH AT S.R.80,PORT LABELLE",CR-22.0T,26.7627778,-81.4,3235O,05-01-1979 0:00,0.5,M,F_MGL,FLUORIDES,TOTAL,0.137,MG/L,,,0.137,MG/L
2003889,OKALOACOOCHEE BRANCH,STORET_21FLSFWM,CR-22.0T," OKALOACOOCHEE BRANCH AT S.R.80,PORT LABELLE",CR-22.0T,26.7627778,-81.4,3235O,5/14/1979 12:00:00 AM,0.5,M,F_MGL,FLUORIDES,TOTAL,0.175,MG/L,,,0.175,MG/L
2003889,OKALOACOOCHEE BRANCH,STORET_21FLSFWM,CR-22.0T," OKALOACOOCHEE BRANCH AT S.R.80,PORT LABELLE",CR-22.0T,26.7627778,-81.4,3235O,5/31/1979 12:00:00 AM,0.5,M,F_MGL,FLUORIDES,TOTAL,0.182,MG/L,,,0.182,MG/L
2003889,OKALOACOOCHEE BRANCH,STORET_21FLSFWM,CR-22.0T," OKALOACOOCHEE BRANCH AT S.R.80,PORT LABELLE",CR-22.0T,26.7627778,-81.4,3235O,06-11-1979 0:00,0.5,M,F_MGL,FLUORIDES,TOTAL,0.179,MG/L,,,0.179,MG/L
2003889,OKALOACOOCHEE BRANCH,STORET_21FLSFWM,CR-22.0T," OKALOACOOCHEE BRANCH AT S.R.80,PORT LABELLE",CR-22.0T,26.7627778,-81.4,3235O,6/25/1979 12:00:00 AM,0.5,M,F_MGL,FLUORIDES,TOTAL,0.176,MG/L,,,0.176,MG/L
2003889,OKALOACOOCHEE BRANCH,STORET_21FLSFWM,CR-22.0T," OKALOACOOCHEE BRANCH AT S.R.80,PORT LABELLE",CR-22.0T,26.7627778,-81.4,3235O,07-09-1979 0:00,0.5,M,F_MGL,FLUORIDES,TOTAL,0.181,MG/L,,,0.181,MG/L
2003889,OKALOACOOCHEE BRANCH,STORET_21FLSFWM,CR-22.0T," OKALOACOOCHEE BRANCH AT S.R.80,PORT LABELLE",CR-22.0T,26.7627778,-81.4,3235O,7/23/1979 12:00:00 AM,0.5,M,F_MGL,FLUORIDES,TOTAL,0.172,MG/L,,,0.172,MG/L
2003889,OKALOACOOCHEE BRANCH,STORET_21FLSFWM,CR-22.0T," OKALOACOOCHEE BRANCH AT S.R.80,PORT LABELLE",CR-22.0T,26.7627778,-81.4,3235O,8/13/1979 12:00:00 AM,0.5,M,F_MGL,FLUORIDES,TOTAL,0.18,MG/L,,,0.18,MG/L
2003889,OKALOACOOCHEE BRANCH,STORET_21FLSFWM,CR-22.0T," OKALOACOOCHEE BRANCH AT S.R.80,PORT LABELLE",CR-22.0T,26.7627778,-81.4,3235O,09-10-1979 0:00,0.5,M,F_MGL,FLUORIDES,TOTAL,0.13,MG/L,,,0.13,MG/L
2003889,OKALOACOOCHEE BRANCH,STORET_21FLSFWM,CR-22.0T," OKALOACOOCHEE BRANCH AT S.R.80,PORT LABELLE",CR-22.0T,26.7627778,-81.4,3235O,10/16/1979 12:00:00 AM,0.5,M,F_MGL,FLUORIDES,TOTAL,0.122,MG/L,,,0.122,MG/L
2003889,OKALOACOOCHEE BRANCH,STORET_21FLSFWM,CR-22.0T," OKALOACOOCHEE BRANCH AT S.R.80,PORT LABELLE",CR-22.0T,26.7627778,-81.4,3235O,11-06-1979 0:00,0.5,M,F_MGL,FLUORIDES,TOTAL,0.13,MG/L,,,0.13,MG/L
2003889,OKALOACOOCHEE BRANCH,STORET_21FLSFWM,CR-22.0T," OKALOACOOCHEE BRANCH AT S.R.80,PORT LABELLE",CR-22.0T,26.7627778,-81.4,3235O,12-03-1979 0:00,0.5,M,F_MGL,FLUORIDES,TOTAL,0.146,MG/L,,,0.146,MG/L
2003889,OKALOACOOCHEE BRANCH,STORET_21FLSFWM,CR-22.0T," OKALOACOOCHEE BRANCH AT S.R.80,PORT LABELLE",CR-22.0T,26.7627778,-81.4,3235O,1/15/1980 12:00:00 AM,0.5,M,F_MGL,FLUORIDES,TOTAL,0.166,MG/L,,,0.166,MG/L
2003889,OKALOACOOCHEE BRANCH,STORET_21FLSFWM,CR-22.0T," OKALOACOOCHEE BRANCH AT S.R.80,PORT LABELLE",CR-22.0T,26.7627778,-81.4,3235O,2/19/1980 12:00:00 AM,0.5,M,F_MGL,FLUORIDES,TOTAL,0.159,MG/L,,,0.159,MG/L
2003889,OKALOACOOCHEE BRANCH,STORET_21FLSFWM,CR-22.0T," OKALOACOOCHEE BRANCH AT S.R.80,PORT LABELLE",CR-22.0T,26.7627778,-81.4,3235O,3/17/1980 12:00:00 AM,0.5,M,F_MGL,FLUORIDES,TOTAL,0.167,MG/L,,,0.167,MG/L
2003889,OKALOACOOCHEE BRANCH,STORET_21FLSFWM,CR-22.0T," OKALOACOOCHEE BRANCH AT S.R.80,PORT LABELLE",CR-22.0T,26.7627778,-81.4,3235O,4/15/1980 12:00:00 AM,0.5,M,F_MGL,FLUORIDES,TOTAL,0.145,MG/L,,,0.145,MG/L
2003889,OKALOACOOCHEE BRANCH,STORET_21FLSFWM,CR-22.0T," OKALOACOOCHEE BRANCH AT S.R.80,PORT LABELLE",CR-22.0T,26.7627778,-81.4,3235O,5/19/1980 12:00:00 AM,0.5,M,F_MGL,FLUORIDES,TOTAL,0.185,MG/L,,,0.185,MG/L
2003889,OKALOACOOCHEE BRANCH,STORET_21FLSFWM,CR-22.0T," OKALOACOOCHEE BRANCH AT S.R.80,PORT LABELLE",CR-22.0T,26.7627778,-81.4,3235O,06-09-1980 0:00,0.5,M,F_MGL,FLUORIDES,TOTAL,0.223,MG/L,,,0.223,MG/L
2003889,OKALOACOOCHEE BRANCH,STORET_21FLSFWM,CR-22.0T," OKALOACOOCHEE BRANCH AT S.R.80,PORT LABELLE",CR-22.0T,26.7627778,-81.4,3235O,7/15/1980 12:00:00 AM,0.5,M,F_MGL,FLUORIDES,TOTAL,0.163,MG/L,,,0.163,MG/L
2003889,OKALOACOOCHEE BRANCH,STORET_21FLSFWM,CR-22.0T," OKALOACOOCHEE BRANCH AT S.R.80,PORT LABELLE",CR-22.0T,26.7627778,-81.4,3235O,8/18/1980 12:00:00 AM,0.5,M,F_MGL,FLUORIDES,TOTAL,0.163,MG/L,,,0.163,MG/L
2003889,OKALOACOOCHEE BRANCH,STORET_21FLSFWM,CR-22.0T," OKALOACOOCHEE BRANCH AT S.R.80,PORT LABELLE",CR-22.0T,26.7627778,-81.4,3235O,9/16/1980 12:00:00 AM,0.5,M,F_MGL,FLUORIDES,TOTAL,0.155,MG/L,,,0.155,MG/L
2003889,OKALOACOOCHEE BRANCH,STORET_21FLSFWM,CR-22.0T," OKALOACOOCHEE BRANCH AT S.R.80,PORT LABELLE",CR-22.0T,26.7627778,-81.4,3235O,10/13/1980 12:00:00 AM,0.5,M,F_MGL,FLUORIDES,TOTAL,0.166,MG/L,,,0.166,MG/L
2003889,OKALOACOOCHEE BRANCH,STORET_21FLSFWM,CR-22.0T," OKALOACOOCHEE BRANCH AT S.R.80,PORT LABELLE",CR-22.0T,26.7627778,-81.4,3235O,11-10-1980 0:00,0.5,M,F_MGL,FLUORIDES,TOTAL,0.168,MG/L,,,0.168,MG/L
2003889,OKALOACOOCHEE BRANCH,STORET_21FLSFWM,CR-22.0T," OKALOACOOCHEE BRANCH AT S.R.80,PORT LABELLE",CR-22.0T,26.7627778,-81.4,3235O,12-09-1980 0:00,0.5,M,F_MGL,FLUORIDES,TOTAL,0.16,MG/L,,,0.16,MG/L
