﻿WBodyID,WaterBodyName,DataSource,StationID,StationName,Actual_StationID,Actual_Latitude,Actual_Longitude,DEP_WBID,SampleDate,ActivityDepth,DepthUnits,Parameter,Characteristic,Sample_Fraction,Result_Value,Result_Unit,QACode,Result_Comment,Original_Result_Value,Original_Result_Unit
2003889,OKALOACOOCHEE BRANCH,STORET_21FLFTM,CALUSA0044FTM, OKALOACOOCHEE BRANCH AT EUCALYPTUS BLVD,CALUSA0044FTM,26.75183,-81.39468,3235O,2/14/2013 12:00:00 AM,0.152439,M,FE_DISS_UGL,IRON,DISSOLVED,92,UG/L,I,**I**,92,UG/L
2003889,OKALOACOOCHEE BRANCH,STORET_21FLFTM,CALUSA0044FTM, OKALOACOOCHEE BRANCH AT EUCALYPTUS BLVD,CALUSA0044FTM,26.75183,-81.39468,3235O,04-03-2013 0:00,0.152439,M,FE_DISS_UGL,IRON,DISSOLVED,120,UG/L,I,**I**,120,UG/L
2003889,OKALOACOOCHEE BRANCH,STORET_21FLFTM,CALUSA0044FTM, OKALOACOOCHEE BRANCH AT EUCALYPTUS BLVD,CALUSA0044FTM,26.75183,-81.39468,3235O,6/26/2013 12:00:00 AM,0.152439,M,FE_DISS_UGL,IRON,DISSOLVED,260,UG/L,,,260,UG/L
2003889,OKALOACOOCHEE BRANCH,STORET_21FLFTM,CALUSA0051FTM, OKALOACOOCHEE BRANCH AT EUCALYPTUS BLVD.,CALUSA0051FTM,26.75601,-81.39836,3235O,2/14/2013 12:00:00 AM,0.152439,M,FE_DISS_UGL,IRON,DISSOLVED,90,UG/L,I,**I**,90,UG/L
2003889,OKALOACOOCHEE BRANCH,STORET_21FLFTM,CALUSA0051FTM, OKALOACOOCHEE BRANCH AT EUCALYPTUS BLVD.,CALUSA0051FTM,26.75601,-81.39836,3235O,04-03-2013 0:00,0.152439,M,FE_DISS_UGL,IRON,DISSOLVED,103,UG/L,I,**I**,103,UG/L
2003889,OKALOACOOCHEE BRANCH,STORET_21FLFTM,CALUSA0051FTM, OKALOACOOCHEE BRANCH AT EUCALYPTUS BLVD.,CALUSA0051FTM,26.75601,-81.39836,3235O,6/26/2013 12:00:00 AM,0.152439,M,FE_DISS_UGL,IRON,DISSOLVED,150,UG/L,,,150,UG/L
2003889,OKALOACOOCHEE BRANCH,STORET_21FLSFWM,CR-22.0T," OKALOACOOCHEE BRANCH AT S.R.80,PORT LABELLE",CR-22.0T,26.7627778,-81.4,3235O,01-11-1978 0:00,0.5,M,FE_DISS_UGL,IRON,DISSOLVED,50,UG/L,,,50,UG/L
2003889,OKALOACOOCHEE BRANCH,STORET_21FLSFWM,CR-22.0T," OKALOACOOCHEE BRANCH AT S.R.80,PORT LABELLE",CR-22.0T,26.7627778,-81.4,3235O,02-08-1978 0:00,0.5,M,FE_DISS_UGL,IRON,DISSOLVED,50,UG/L,,,50,UG/L
2003889,OKALOACOOCHEE BRANCH,STORET_21FLSFWM,CR-22.0T," OKALOACOOCHEE BRANCH AT S.R.80,PORT LABELLE",CR-22.0T,26.7627778,-81.4,3235O,04-05-1978 0:00,0.5,M,FE_DISS_UGL,IRON,DISSOLVED,60,UG/L,,,60,UG/L
2003889,OKALOACOOCHEE BRANCH,STORET_21FLSFWM,CR-22.0T," OKALOACOOCHEE BRANCH AT S.R.80,PORT LABELLE",CR-22.0T,26.7627778,-81.4,3235O,4/19/1978 12:00:00 AM,0.5,M,FE_DISS_UGL,IRON,DISSOLVED,30,UG/L,,,30,UG/L
2003889,OKALOACOOCHEE BRANCH,STORET_21FLSFWM,CR-22.0T," OKALOACOOCHEE BRANCH AT S.R.80,PORT LABELLE",CR-22.0T,26.7627778,-81.4,3235O,05-03-1978 0:00,0.5,M,FE_DISS_UGL,IRON,DISSOLVED,30,UG/L,,,30,UG/L
2003889,OKALOACOOCHEE BRANCH,STORET_21FLSFWM,CR-22.0T," OKALOACOOCHEE BRANCH AT S.R.80,PORT LABELLE",CR-22.0T,26.7627778,-81.4,3235O,5/17/1978 12:00:00 AM,0.5,M,FE_DISS_UGL,IRON,DISSOLVED,70,UG/L,,,70,UG/L
2003889,OKALOACOOCHEE BRANCH,STORET_21FLSFWM,CR-22.0T," OKALOACOOCHEE BRANCH AT S.R.80,PORT LABELLE",CR-22.0T,26.7627778,-81.4,3235O,06-08-1978 0:00,0.5,M,FE_DISS_UGL,IRON,DISSOLVED,70,UG/L,,,70,UG/L
2003889,OKALOACOOCHEE BRANCH,STORET_21FLSFWM,CR-22.0T," OKALOACOOCHEE BRANCH AT S.R.80,PORT LABELLE",CR-22.0T,26.7627778,-81.4,3235O,07-12-1978 0:00,0.5,M,FE_DISS_UGL,IRON,DISSOLVED,60,UG/L,,,60,UG/L
2003889,OKALOACOOCHEE BRANCH,STORET_21FLSFWM,CR-22.0T," OKALOACOOCHEE BRANCH AT S.R.80,PORT LABELLE",CR-22.0T,26.7627778,-81.4,3235O,08-09-1978 0:00,0.5,M,FE_DISS_UGL,IRON,DISSOLVED,90,UG/L,,,90,UG/L
2003889,OKALOACOOCHEE BRANCH,STORET_21FLSFWM,CR-22.0T," OKALOACOOCHEE BRANCH AT S.R.80,PORT LABELLE",CR-22.0T,26.7627778,-81.4,3235O,9/13/1978 12:00:00 AM,0.5,M,FE_DISS_UGL,IRON,DISSOLVED,110,UG/L,,,110,UG/L
2003889,OKALOACOOCHEE BRANCH,STORET_21FLSFWM,CR-22.0T," OKALOACOOCHEE BRANCH AT S.R.80,PORT LABELLE",CR-22.0T,26.7627778,-81.4,3235O,10/17/1978 12:00:00 AM,0.5,M,FE_DISS_UGL,IRON,DISSOLVED,340,UG/L,,,340,UG/L
2003889,OKALOACOOCHEE BRANCH,STORET_21FLSFWM,CR-22.0T," OKALOACOOCHEE BRANCH AT S.R.80,PORT LABELLE",CR-22.0T,26.7627778,-81.4,3235O,11-06-1978 0:00,0.5,M,FE_DISS_UGL,IRON,DISSOLVED,130,UG/L,,,130,UG/L
2003889,OKALOACOOCHEE BRANCH,STORET_21FLSFWM,CR-22.0T," OKALOACOOCHEE BRANCH AT S.R.80,PORT LABELLE",CR-22.0T,26.7627778,-81.4,3235O,12/13/1978 12:00:00 AM,0.5,M,FE_DISS_UGL,IRON,DISSOLVED,30,UG/L,,,30,UG/L
