﻿WBodyID,WaterBodyName,DataSource,StationID,StationName,Actual_StationID,Actual_Latitude,Actual_Longitude,DEP_WBID,SampleDate,ActivityDepth,DepthUnits,Parameter,Characteristic,Sample_Fraction,Result_Value,Result_Unit,QACode,Result_Comment,Original_Result_Value,Original_Result_Unit
2003889,OKALOACOOCHEE BRANCH,WIN_21FLFTM,G3SD0099, OKALOACOOCHEE BRANCH @ EUCALYPTUS,G3SD0099,26.75602,-81.39836,3235O,1/24/2018 9:10:00 AM,0.15,M,DO_PERCENT,DISSOLVED OXYGEN SATURATION,,72,PERCENT (%),,,72,%
2003889,OKALOACOOCHEE BRANCH,WIN_21FLFTM,G3SD0099, OKALOACOOCHEE BRANCH @ EUCALYPTUS,G3SD0099,26.75602,-81.39836,3235O,03-05-2018 10:10,0.15,M,DO_PERCENT,DISSOLVED OXYGEN SATURATION,,82,PERCENT (%),,,82,%
2003889,OKALOACOOCHEE BRANCH,WIN_21FLFTM,G3SD0099, OKALOACOOCHEE BRANCH @ EUCALYPTUS,G3SD0099,26.75602,-81.39836,3235O,5/15/2018 11:55:00 AM,0.15,M,DO_PERCENT,DISSOLVED OXYGEN SATURATION,,100,PERCENT (%),,,100,%
2003889,OKALOACOOCHEE BRANCH,WIN_21FLFTM,G3SD0099, OKALOACOOCHEE BRANCH @ EUCALYPTUS,G3SD0099,26.75602,-81.39836,3235O,06-07-2018 9:00,0.15,M,DO_PERCENT,DISSOLVED OXYGEN SATURATION,,27.8,PERCENT (%),,,27.8,%
2003889,OKALOACOOCHEE BRANCH,WIN_21FLFTM,G3SD0099, OKALOACOOCHEE BRANCH @ EUCALYPTUS,G3SD0099,26.75602,-81.39836,3235O,7/24/2018 12:30:00 PM,0.2,M,DO_PERCENT,DISSOLVED OXYGEN SATURATION,,71.2,PERCENT (%),,,71.2,%
2003889,OKALOACOOCHEE BRANCH,WIN_21FLFTM,G3SD0099, OKALOACOOCHEE BRANCH @ EUCALYPTUS,G3SD0099,26.75602,-81.39836,3235O,09-11-2018 14:00,0.1,M,DO_PERCENT,DISSOLVED OXYGEN SATURATION,,84.1,PERCENT (%),,,84.1,%
2003889,OKALOACOOCHEE BRANCH,WIN_21FLFTM,G3SD0099, OKALOACOOCHEE BRANCH @ EUCALYPTUS,G3SD0099,26.75602,-81.39836,3235O,12-12-2018 15:10,0.2,M,DO_PERCENT,DISSOLVED OXYGEN SATURATION,,86.1,PERCENT (%),,,86.1,%
2003889,OKALOACOOCHEE BRANCH,WIN_21FLFTM,G3SD0099, OKALOACOOCHEE BRANCH @ EUCALYPTUS,G3SD0099,26.75602,-81.39836,3235O,04-09-2019 10:00,0.2,M,DO_PERCENT,DISSOLVED OXYGEN SATURATION,,17.4,PERCENT (%),,,17.4,%
2003889,OKALOACOOCHEE BRANCH,WIN_21FLFTM,G3SD0099, OKALOACOOCHEE BRANCH @ EUCALYPTUS,G3SD0099,26.75602,-81.39836,3235O,05-07-2019 10:40,0.1,M,DO_PERCENT,DISSOLVED OXYGEN SATURATION,,49.3,PERCENT (%),J,SOND FAILED POST CAL,49.3,%
2003889,OKALOACOOCHEE BRANCH,WIN_21FLFTM,G3SD0099, OKALOACOOCHEE BRANCH @ EUCALYPTUS,G3SD0099,26.75602,-81.39836,3235O,6/24/2019 10:15:00 AM,0.15,M,DO_PERCENT,DISSOLVED OXYGEN SATURATION,,40.2,PERCENT (%),,,40.2,%
2003889,OKALOACOOCHEE BRANCH,WIN_21FLFTM,G3SD0099, OKALOACOOCHEE BRANCH @ EUCALYPTUS,G3SD0099,26.75602,-81.39836,3235O,7/15/2019 11:00:00 AM,0.1,M,DO_PERCENT,DISSOLVED OXYGEN SATURATION,,71.4,PERCENT (%),,,71.4,%
2003889,OKALOACOOCHEE BRANCH,WIN_21FLFTM,G3SD0099, OKALOACOOCHEE BRANCH @ EUCALYPTUS,G3SD0099,26.75602,-81.39836,3235O,10-02-2019 10:25,0.1,M,DO_PERCENT,DISSOLVED OXYGEN SATURATION,,53.8,PERCENT (%),,,53.8,%
2003889,OKALOACOOCHEE BRANCH,STORET_21FLFTM,CALUSA0044FTM, OKALOACOOCHEE BRANCH AT EUCALYPTUS BLVD,CALUSA0044FTM,26.75183,-81.39468,3235O,2/14/2013 12:00:00 AM,0.152439,M,DO_PERCENT,DISSOLVED OXYGEN SATURATION,,99.4,PERCENT (%),,,99.4,%
2003889,OKALOACOOCHEE BRANCH,STORET_21FLFTM,CALUSA0044FTM, OKALOACOOCHEE BRANCH AT EUCALYPTUS BLVD,CALUSA0044FTM,26.75183,-81.39468,3235O,04-03-2013 0:00,0.152439,M,DO_PERCENT,DISSOLVED OXYGEN SATURATION,,118.9,PERCENT (%),,,118.9,%
2003889,OKALOACOOCHEE BRANCH,STORET_21FLFTM,CALUSA0044FTM, OKALOACOOCHEE BRANCH AT EUCALYPTUS BLVD,CALUSA0044FTM,26.75183,-81.39468,3235O,6/26/2013 12:00:00 AM,0.152439,M,DO_PERCENT,DISSOLVED OXYGEN SATURATION,,177.5,PERCENT (%),J,**J**,177.5,%
2003889,OKALOACOOCHEE BRANCH,STORET_21FLFTM,CALUSA0044FTM, OKALOACOOCHEE BRANCH AT EUCALYPTUS BLVD,CALUSA0044FTM,26.75183,-81.39468,3235O,8/20/2013 12:00:00 AM,0.152439,M,DO_PERCENT,DISSOLVED OXYGEN SATURATION,,73.1,PERCENT (%),,,73.1,%
2003889,OKALOACOOCHEE BRANCH,WIN_21FLFTM,CALUSA0051FTM, OKALOACOOCHEE BRANCH AT EUCALYPTUS BLVD,CALUSA0051FTM,26.75602,-81.39836,3235O,4/24/2017 10:50:00 AM,0.15,M,DO_PERCENT,DISSOLVED OXYGEN SATURATION,,62,PERCENT (%),,,62,%
2003889,OKALOACOOCHEE BRANCH,WIN_21FLFTM,CALUSA0051FTM, OKALOACOOCHEE BRANCH AT EUCALYPTUS BLVD,CALUSA0051FTM,26.75602,-81.39836,3235O,07-12-2017 9:40,0.2,M,DO_PERCENT,DISSOLVED OXYGEN SATURATION,,34,PERCENT (%),,,34,%
2003889,OKALOACOOCHEE BRANCH,WIN_21FLFTM,CALUSA0051FTM, OKALOACOOCHEE BRANCH AT EUCALYPTUS BLVD,CALUSA0051FTM,26.75602,-81.39836,3235O,8/28/2017 11:00:00 AM,0.15,M,DO_PERCENT,DISSOLVED OXYGEN SATURATION,,53,PERCENT (%),,,53,%
2003889,OKALOACOOCHEE BRANCH,WIN_21FLFTM,CALUSA0051FTM, OKALOACOOCHEE BRANCH AT EUCALYPTUS BLVD,CALUSA0051FTM,26.75602,-81.39836,3235O,10/17/2017 2:10:00 PM,0.2,M,DO_PERCENT,DISSOLVED OXYGEN SATURATION,,75,PERCENT (%),,,75,%
2003889,OKALOACOOCHEE BRANCH,WIN_21FLFTM,CALUSA0051FTM, OKALOACOOCHEE BRANCH AT EUCALYPTUS BLVD,CALUSA0051FTM,26.75602,-81.39836,3235O,11/14/2017 1:50:00 PM,0.1,M,DO_PERCENT,DISSOLVED OXYGEN SATURATION,,91,PERCENT (%),,,91,%
2003889,OKALOACOOCHEE BRANCH,STORET_21FLFTM,CALUSA0051FTM, OKALOACOOCHEE BRANCH AT EUCALYPTUS BLVD.,CALUSA0051FTM,26.75601,-81.39836,3235O,2/14/2013 12:00:00 AM,0.152439,M,DO_PERCENT,DISSOLVED OXYGEN SATURATION,,84.1,PERCENT (%),,,84.1,%
2003889,OKALOACOOCHEE BRANCH,STORET_21FLFTM,CALUSA0051FTM, OKALOACOOCHEE BRANCH AT EUCALYPTUS BLVD.,CALUSA0051FTM,26.75601,-81.39836,3235O,04-03-2013 0:00,0.152439,M,DO_PERCENT,DISSOLVED OXYGEN SATURATION,,97.7,PERCENT (%),,,97.7,%
2003889,OKALOACOOCHEE BRANCH,STORET_21FLFTM,CALUSA0051FTM, OKALOACOOCHEE BRANCH AT EUCALYPTUS BLVD.,CALUSA0051FTM,26.75601,-81.39836,3235O,6/26/2013 12:00:00 AM,0.152439,M,DO_PERCENT,DISSOLVED OXYGEN SATURATION,,163.5,PERCENT (%),J,**J**,163.5,%
2003889,OKALOACOOCHEE BRANCH,STORET_21FLFTM,CALUSA0051FTM, OKALOACOOCHEE BRANCH AT EUCALYPTUS BLVD.,CALUSA0051FTM,26.75601,-81.39836,3235O,8/20/2013 12:00:00 AM,0.152439,M,DO_PERCENT,DISSOLVED OXYGEN SATURATION,,65.6,PERCENT (%),,,65.6,%
2003889,OKALOACOOCHEE BRANCH,STORET_21FLFTM,CALUSA0051FTM, OKALOACOOCHEE BRANCH AT EUCALYPTUS BLVD.,CALUSA0051FTM,26.75601,-81.39836,3235O,9/19/2013 12:00:00 AM,0.152439,M,DO_PERCENT,DISSOLVED OXYGEN SATURATION,,58.9,PERCENT (%),,,58.9,%
2003889,OKALOACOOCHEE BRANCH,STORET_21FLFTM,CALUSA0051FTM, OKALOACOOCHEE BRANCH AT EUCALYPTUS BLVD.,CALUSA0051FTM,26.75601,-81.39836,3235O,10/16/2013 12:00:00 AM,0.152439,M,DO_PERCENT,DISSOLVED OXYGEN SATURATION,,45.7,PERCENT (%),,,45.7,%
2003889,OKALOACOOCHEE BRANCH,STORET_21FLFTM,CALUSA0051FTM, OKALOACOOCHEE BRANCH AT EUCALYPTUS BLVD.,CALUSA0051FTM,26.75601,-81.39836,3235O,3/15/2016 12:00:00 AM,0.3,M,DO_PERCENT,DISSOLVED OXYGEN SATURATION,,160,PERCENT (%),,,160,%
2003889,OKALOACOOCHEE BRANCH,STORET_21FLFTM,CALUSA0051FTM, OKALOACOOCHEE BRANCH AT EUCALYPTUS BLVD.,CALUSA0051FTM,26.75601,-81.39836,3235O,6/27/2016 12:00:00 AM,0.3,M,DO_PERCENT,DISSOLVED OXYGEN SATURATION,,65,PERCENT (%),,,65,%
2003889,OKALOACOOCHEE BRANCH,STORET_21FLFTM,CALUSA0051FTM, OKALOACOOCHEE BRANCH AT EUCALYPTUS BLVD.,CALUSA0051FTM,26.75601,-81.39836,3235O,9/20/2016 12:00:00 AM,0.3,M,DO_PERCENT,DISSOLVED OXYGEN SATURATION,,46,PERCENT (%),,,46,%
2003889,OKALOACOOCHEE BRANCH,STORET_21FLFTM,CALUSA0051FTM, OKALOACOOCHEE BRANCH AT EUCALYPTUS BLVD.,CALUSA0051FTM,26.75601,-81.39836,3235O,10/18/2016 12:00:00 AM,0.3,M,DO_PERCENT,DISSOLVED OXYGEN SATURATION,,145,PERCENT (%),,,145,%
2003889,OKALOACOOCHEE BRANCH,STORET_21FLFTM,CALUSA0051FTM, OKALOACOOCHEE BRANCH AT EUCALYPTUS BLVD.,CALUSA0051FTM,26.75601,-81.39836,3235O,12/14/2016 12:00:00 AM,0.3,M,DO_PERCENT,DISSOLVED OXYGEN SATURATION,,65,PERCENT (%),,,65,%
2003889,OKALOACOOCHEE BRANCH,STORET_21FLFTM,CALUSA0051FTM, OKALOACOOCHEE BRANCH AT EUCALYPTUS BLVD.,CALUSA0051FTM,26.75601,-81.39836,3235O,07-12-2017 0:00,0.2,M,DO_PERCENT,DISSOLVED OXYGEN SATURATION,,34,PERCENT (%),,,34,%
2003889,OKALOACOOCHEE BRANCH,STORET_21FLFTM,CALUSA0052FTM, OKALOACOOCHEE BRANCH AT SR 80,CALUSA0052FTM,26.76271,-81.40001,3235O,2/14/2013 12:00:00 AM,0.152439,M,DO_PERCENT,DISSOLVED OXYGEN SATURATION,,105.2,PERCENT (%),,,105.2,%
2003889,OKALOACOOCHEE BRANCH,STORET_21FLFTM,CALUSA0052FTM, OKALOACOOCHEE BRANCH AT SR 80,CALUSA0052FTM,26.76271,-81.40001,3235O,04-03-2013 0:00,0.152439,M,DO_PERCENT,DISSOLVED OXYGEN SATURATION,,109.3,PERCENT (%),,,109.3,%
2003889,OKALOACOOCHEE BRANCH,STORET_21FLFTM,CALUSA0052FTM, OKALOACOOCHEE BRANCH AT SR 80,CALUSA0052FTM,26.76271,-81.40001,3235O,6/26/2013 12:00:00 AM,0.152439,M,DO_PERCENT,DISSOLVED OXYGEN SATURATION,,110.3,PERCENT (%),J,**J**,110.3,%
2003889,OKALOACOOCHEE BRANCH,STORET_21FLFTM,CALUSA0052FTM, OKALOACOOCHEE BRANCH AT SR 80,CALUSA0052FTM,26.76271,-81.40001,3235O,8/20/2013 12:00:00 AM,0.152439,M,DO_PERCENT,DISSOLVED OXYGEN SATURATION,,79.8,PERCENT (%),,,79.8,%
2003889,OKALOACOOCHEE BRANCH,STORET_21FLFTM,CALUSA0052FTM, OKALOACOOCHEE BRANCH AT SR 80,CALUSA0052FTM,26.76271,-81.40001,3235O,9/19/2013 12:00:00 AM,0.152439,M,DO_PERCENT,DISSOLVED OXYGEN SATURATION,,82,PERCENT (%),,,82,%
2003889,OKALOACOOCHEE BRANCH,STORET_21FLFTM,CALUSA0052FTM, OKALOACOOCHEE BRANCH AT SR 80,CALUSA0052FTM,26.76271,-81.40001,3235O,10/16/2013 12:00:00 AM,0.152439,M,DO_PERCENT,DISSOLVED OXYGEN SATURATION,,85.4,PERCENT (%),,,85.4,%
