﻿WBodyID,WaterBodyName,DataSource,StationID,StationName,Actual_StationID,Actual_Latitude,Actual_Longitude,DEP_WBID,SampleDate,ActivityDepth,DepthUnits,Parameter,Characteristic,Sample_Fraction,Result_Value,Result_Unit,QACode,Result_Comment,Original_Result_Value,Original_Result_Unit
2003889,OKALOACOOCHEE BRANCH,WIN_21FLSFWM,32275, CRFW09,32275,26.7629,-81.4001,3235O,5/18/2020 11:11:00 AM,0.23,M,DO_MGL,DISSOLVED OXYGEN (DO),,1.14,MG/L,,,1.14,MG/L
2003889,OKALOACOOCHEE BRANCH,WIN_21FLSFWM,32275, CRFW09,32275,26.7629,-81.4001,3235O,06-01-2020 11:29,0.38,M,DO_MGL,DISSOLVED OXYGEN (DO),,6.11,MG/L,,,6.11,MG/L
2003889,OKALOACOOCHEE BRANCH,WIN_21FLSFWM,32275, CRFW09,32275,26.7629,-81.4001,3235O,6/15/2020 11:30:00 AM,0.39,M,DO_MGL,DISSOLVED OXYGEN (DO),,7.4,MG/L,,,7.4,MG/L
2003889,OKALOACOOCHEE BRANCH,WIN_21FLSFWM,32275, CRFW09,32275,26.7629,-81.4001,3235O,6/29/2020 11:07:00 AM,0.33,M,DO_MGL,DISSOLVED OXYGEN (DO),,8.18,MG/L,,,8.18,MG/L
2003889,OKALOACOOCHEE BRANCH,WIN_21FLSFWM,32275, CRFW09,32275,26.7629,-81.4001,3235O,7/13/2020 11:32:00 AM,0.41,M,DO_MGL,DISSOLVED OXYGEN (DO),,7.82,MG/L,,,7.82,MG/L
2003889,OKALOACOOCHEE BRANCH,WIN_21FLSFWM,32275, CRFW09,32275,26.7629,-81.4001,3235O,7/27/2020 11:37:00 AM,0.4,M,DO_MGL,DISSOLVED OXYGEN (DO),,8.99,MG/L,,,8.99,MG/L
2003889,OKALOACOOCHEE BRANCH,WIN_21FLSFWM,32275, CRFW09,32275,26.7629,-81.4001,3235O,08-10-2020 11:16,0.42,M,DO_MGL,DISSOLVED OXYGEN (DO),,7.1,MG/L,,,7.1,MG/L
2003889,OKALOACOOCHEE BRANCH,WIN_21FLSFWM,32275, CRFW09,32275,26.7629,-81.4001,3235O,8/24/2020 11:36:00 AM,0.48,M,DO_MGL,DISSOLVED OXYGEN (DO),,6.37,MG/L,,,6.37,MG/L
2003889,OKALOACOOCHEE BRANCH,WIN_21FLSFWM,32275, CRFW09,32275,26.7629,-81.4001,3235O,09-08-2020 11:29,0.5,M,DO_MGL,DISSOLVED OXYGEN (DO),,6.73,MG/L,,,6.73,MG/L
2003889,OKALOACOOCHEE BRANCH,WIN_21FLSFWM,32275, CRFW09,32275,26.7629,-81.4001,3235O,9/21/2020 11:43:00 AM,0.5,M,DO_MGL,DISSOLVED OXYGEN (DO),,5.89,MG/L,,,5.89,MG/L
2003889,OKALOACOOCHEE BRANCH,WIN_21FLSFWM,32275, CRFW09,32275,26.7629,-81.4001,3235O,10-05-2020 11:22,0.5,M,DO_MGL,DISSOLVED OXYGEN (DO),,6.78,MG/L,,,6.78,MG/L
2003889,OKALOACOOCHEE BRANCH,WIN_21FLSFWM,32275, CRFW09,32275,26.7629,-81.4001,3235O,10/19/2020 12:16:00 PM,0.5,M,DO_MGL,DISSOLVED OXYGEN (DO),,7.56,MG/L,,,7.56,MG/L
2003889,OKALOACOOCHEE BRANCH,WIN_21FLSFWM,32275, CRFW09,32275,26.7629,-81.4001,3235O,11-02-2020 11:46,0.38,M,DO_MGL,DISSOLVED OXYGEN (DO),,7.79,MG/L,,,7.79,MG/L
2003889,OKALOACOOCHEE BRANCH,WIN_21FLSFWM,32275, CRFW09,32275,26.7629,-81.4001,3235O,11/16/2020 11:44:00 AM,0.5,M,DO_MGL,DISSOLVED OXYGEN (DO),,4.17,MG/L,,,4.17,MG/L
2003889,OKALOACOOCHEE BRANCH,WIN_21FLSFWM,32275, CRFW09,32275,26.7629,-81.4001,3235O,11/30/2020 10:52:00 AM,0.45,M,DO_MGL,DISSOLVED OXYGEN (DO),,8.86,MG/L,,,8.86,MG/L
2003889,OKALOACOOCHEE BRANCH,WIN_21FLSFWM,32275, CRFW09,32275,26.7629,-81.4001,3235O,12/14/2020 11:20:00 AM,0.5,M,DO_MGL,DISSOLVED OXYGEN (DO),,10,MG/L,,,10,MG/L
2003889,OKALOACOOCHEE BRANCH,WIN_21FLSFWM,32275, CRFW09,32275,26.7629,-81.4001,3235O,12/28/2020 11:05:00 AM,0.3,M,DO_MGL,DISSOLVED OXYGEN (DO),,8.93,MG/L,,,8.93,MG/L
2003889,OKALOACOOCHEE BRANCH,WIN_21FLSFWM,32275, CRFW09,32275,26.7629,-81.4001,3235O,01-11-2021 12:08,0.41,M,DO_MGL,DISSOLVED OXYGEN (DO),,8.9,MG/L,,,8.9,MG/L
2003889,OKALOACOOCHEE BRANCH,WIN_21FLSFWM,32275, CRFW09,32275,26.7629,-81.4001,3235O,1/25/2021 11:30:00 AM,0.5,M,DO_MGL,DISSOLVED OXYGEN (DO),,8.58,MG/L,,,8.58,MG/L
2003889,OKALOACOOCHEE BRANCH,WIN_21FLSFWM,32275, CRFW09,32275,26.7629,-81.4001,3235O,02-08-2021 11:06,0.5,M,DO_MGL,DISSOLVED OXYGEN (DO),,8.09,MG/L,,,8.09,MG/L
2003889,OKALOACOOCHEE BRANCH,WIN_21FLSFWM,32275, CRFW09,32275,26.7629,-81.4001,3235O,2/22/2021 10:58:00 AM,0.38,M,DO_MGL,DISSOLVED OXYGEN (DO),,8.48,MG/L,,,8.48,MG/L
2003889,OKALOACOOCHEE BRANCH,WIN_21FLSFWM,32275, CRFW09,32275,26.7629,-81.4001,3235O,3/22/2021 11:34:00 AM,0.43,M,DO_MGL,DISSOLVED OXYGEN (DO),,6.33,MG/L,,,6.33,MG/L
2003889,OKALOACOOCHEE BRANCH,WIN_21FLSFWM,32275, CRFW09,32275,26.7629,-81.4001,3235O,04-05-2021 11:15,0.46,M,DO_MGL,DISSOLVED OXYGEN (DO),,1.89,MG/L,,,1.89,MG/L
2003889,OKALOACOOCHEE BRANCH,WIN_21FLSFWM,32275, CRFW09,32275,26.7629,-81.4001,3235O,4/19/2021 10:21:00 AM,0.28,M,DO_MGL,DISSOLVED OXYGEN (DO),,6.34,MG/L,,,6.34,MG/L
2003889,OKALOACOOCHEE BRANCH,WIN_21FLSFWM,32275, CRFW09,32275,26.7629,-81.4001,3235O,05-03-2021 10:54,0.3,M,DO_MGL,DISSOLVED OXYGEN (DO),,7.41,MG/L,,,7.41,MG/L
2003889,OKALOACOOCHEE BRANCH,WIN_21FLFTM,G3SD0099, OKALOACOOCHEE BRANCH @ EUCALYPTUS,G3SD0099,26.75602,-81.39836,3235O,1/24/2018 9:10:00 AM,0.15,M,DO_MGL,DISSOLVED OXYGEN (DO),,6.2,MG/L,,,6.2,MG/L
2003889,OKALOACOOCHEE BRANCH,WIN_21FLFTM,G3SD0099, OKALOACOOCHEE BRANCH @ EUCALYPTUS,G3SD0099,26.75602,-81.39836,3235O,03-05-2018 10:10,0.15,M,DO_MGL,DISSOLVED OXYGEN (DO),,7.6,MG/L,,,7.6,MG/L
2003889,OKALOACOOCHEE BRANCH,WIN_21FLFTM,G3SD0099, OKALOACOOCHEE BRANCH @ EUCALYPTUS,G3SD0099,26.75602,-81.39836,3235O,5/15/2018 11:55:00 AM,0.15,M,DO_MGL,DISSOLVED OXYGEN (DO),,7.8,MG/L,,,7.8,MG/L
2003889,OKALOACOOCHEE BRANCH,WIN_21FLFTM,G3SD0099, OKALOACOOCHEE BRANCH @ EUCALYPTUS,G3SD0099,26.75602,-81.39836,3235O,06-07-2018 9:00,0.15,M,DO_MGL,DISSOLVED OXYGEN (DO),,2.2,MG/L,,,2.2,MG/L
2003889,OKALOACOOCHEE BRANCH,WIN_21FLFTM,G3SD0099, OKALOACOOCHEE BRANCH @ EUCALYPTUS,G3SD0099,26.75602,-81.39836,3235O,7/24/2018 12:30:00 PM,0.2,M,DO_MGL,DISSOLVED OXYGEN (DO),,5.97,MG/L,,,5.97,MG/L
2003889,OKALOACOOCHEE BRANCH,WIN_21FLFTM,G3SD0099, OKALOACOOCHEE BRANCH @ EUCALYPTUS,G3SD0099,26.75602,-81.39836,3235O,09-11-2018 14:00,0.1,M,DO_MGL,DISSOLVED OXYGEN (DO),,6.14,MG/L,,,6.14,MG/L
2003889,OKALOACOOCHEE BRANCH,WIN_21FLFTM,G3SD0099, OKALOACOOCHEE BRANCH @ EUCALYPTUS,G3SD0099,26.75602,-81.39836,3235O,12-12-2018 15:10,0.2,M,DO_MGL,DISSOLVED OXYGEN (DO),,7.7,MG/L,,,7.7,MG/L
2003889,OKALOACOOCHEE BRANCH,WIN_21FLFTM,G3SD0099, OKALOACOOCHEE BRANCH @ EUCALYPTUS,G3SD0099,26.75602,-81.39836,3235O,04-09-2019 10:00,0.2,M,DO_MGL,DISSOLVED OXYGEN (DO),,1.45,MG/L,,,1.45,MG/L
2003889,OKALOACOOCHEE BRANCH,WIN_21FLFTM,G3SD0099, OKALOACOOCHEE BRANCH @ EUCALYPTUS,G3SD0099,26.75602,-81.39836,3235O,05-07-2019 10:40,0.1,M,DO_MGL,DISSOLVED OXYGEN (DO),,3.88,MG/L,J,SOND FAILED POST CAL,3.88,MG/L
2003889,OKALOACOOCHEE BRANCH,WIN_21FLFTM,G3SD0099, OKALOACOOCHEE BRANCH @ EUCALYPTUS,G3SD0099,26.75602,-81.39836,3235O,6/24/2019 10:15:00 AM,0.15,M,DO_MGL,DISSOLVED OXYGEN (DO),,3.03,MG/L,,,3.03,MG/L
2003889,OKALOACOOCHEE BRANCH,WIN_21FLFTM,G3SD0099, OKALOACOOCHEE BRANCH @ EUCALYPTUS,G3SD0099,26.75602,-81.39836,3235O,7/15/2019 11:00:00 AM,0.1,M,DO_MGL,DISSOLVED OXYGEN (DO),,5.39,MG/L,,,5.39,MG/L
2003889,OKALOACOOCHEE BRANCH,WIN_21FLFTM,G3SD0099, OKALOACOOCHEE BRANCH @ EUCALYPTUS,G3SD0099,26.75602,-81.39836,3235O,10-02-2019 10:25,0.1,M,DO_MGL,DISSOLVED OXYGEN (DO),,4.36,MG/L,,,4.36,MG/L
2003889,OKALOACOOCHEE BRANCH,STORET_21FLFTM,CALUSA0044FTM, OKALOACOOCHEE BRANCH AT EUCALYPTUS BLVD,CALUSA0044FTM,26.75183,-81.39468,3235O,2/14/2013 12:00:00 AM,0.152439,M,DO_MGL,DISSOLVED OXYGEN (DO),,8.57,MG/L,,,8.57,MG/L
2003889,OKALOACOOCHEE BRANCH,STORET_21FLFTM,CALUSA0044FTM, OKALOACOOCHEE BRANCH AT EUCALYPTUS BLVD,CALUSA0044FTM,26.75183,-81.39468,3235O,04-03-2013 0:00,0.152439,M,DO_MGL,DISSOLVED OXYGEN (DO),,9.62,MG/L,,,9.62,MG/L
2003889,OKALOACOOCHEE BRANCH,STORET_21FLFTM,CALUSA0044FTM, OKALOACOOCHEE BRANCH AT EUCALYPTUS BLVD,CALUSA0044FTM,26.75183,-81.39468,3235O,6/26/2013 12:00:00 AM,0.152439,M,DO_MGL,DISSOLVED OXYGEN (DO),,13.36,MG/L,J,**J**,13.36,MG/L
2003889,OKALOACOOCHEE BRANCH,STORET_21FLFTM,CALUSA0044FTM, OKALOACOOCHEE BRANCH AT EUCALYPTUS BLVD,CALUSA0044FTM,26.75183,-81.39468,3235O,8/20/2013 12:00:00 AM,0.152439,M,DO_MGL,DISSOLVED OXYGEN (DO),,5.67,MG/L,,,5.67,MG/L
2003889,OKALOACOOCHEE BRANCH,WIN_21FLFTM,CALUSA0051FTM, OKALOACOOCHEE BRANCH AT EUCALYPTUS BLVD,CALUSA0051FTM,26.75602,-81.39836,3235O,4/24/2017 10:50:00 AM,0.15,M,DO_MGL,DISSOLVED OXYGEN (DO),,5,MG/L,,,5,MG/L
2003889,OKALOACOOCHEE BRANCH,WIN_21FLFTM,CALUSA0051FTM, OKALOACOOCHEE BRANCH AT EUCALYPTUS BLVD,CALUSA0051FTM,26.75602,-81.39836,3235O,07-12-2017 9:40,0.2,M,DO_MGL,DISSOLVED OXYGEN (DO),,2.6,MG/L,,,2.6,MG/L
2003889,OKALOACOOCHEE BRANCH,WIN_21FLFTM,CALUSA0051FTM, OKALOACOOCHEE BRANCH AT EUCALYPTUS BLVD,CALUSA0051FTM,26.75602,-81.39836,3235O,8/28/2017 11:00:00 AM,0.15,M,DO_MGL,DISSOLVED OXYGEN (DO),,4.3,MG/L,,,4.3,MG/L
2003889,OKALOACOOCHEE BRANCH,WIN_21FLFTM,CALUSA0051FTM, OKALOACOOCHEE BRANCH AT EUCALYPTUS BLVD,CALUSA0051FTM,26.75602,-81.39836,3235O,10/17/2017 2:10:00 PM,0.2,M,DO_MGL,DISSOLVED OXYGEN (DO),,5.2,MG/L,,,5.2,MG/L
2003889,OKALOACOOCHEE BRANCH,WIN_21FLFTM,CALUSA0051FTM, OKALOACOOCHEE BRANCH AT EUCALYPTUS BLVD,CALUSA0051FTM,26.75602,-81.39836,3235O,11/14/2017 1:50:00 PM,0.1,M,DO_MGL,DISSOLVED OXYGEN (DO),,7,MG/L,,,7,MG/L
2003889,OKALOACOOCHEE BRANCH,STORET_21FLFTM,CALUSA0051FTM, OKALOACOOCHEE BRANCH AT EUCALYPTUS BLVD.,CALUSA0051FTM,26.75601,-81.39836,3235O,2/14/2013 12:00:00 AM,0.152439,M,DO_MGL,DISSOLVED OXYGEN (DO),,7.21,MG/L,,,7.21,MG/L
2003889,OKALOACOOCHEE BRANCH,STORET_21FLFTM,CALUSA0051FTM, OKALOACOOCHEE BRANCH AT EUCALYPTUS BLVD.,CALUSA0051FTM,26.75601,-81.39836,3235O,04-03-2013 0:00,0.152439,M,DO_MGL,DISSOLVED OXYGEN (DO),,7.93,MG/L,,,7.93,MG/L
2003889,OKALOACOOCHEE BRANCH,STORET_21FLFTM,CALUSA0051FTM, OKALOACOOCHEE BRANCH AT EUCALYPTUS BLVD.,CALUSA0051FTM,26.75601,-81.39836,3235O,6/26/2013 12:00:00 AM,0.152439,M,DO_MGL,DISSOLVED OXYGEN (DO),,12.27,MG/L,J,**J**,12.27,MG/L
2003889,OKALOACOOCHEE BRANCH,STORET_21FLFTM,CALUSA0051FTM, OKALOACOOCHEE BRANCH AT EUCALYPTUS BLVD.,CALUSA0051FTM,26.75601,-81.39836,3235O,8/20/2013 12:00:00 AM,0.152439,M,DO_MGL,DISSOLVED OXYGEN (DO),,5.06,MG/L,,,5.06,MG/L
2003889,OKALOACOOCHEE BRANCH,STORET_21FLFTM,CALUSA0051FTM, OKALOACOOCHEE BRANCH AT EUCALYPTUS BLVD.,CALUSA0051FTM,26.75601,-81.39836,3235O,9/19/2013 12:00:00 AM,0.152439,M,DO_MGL,DISSOLVED OXYGEN (DO),,4.79,MG/L,,,4.79,MG/L
2003889,OKALOACOOCHEE BRANCH,STORET_21FLFTM,CALUSA0051FTM, OKALOACOOCHEE BRANCH AT EUCALYPTUS BLVD.,CALUSA0051FTM,26.75601,-81.39836,3235O,10/16/2013 12:00:00 AM,0.152439,M,DO_MGL,DISSOLVED OXYGEN (DO),,3.81,MG/L,,,3.81,MG/L
2003889,OKALOACOOCHEE BRANCH,STORET_21FLFTM,CALUSA0051FTM, OKALOACOOCHEE BRANCH AT EUCALYPTUS BLVD.,CALUSA0051FTM,26.75601,-81.39836,3235O,3/15/2016 12:00:00 AM,0.3,M,DO_MGL,DISSOLVED OXYGEN (DO),,12.2,MG/L,,,12.2,MG/L
2003889,OKALOACOOCHEE BRANCH,STORET_21FLFTM,CALUSA0051FTM, OKALOACOOCHEE BRANCH AT EUCALYPTUS BLVD.,CALUSA0051FTM,26.75601,-81.39836,3235O,6/27/2016 12:00:00 AM,0.3,M,DO_MGL,DISSOLVED OXYGEN (DO),,5,MG/L,,,5,MG/L
2003889,OKALOACOOCHEE BRANCH,STORET_21FLFTM,CALUSA0051FTM, OKALOACOOCHEE BRANCH AT EUCALYPTUS BLVD.,CALUSA0051FTM,26.75601,-81.39836,3235O,9/20/2016 12:00:00 AM,0.3,M,DO_MGL,DISSOLVED OXYGEN (DO),,3.3,MG/L,,,3.3,MG/L
2003889,OKALOACOOCHEE BRANCH,STORET_21FLFTM,CALUSA0051FTM, OKALOACOOCHEE BRANCH AT EUCALYPTUS BLVD.,CALUSA0051FTM,26.75601,-81.39836,3235O,10/18/2016 12:00:00 AM,0.3,M,DO_MGL,DISSOLVED OXYGEN (DO),,11.3,MG/L,,,11.3,MG/L
2003889,OKALOACOOCHEE BRANCH,STORET_21FLFTM,CALUSA0051FTM, OKALOACOOCHEE BRANCH AT EUCALYPTUS BLVD.,CALUSA0051FTM,26.75601,-81.39836,3235O,12/14/2016 12:00:00 AM,0.3,M,DO_MGL,DISSOLVED OXYGEN (DO),,5.2,MG/L,,,5.2,MG/L
2003889,OKALOACOOCHEE BRANCH,STORET_21FLFTM,CALUSA0051FTM, OKALOACOOCHEE BRANCH AT EUCALYPTUS BLVD.,CALUSA0051FTM,26.75601,-81.39836,3235O,07-12-2017 0:00,0.2,M,DO_MGL,DISSOLVED OXYGEN (DO),,2.6,MG/L,,,2.6,MG/L
2003889,OKALOACOOCHEE BRANCH,STORET_21FLSFWM,CR-22.0T," OKALOACOOCHEE BRANCH AT S.R.80,PORT LABELLE",CR-22.0T,26.7627778,-81.4,3235O,01-11-1978 0:00,0.5,M,DO_MGL,DISSOLVED OXYGEN (DO),TOTAL,11.8,MG/L,,,11.8,MG/L
2003889,OKALOACOOCHEE BRANCH,STORET_21FLSFWM,CR-22.0T," OKALOACOOCHEE BRANCH AT S.R.80,PORT LABELLE",CR-22.0T,26.7627778,-81.4,3235O,02-08-1978 0:00,0.5,M,DO_MGL,DISSOLVED OXYGEN (DO),TOTAL,7.8,MG/L,,,7.8,MG/L
2003889,OKALOACOOCHEE BRANCH,STORET_21FLSFWM,CR-22.0T," OKALOACOOCHEE BRANCH AT S.R.80,PORT LABELLE",CR-22.0T,26.7627778,-81.4,3235O,03-08-1978 0:00,0.5,M,DO_MGL,DISSOLVED OXYGEN (DO),TOTAL,11,MG/L,,,11,MG/L
2003889,OKALOACOOCHEE BRANCH,STORET_21FLSFWM,CR-22.0T," OKALOACOOCHEE BRANCH AT S.R.80,PORT LABELLE",CR-22.0T,26.7627778,-81.4,3235O,04-05-1978 0:00,0.5,M,DO_MGL,DISSOLVED OXYGEN (DO),TOTAL,9.2,MG/L,,,9.2,MG/L
2003889,OKALOACOOCHEE BRANCH,STORET_21FLSFWM,CR-22.0T," OKALOACOOCHEE BRANCH AT S.R.80,PORT LABELLE",CR-22.0T,26.7627778,-81.4,3235O,4/19/1978 12:00:00 AM,0.5,M,DO_MGL,DISSOLVED OXYGEN (DO),TOTAL,10.4,MG/L,,,10.4,MG/L
2003889,OKALOACOOCHEE BRANCH,STORET_21FLSFWM,CR-22.0T," OKALOACOOCHEE BRANCH AT S.R.80,PORT LABELLE",CR-22.0T,26.7627778,-81.4,3235O,05-03-1978 0:00,0.5,M,DO_MGL,DISSOLVED OXYGEN (DO),TOTAL,13,MG/L,,,13,MG/L
2003889,OKALOACOOCHEE BRANCH,STORET_21FLSFWM,CR-22.0T," OKALOACOOCHEE BRANCH AT S.R.80,PORT LABELLE",CR-22.0T,26.7627778,-81.4,3235O,5/17/1978 12:00:00 AM,0.5,M,DO_MGL,DISSOLVED OXYGEN (DO),TOTAL,10.6,MG/L,,,10.6,MG/L
2003889,OKALOACOOCHEE BRANCH,STORET_21FLSFWM,CR-22.0T," OKALOACOOCHEE BRANCH AT S.R.80,PORT LABELLE",CR-22.0T,26.7627778,-81.4,3235O,06-08-1978 0:00,0.5,M,DO_MGL,DISSOLVED OXYGEN (DO),TOTAL,13.9,MG/L,,,13.9,MG/L
2003889,OKALOACOOCHEE BRANCH,STORET_21FLSFWM,CR-22.0T," OKALOACOOCHEE BRANCH AT S.R.80,PORT LABELLE",CR-22.0T,26.7627778,-81.4,3235O,07-12-1978 0:00,0.5,M,DO_MGL,DISSOLVED OXYGEN (DO),TOTAL,12.2,MG/L,,,12.2,MG/L
2003889,OKALOACOOCHEE BRANCH,STORET_21FLSFWM,CR-22.0T," OKALOACOOCHEE BRANCH AT S.R.80,PORT LABELLE",CR-22.0T,26.7627778,-81.4,3235O,08-09-1978 0:00,0.5,M,DO_MGL,DISSOLVED OXYGEN (DO),TOTAL,11,MG/L,,,11,MG/L
2003889,OKALOACOOCHEE BRANCH,STORET_21FLSFWM,CR-22.0T," OKALOACOOCHEE BRANCH AT S.R.80,PORT LABELLE",CR-22.0T,26.7627778,-81.4,3235O,9/13/1978 12:00:00 AM,0.5,M,DO_MGL,DISSOLVED OXYGEN (DO),TOTAL,8.2,MG/L,,,8.2,MG/L
2003889,OKALOACOOCHEE BRANCH,STORET_21FLSFWM,CR-22.0T," OKALOACOOCHEE BRANCH AT S.R.80,PORT LABELLE",CR-22.0T,26.7627778,-81.4,3235O,10/17/1978 12:00:00 AM,0.5,M,DO_MGL,DISSOLVED OXYGEN (DO),TOTAL,7.8,MG/L,,,7.8,MG/L
2003889,OKALOACOOCHEE BRANCH,STORET_21FLSFWM,CR-22.0T," OKALOACOOCHEE BRANCH AT S.R.80,PORT LABELLE",CR-22.0T,26.7627778,-81.4,3235O,11-06-1978 0:00,0.5,M,DO_MGL,DISSOLVED OXYGEN (DO),TOTAL,8.9,MG/L,,,8.9,MG/L
2003889,OKALOACOOCHEE BRANCH,STORET_21FLSFWM,CR-22.0T," OKALOACOOCHEE BRANCH AT S.R.80,PORT LABELLE",CR-22.0T,26.7627778,-81.4,3235O,12/13/1978 12:00:00 AM,0.5,M,DO_MGL,DISSOLVED OXYGEN (DO),TOTAL,13.4,MG/L,,,13.4,MG/L
2003889,OKALOACOOCHEE BRANCH,STORET_21FLSFWM,CR-22.0T," OKALOACOOCHEE BRANCH AT S.R.80,PORT LABELLE",CR-22.0T,26.7627778,-81.4,3235O,1/15/1979 12:00:00 AM,0.5,M,DO_MGL,DISSOLVED OXYGEN (DO),TOTAL,9.2,MG/L,,,9.2,MG/L
2003889,OKALOACOOCHEE BRANCH,STORET_21FLSFWM,CR-22.0T," OKALOACOOCHEE BRANCH AT S.R.80,PORT LABELLE",CR-22.0T,26.7627778,-81.4,3235O,02-12-1979 0:00,0.5,M,DO_MGL,DISSOLVED OXYGEN (DO),TOTAL,9.1,MG/L,,,9.1,MG/L
2003889,OKALOACOOCHEE BRANCH,STORET_21FLSFWM,CR-22.0T," OKALOACOOCHEE BRANCH AT S.R.80,PORT LABELLE",CR-22.0T,26.7627778,-81.4,3235O,03-12-1979 0:00,0.5,M,DO_MGL,DISSOLVED OXYGEN (DO),TOTAL,8.5,MG/L,,,8.5,MG/L
2003889,OKALOACOOCHEE BRANCH,STORET_21FLSFWM,CR-22.0T," OKALOACOOCHEE BRANCH AT S.R.80,PORT LABELLE",CR-22.0T,26.7627778,-81.4,3235O,04-02-1979 0:00,0.5,M,DO_MGL,DISSOLVED OXYGEN (DO),TOTAL,5.8,MG/L,,,5.8,MG/L
2003889,OKALOACOOCHEE BRANCH,STORET_21FLSFWM,CR-22.0T," OKALOACOOCHEE BRANCH AT S.R.80,PORT LABELLE",CR-22.0T,26.7627778,-81.4,3235O,4/16/1979 12:00:00 AM,0.5,M,DO_MGL,DISSOLVED OXYGEN (DO),TOTAL,3.2,MG/L,,,3.2,MG/L
2003889,OKALOACOOCHEE BRANCH,STORET_21FLSFWM,CR-22.0T," OKALOACOOCHEE BRANCH AT S.R.80,PORT LABELLE",CR-22.0T,26.7627778,-81.4,3235O,05-01-1979 0:00,0.5,M,DO_MGL,DISSOLVED OXYGEN (DO),TOTAL,10.1,MG/L,,,10.1,MG/L
2003889,OKALOACOOCHEE BRANCH,STORET_21FLSFWM,CR-22.0T," OKALOACOOCHEE BRANCH AT S.R.80,PORT LABELLE",CR-22.0T,26.7627778,-81.4,3235O,5/14/1979 12:00:00 AM,0.5,M,DO_MGL,DISSOLVED OXYGEN (DO),TOTAL,5.7,MG/L,,,5.7,MG/L
2003889,OKALOACOOCHEE BRANCH,STORET_21FLSFWM,CR-22.0T," OKALOACOOCHEE BRANCH AT S.R.80,PORT LABELLE",CR-22.0T,26.7627778,-81.4,3235O,5/31/1979 12:00:00 AM,0.5,M,DO_MGL,DISSOLVED OXYGEN (DO),TOTAL,6.1,MG/L,,,6.1,MG/L
2003889,OKALOACOOCHEE BRANCH,STORET_21FLSFWM,CR-22.0T," OKALOACOOCHEE BRANCH AT S.R.80,PORT LABELLE",CR-22.0T,26.7627778,-81.4,3235O,06-11-1979 0:00,0.5,M,DO_MGL,DISSOLVED OXYGEN (DO),TOTAL,5.2,MG/L,,,5.2,MG/L
2003889,OKALOACOOCHEE BRANCH,STORET_21FLSFWM,CR-22.0T," OKALOACOOCHEE BRANCH AT S.R.80,PORT LABELLE",CR-22.0T,26.7627778,-81.4,3235O,6/25/1979 12:00:00 AM,0.5,M,DO_MGL,DISSOLVED OXYGEN (DO),TOTAL,4.5,MG/L,,,4.5,MG/L
2003889,OKALOACOOCHEE BRANCH,STORET_21FLSFWM,CR-22.0T," OKALOACOOCHEE BRANCH AT S.R.80,PORT LABELLE",CR-22.0T,26.7627778,-81.4,3235O,07-09-1979 0:00,0.5,M,DO_MGL,DISSOLVED OXYGEN (DO),TOTAL,5.1,MG/L,,,5.1,MG/L
2003889,OKALOACOOCHEE BRANCH,STORET_21FLSFWM,CR-22.0T," OKALOACOOCHEE BRANCH AT S.R.80,PORT LABELLE",CR-22.0T,26.7627778,-81.4,3235O,7/23/1979 12:00:00 AM,0.5,M,DO_MGL,DISSOLVED OXYGEN (DO),TOTAL,5.4,MG/L,,,5.4,MG/L
2003889,OKALOACOOCHEE BRANCH,STORET_21FLSFWM,CR-22.0T," OKALOACOOCHEE BRANCH AT S.R.80,PORT LABELLE",CR-22.0T,26.7627778,-81.4,3235O,8/13/1979 12:00:00 AM,0.5,M,DO_MGL,DISSOLVED OXYGEN (DO),TOTAL,5,MG/L,,,5,MG/L
2003889,OKALOACOOCHEE BRANCH,STORET_21FLSFWM,CR-22.0T," OKALOACOOCHEE BRANCH AT S.R.80,PORT LABELLE",CR-22.0T,26.7627778,-81.4,3235O,09-10-1979 0:00,0.5,M,DO_MGL,DISSOLVED OXYGEN (DO),TOTAL,2.8,MG/L,,,2.8,MG/L
2003889,OKALOACOOCHEE BRANCH,STORET_21FLSFWM,CR-22.0T," OKALOACOOCHEE BRANCH AT S.R.80,PORT LABELLE",CR-22.0T,26.7627778,-81.4,3235O,10/16/1979 12:00:00 AM,0.5,M,DO_MGL,DISSOLVED OXYGEN (DO),TOTAL,5.7,MG/L,,,5.7,MG/L
2003889,OKALOACOOCHEE BRANCH,STORET_21FLSFWM,CR-22.0T," OKALOACOOCHEE BRANCH AT S.R.80,PORT LABELLE",CR-22.0T,26.7627778,-81.4,3235O,11-06-1979 0:00,0.5,M,DO_MGL,DISSOLVED OXYGEN (DO),TOTAL,8.1,MG/L,,,8.1,MG/L
2003889,OKALOACOOCHEE BRANCH,STORET_21FLSFWM,CR-22.0T," OKALOACOOCHEE BRANCH AT S.R.80,PORT LABELLE",CR-22.0T,26.7627778,-81.4,3235O,12-03-1979 0:00,0.5,M,DO_MGL,DISSOLVED OXYGEN (DO),TOTAL,10.6,MG/L,,,10.6,MG/L
2003889,OKALOACOOCHEE BRANCH,STORET_21FLSFWM,CR-22.0T," OKALOACOOCHEE BRANCH AT S.R.80,PORT LABELLE",CR-22.0T,26.7627778,-81.4,3235O,1/15/1980 12:00:00 AM,0.5,M,DO_MGL,DISSOLVED OXYGEN (DO),TOTAL,9.3,MG/L,,,9.3,MG/L
2003889,OKALOACOOCHEE BRANCH,STORET_21FLSFWM,CR-22.0T," OKALOACOOCHEE BRANCH AT S.R.80,PORT LABELLE",CR-22.0T,26.7627778,-81.4,3235O,2/19/1980 12:00:00 AM,0.5,M,DO_MGL,DISSOLVED OXYGEN (DO),TOTAL,9.2,MG/L,,,9.2,MG/L
2003889,OKALOACOOCHEE BRANCH,STORET_21FLSFWM,CR-22.0T," OKALOACOOCHEE BRANCH AT S.R.80,PORT LABELLE",CR-22.0T,26.7627778,-81.4,3235O,3/17/1980 12:00:00 AM,0.5,M,DO_MGL,DISSOLVED OXYGEN (DO),TOTAL,7.1,MG/L,,,7.1,MG/L
2003889,OKALOACOOCHEE BRANCH,STORET_21FLSFWM,CR-22.0T," OKALOACOOCHEE BRANCH AT S.R.80,PORT LABELLE",CR-22.0T,26.7627778,-81.4,3235O,4/15/1980 12:00:00 AM,0.5,M,DO_MGL,DISSOLVED OXYGEN (DO),TOTAL,8.2,MG/L,,,8.2,MG/L
2003889,OKALOACOOCHEE BRANCH,STORET_21FLSFWM,CR-22.0T," OKALOACOOCHEE BRANCH AT S.R.80,PORT LABELLE",CR-22.0T,26.7627778,-81.4,3235O,5/19/1980 12:00:00 AM,0.5,M,DO_MGL,DISSOLVED OXYGEN (DO),TOTAL,4.7,MG/L,,,4.7,MG/L
2003889,OKALOACOOCHEE BRANCH,STORET_21FLSFWM,CR-22.0T," OKALOACOOCHEE BRANCH AT S.R.80,PORT LABELLE",CR-22.0T,26.7627778,-81.4,3235O,06-09-1980 0:00,0.5,M,DO_MGL,DISSOLVED OXYGEN (DO),TOTAL,2.7,MG/L,,,2.7,MG/L
2003889,OKALOACOOCHEE BRANCH,STORET_21FLSFWM,CR-22.0T," OKALOACOOCHEE BRANCH AT S.R.80,PORT LABELLE",CR-22.0T,26.7627778,-81.4,3235O,7/15/1980 12:00:00 AM,0.5,M,DO_MGL,DISSOLVED OXYGEN (DO),TOTAL,3.5,MG/L,,,3.5,MG/L
2003889,OKALOACOOCHEE BRANCH,STORET_21FLSFWM,CR-22.0T," OKALOACOOCHEE BRANCH AT S.R.80,PORT LABELLE",CR-22.0T,26.7627778,-81.4,3235O,8/18/1980 12:00:00 AM,0.5,M,DO_MGL,DISSOLVED OXYGEN (DO),TOTAL,9,MG/L,,,9,MG/L
2003889,OKALOACOOCHEE BRANCH,STORET_21FLSFWM,CR-22.0T," OKALOACOOCHEE BRANCH AT S.R.80,PORT LABELLE",CR-22.0T,26.7627778,-81.4,3235O,9/16/1980 12:00:00 AM,0.5,M,DO_MGL,DISSOLVED OXYGEN (DO),TOTAL,4.7,MG/L,,,4.7,MG/L
2003889,OKALOACOOCHEE BRANCH,STORET_21FLSFWM,CR-22.0T," OKALOACOOCHEE BRANCH AT S.R.80,PORT LABELLE",CR-22.0T,26.7627778,-81.4,3235O,10/13/1980 12:00:00 AM,0.5,M,DO_MGL,DISSOLVED OXYGEN (DO),TOTAL,6.7,MG/L,,,6.7,MG/L
2003889,OKALOACOOCHEE BRANCH,STORET_21FLSFWM,CR-22.0T," OKALOACOOCHEE BRANCH AT S.R.80,PORT LABELLE",CR-22.0T,26.7627778,-81.4,3235O,11-10-1980 0:00,0.5,M,DO_MGL,DISSOLVED OXYGEN (DO),TOTAL,3.2,MG/L,,,3.2,MG/L
2003889,OKALOACOOCHEE BRANCH,STORET_21FLSFWM,CR-22.0T," OKALOACOOCHEE BRANCH AT S.R.80,PORT LABELLE",CR-22.0T,26.7627778,-81.4,3235O,12-09-1980 0:00,0.5,M,DO_MGL,DISSOLVED OXYGEN (DO),TOTAL,7.6,MG/L,,,7.6,MG/L
2003889,OKALOACOOCHEE BRANCH,STORET_21FLFTM,CALUSA0052FTM, OKALOACOOCHEE BRANCH AT SR 80,CALUSA0052FTM,26.76271,-81.40001,3235O,2/14/2013 12:00:00 AM,0.152439,M,DO_MGL,DISSOLVED OXYGEN (DO),,9.03,MG/L,,,9.03,MG/L
2003889,OKALOACOOCHEE BRANCH,STORET_21FLFTM,CALUSA0052FTM, OKALOACOOCHEE BRANCH AT SR 80,CALUSA0052FTM,26.76271,-81.40001,3235O,04-03-2013 0:00,0.152439,M,DO_MGL,DISSOLVED OXYGEN (DO),,9.16,MG/L,,,9.16,MG/L
2003889,OKALOACOOCHEE BRANCH,STORET_21FLFTM,CALUSA0052FTM, OKALOACOOCHEE BRANCH AT SR 80,CALUSA0052FTM,26.76271,-81.40001,3235O,6/26/2013 12:00:00 AM,0.152439,M,DO_MGL,DISSOLVED OXYGEN (DO),,8.2,MG/L,J,**J**,8.2,MG/L
2003889,OKALOACOOCHEE BRANCH,STORET_21FLFTM,CALUSA0052FTM, OKALOACOOCHEE BRANCH AT SR 80,CALUSA0052FTM,26.76271,-81.40001,3235O,8/20/2013 12:00:00 AM,0.152439,M,DO_MGL,DISSOLVED OXYGEN (DO),,6.15,MG/L,,,6.15,MG/L
2003889,OKALOACOOCHEE BRANCH,STORET_21FLFTM,CALUSA0052FTM, OKALOACOOCHEE BRANCH AT SR 80,CALUSA0052FTM,26.76271,-81.40001,3235O,9/19/2013 12:00:00 AM,0.152439,M,DO_MGL,DISSOLVED OXYGEN (DO),,6.55,MG/L,,,6.55,MG/L
2003889,OKALOACOOCHEE BRANCH,STORET_21FLFTM,CALUSA0052FTM, OKALOACOOCHEE BRANCH AT SR 80,CALUSA0052FTM,26.76271,-81.40001,3235O,10/16/2013 12:00:00 AM,0.152439,M,DO_MGL,DISSOLVED OXYGEN (DO),,6.79,MG/L,,,6.79,MG/L
