﻿WBodyID,WaterBodyName,DataSource,StationID,StationName,Actual_StationID,Actual_Latitude,Actual_Longitude,DEP_WBID,SampleDate,ActivityDepth,DepthUnits,Parameter,Characteristic,Sample_Fraction,Result_Value,Result_Unit,QACode,Result_Comment,Original_Result_Value,Original_Result_Unit
2003889,OKALOACOOCHEE BRANCH,STORET_21FLFTM,CALUSA0044FTM, OKALOACOOCHEE BRANCH AT EUCALYPTUS BLVD,CALUSA0044FTM,26.75183,-81.39468,3235O,8/20/2013 12:00:00 AM,0.152439,M,DEPTH_BOTT_FT,"DEPTH, BOTTOM",,1.96848,FT,,,0.6,M
2003889,OKALOACOOCHEE BRANCH,STORET_21FLFTM,CALUSA0051FTM, OKALOACOOCHEE BRANCH AT EUCALYPTUS BLVD.,CALUSA0051FTM,26.75601,-81.39836,3235O,8/20/2013 12:00:00 AM,0.152439,M,DEPTH_BOTT_FT,"DEPTH, BOTTOM",,3.2808,FT,,,1,M
2003889,OKALOACOOCHEE BRANCH,STORET_21FLFTM,CALUSA0051FTM, OKALOACOOCHEE BRANCH AT EUCALYPTUS BLVD.,CALUSA0051FTM,26.75601,-81.39836,3235O,9/19/2013 12:00:00 AM,0.152439,M,DEPTH_BOTT_FT,"DEPTH, BOTTOM",,1.6404,FT,,,0.5,M
2003889,OKALOACOOCHEE BRANCH,STORET_21FLFTM,CALUSA0051FTM, OKALOACOOCHEE BRANCH AT EUCALYPTUS BLVD.,CALUSA0051FTM,26.75601,-81.39836,3235O,10/16/2013 12:00:00 AM,0.152439,M,DEPTH_BOTT_FT,"DEPTH, BOTTOM",,0.98424,FT,,,0.3,M
2003889,OKALOACOOCHEE BRANCH,STORET_21FLFTM,CALUSA0051FTM, OKALOACOOCHEE BRANCH AT EUCALYPTUS BLVD.,CALUSA0051FTM,26.75601,-81.39836,3235O,3/15/2016 12:00:00 AM,0.3,M,DEPTH_BOTT_FT,"DEPTH, BOTTOM",,0.98424,FT,,,0.3,M
2003889,OKALOACOOCHEE BRANCH,STORET_21FLFTM,CALUSA0051FTM, OKALOACOOCHEE BRANCH AT EUCALYPTUS BLVD.,CALUSA0051FTM,26.75601,-81.39836,3235O,6/27/2016 12:00:00 AM,0.3,M,DEPTH_BOTT_FT,"DEPTH, BOTTOM",,1.31232,FT,,,0.4,M
2003889,OKALOACOOCHEE BRANCH,STORET_21FLFTM,CALUSA0051FTM, OKALOACOOCHEE BRANCH AT EUCALYPTUS BLVD.,CALUSA0051FTM,26.75601,-81.39836,3235O,9/20/2016 12:00:00 AM,0.3,M,DEPTH_BOTT_FT,"DEPTH, BOTTOM",,2.95272,FT,,,0.9,M
2003889,OKALOACOOCHEE BRANCH,STORET_21FLFTM,CALUSA0051FTM, OKALOACOOCHEE BRANCH AT EUCALYPTUS BLVD.,CALUSA0051FTM,26.75601,-81.39836,3235O,10/18/2016 12:00:00 AM,0.3,M,DEPTH_BOTT_FT,"DEPTH, BOTTOM",,0.98424,FT,,,0.3,M
2003889,OKALOACOOCHEE BRANCH,STORET_21FLFTM,CALUSA0051FTM, OKALOACOOCHEE BRANCH AT EUCALYPTUS BLVD.,CALUSA0051FTM,26.75601,-81.39836,3235O,12/14/2016 12:00:00 AM,0.3,M,DEPTH_BOTT_FT,"DEPTH, BOTTOM",,0.98424,FT,,,0.3,M
2003889,OKALOACOOCHEE BRANCH,STORET_21FLFTM,CALUSA0051FTM, OKALOACOOCHEE BRANCH AT EUCALYPTUS BLVD.,CALUSA0051FTM,26.75601,-81.39836,3235O,07-12-2017 0:00,0.2,M,DEPTH_BOTT_FT,"DEPTH, BOTTOM",,1.31232,FT,,,0.4,M
2003889,OKALOACOOCHEE BRANCH,STORET_21FLFTM,CALUSA0052FTM, OKALOACOOCHEE BRANCH AT SR 80,CALUSA0052FTM,26.76271,-81.40001,3235O,8/20/2013 12:00:00 AM,0.152439,M,DEPTH_BOTT_FT,"DEPTH, BOTTOM",,2.95272,FT,,,0.9,M
2003889,OKALOACOOCHEE BRANCH,STORET_21FLFTM,CALUSA0052FTM, OKALOACOOCHEE BRANCH AT SR 80,CALUSA0052FTM,26.76271,-81.40001,3235O,9/19/2013 12:00:00 AM,0.152439,M,DEPTH_BOTT_FT,"DEPTH, BOTTOM",,2.95272,FT,,,0.9,M
2003889,OKALOACOOCHEE BRANCH,STORET_21FLFTM,CALUSA0052FTM, OKALOACOOCHEE BRANCH AT SR 80,CALUSA0052FTM,26.76271,-81.40001,3235O,10/16/2013 12:00:00 AM,0.152439,M,DEPTH_BOTT_FT,"DEPTH, BOTTOM",,1.6404,FT,,,0.5,M
