﻿WBodyID,WaterBodyName,DataSource,StationID,StationName,Actual_StationID,Actual_Latitude,Actual_Longitude,DEP_WBID,SampleDate,ActivityDepth,DepthUnits,Parameter,Characteristic,Sample_Fraction,Result_Value,Result_Unit,QACode,Result_Comment,Original_Result_Value,Original_Result_Unit
2003889,OKALOACOOCHEE BRANCH,WIN_21FLFTM,G3SD0099, OKALOACOOCHEE BRANCH @ EUCALYPTUS,G3SD0099,26.75602,-81.39836,3235O,1/24/2018 9:10:00 AM,0.15,M,CHLAC_UGL,"CHLOROPHYLL A, CORRECTED FOR PHEOPHYTIN",TOTAL,0.89,UG/L,I,PRECISION DATA IS NOT AVAILABLE FOR AT LEAST ONE COMPONENT DUE TO THE SMALL AMOUNT OF ANALYTE IN THE QC SAMPLE. REFER TO QA REPORT FOR AVAILABLE PRECISION DATA.,0.89,UG/L
2003889,OKALOACOOCHEE BRANCH,WIN_21FLFTM,G3SD0099, OKALOACOOCHEE BRANCH @ EUCALYPTUS,G3SD0099,26.75602,-81.39836,3235O,03-05-2018 10:10,0.15,M,CHLAC_UGL,"CHLOROPHYLL A, CORRECTED FOR PHEOPHYTIN",TOTAL,1.6,UG/L,I,PRECISION DATA IS NOT AVAILABLE FOR AT LEAST ONE COMPONENT DUE TO THE SMALL AMOUNT OF ANALYTE IN THE QC SAMPLE. REFER TO QA REPORT FOR AVAILABLE PRECISION DATA.,1.6,UG/L
2003889,OKALOACOOCHEE BRANCH,WIN_21FLFTM,G3SD0099, OKALOACOOCHEE BRANCH @ EUCALYPTUS,G3SD0099,26.75602,-81.39836,3235O,5/15/2018 11:55:00 AM,0.15,M,CHLAC_UGL,"CHLOROPHYLL A, CORRECTED FOR PHEOPHYTIN",TOTAL,1.2,UG/L,I,PRECISION DATA IS NOT AVAILABLE FOR AT LEAST ONE COMPONENT DUE TO THE SMALL AMOUNT OF ANALYTE IN THE QC SAMPLE. REFER TO QA REPORT FOR AVAILABLE PRECISION DATA.,1.2,UG/L
2003889,OKALOACOOCHEE BRANCH,WIN_21FLFTM,G3SD0099, OKALOACOOCHEE BRANCH @ EUCALYPTUS,G3SD0099,26.75602,-81.39836,3235O,06-07-2018 9:00,0.15,M,CHLAC_UGL,"CHLOROPHYLL A, CORRECTED FOR PHEOPHYTIN",TOTAL,3.5,UG/L,,PRECISION DATA IS NOT AVAILABLE FOR AT LEAST ONE COMPONENT DUE TO THE SMALL AMOUNT OF ANALYTE IN THE QC SAMPLE. REFER TO QA REPORT FOR AVAILABLE PRECISION DATA.,3.5,UG/L
2003889,OKALOACOOCHEE BRANCH,WIN_21FLFTM,G3SD0099, OKALOACOOCHEE BRANCH @ EUCALYPTUS,G3SD0099,26.75602,-81.39836,3235O,7/24/2018 12:30:00 PM,0.2,M,CHLAC_UGL,"CHLOROPHYLL A, CORRECTED FOR PHEOPHYTIN",TOTAL,2.3,UG/L,,,2.3,UG/L
2003889,OKALOACOOCHEE BRANCH,WIN_21FLFTM,G3SD0099, OKALOACOOCHEE BRANCH @ EUCALYPTUS,G3SD0099,26.75602,-81.39836,3235O,09-11-2018 14:00,0.1,M,CHLAC_UGL,"CHLOROPHYLL A, CORRECTED FOR PHEOPHYTIN",TOTAL,1.7,UG/L,I,PRECISION DATA IS NOT AVAILABLE FOR AT LEAST ONE COMPONENT DUE TO THE SMALL AMOUNT OF ANALYTE IN THE QC SAMPLE. REFER TO QA REPORT FOR AVAILABLE PRECISION DATA.,1.7,UG/L
2003889,OKALOACOOCHEE BRANCH,WIN_21FLFTM,G3SD0099, OKALOACOOCHEE BRANCH @ EUCALYPTUS,G3SD0099,26.75602,-81.39836,3235O,12-12-2018 15:10,0.2,M,CHLAC_UGL,"CHLOROPHYLL A, CORRECTED FOR PHEOPHYTIN",TOTAL,20,UG/L,,PRECISION DATA IS NOT AVAILABLE FOR AT LEAST ONE COMPONENT DUE TO THE SMALL AMOUNT OF ANALYTE IN THE QC SAMPLE. REFER TO QA REPORT FOR AVAILABLE PRECISION DATA.,20,UG/L
2003889,OKALOACOOCHEE BRANCH,WIN_21FLFTM,G3SD0099, OKALOACOOCHEE BRANCH @ EUCALYPTUS,G3SD0099,26.75602,-81.39836,3235O,04-09-2019 10:00,0.2,M,CHLAC_UGL,"CHLOROPHYLL A, CORRECTED FOR PHEOPHYTIN",TOTAL,9.1,UG/L,,,9.1,UG/L
2003889,OKALOACOOCHEE BRANCH,WIN_21FLFTM,G3SD0099, OKALOACOOCHEE BRANCH @ EUCALYPTUS,G3SD0099,26.75602,-81.39836,3235O,05-07-2019 10:40,0.1,M,CHLAC_UGL,"CHLOROPHYLL A, CORRECTED FOR PHEOPHYTIN",TOTAL,3.7,UG/L,I,PRECISION DATA IS NOT AVAILABLE FOR AT LEAST ONE COMPONENT DUE TO THE SMALL AMOUNT OF ANALYTE IN THE QC SAMPLE. REFER TO QA REPORT FOR AVAILABLE PRECISION DATA.,3.7,UG/L
2003889,OKALOACOOCHEE BRANCH,WIN_21FLFTM,G3SD0099, OKALOACOOCHEE BRANCH @ EUCALYPTUS,G3SD0099,26.75602,-81.39836,3235O,6/24/2019 10:15:00 AM,0.15,M,CHLAC_UGL,"CHLOROPHYLL A, CORRECTED FOR PHEOPHYTIN",TOTAL,5.1,UG/L,,PRECISION DATA IS NOT AVAILABLE FOR AT LEAST ONE COMPONENT DUE TO THE SMALL AMOUNT OF ANALYTE IN THE QC SAMPLE. REFER TO QA REPORT FOR AVAILABLE PRECISION DATA.,5.1,UG/L
2003889,OKALOACOOCHEE BRANCH,WIN_21FLFTM,G3SD0099, OKALOACOOCHEE BRANCH @ EUCALYPTUS,G3SD0099,26.75602,-81.39836,3235O,6/24/2019 10:20:00 AM,0.3,M,CHLAC_UGL,"CHLOROPHYLL A, CORRECTED FOR PHEOPHYTIN",TOTAL,6.8,UG/L,,PRECISION DATA IS NOT AVAILABLE FOR AT LEAST ONE COMPONENT DUE TO THE SMALL AMOUNT OF ANALYTE IN THE QC SAMPLE. REFER TO QA REPORT FOR AVAILABLE PRECISION DATA.,6.8,UG/L
2003889,OKALOACOOCHEE BRANCH,WIN_21FLFTM,G3SD0099, OKALOACOOCHEE BRANCH @ EUCALYPTUS,G3SD0099,26.75602,-81.39836,3235O,7/15/2019 11:00:00 AM,0.1,M,CHLAC_UGL,"CHLOROPHYLL A, CORRECTED FOR PHEOPHYTIN",TOTAL,23,UG/L,A,,23,UG/L
2003889,OKALOACOOCHEE BRANCH,WIN_21FLFTM,G3SD0099, OKALOACOOCHEE BRANCH @ EUCALYPTUS,G3SD0099,26.75602,-81.39836,3235O,10-02-2019 10:25,0.1,M,CHLAC_UGL,"CHLOROPHYLL A, CORRECTED FOR PHEOPHYTIN",TOTAL,36,UG/L,,PRECISION DATA IS NOT AVAILABLE FOR AT LEAST ONE COMPONENT DUE TO THE SMALL AMOUNT OF ANALYTE IN THE QC SAMPLE. REFER TO QA REPORT FOR AVAILABLE PRECISION DATA.,36,UG/L
2003889,OKALOACOOCHEE BRANCH,WIN_21FLFTM,CALUSA0051FTM, OKALOACOOCHEE BRANCH AT EUCALYPTUS BLVD,CALUSA0051FTM,26.75602,-81.39836,3235O,4/24/2017 10:50:00 AM,0.15,M,CHLAC_UGL,"CHLOROPHYLL A, CORRECTED FOR PHEOPHYTIN",TOTAL,14,UG/L,,PRECISION DATA IS NOT AVAILABLE FOR AT LEAST ONE COMPONENT DUE TO THE SMALL AMOUNT OF ANALYTE IN THE QC SAMPLE. REFER TO QA REPORT FOR AVAILABLE PRECISION DATA.,14,UG/L
2003889,OKALOACOOCHEE BRANCH,WIN_21FLFTM,CALUSA0051FTM, OKALOACOOCHEE BRANCH AT EUCALYPTUS BLVD,CALUSA0051FTM,26.75602,-81.39836,3235O,07-12-2017 9:40,0.2,M,CHLAC_UGL,"CHLOROPHYLL A, CORRECTED FOR PHEOPHYTIN",TOTAL,3.1,UG/L,,,3.1,UG/L
2003889,OKALOACOOCHEE BRANCH,WIN_21FLFTM,CALUSA0051FTM, OKALOACOOCHEE BRANCH AT EUCALYPTUS BLVD,CALUSA0051FTM,26.75602,-81.39836,3235O,8/28/2017 11:00:00 AM,0.15,M,CHLAC_UGL,"CHLOROPHYLL A, CORRECTED FOR PHEOPHYTIN",TOTAL,1.4,UG/L,I,PRECISION DATA IS NOT AVAILABLE FOR AT LEAST ONE COMPONENT DUE TO THE SMALL AMOUNT OF ANALYTE IN THE QC SAMPLE. REFER TO QA REPORT FOR AVAILABLE PRECISION DATA.,1.4,UG/L
2003889,OKALOACOOCHEE BRANCH,WIN_21FLFTM,CALUSA0051FTM, OKALOACOOCHEE BRANCH AT EUCALYPTUS BLVD,CALUSA0051FTM,26.75602,-81.39836,3235O,10/17/2017 2:10:00 PM,0.2,M,CHLAC_UGL,"CHLOROPHYLL A, CORRECTED FOR PHEOPHYTIN",TOTAL,3.8,UG/L,,PRECISION DATA IS NOT AVAILABLE FOR AT LEAST ONE COMPONENT DUE TO THE SMALL AMOUNT OF ANALYTE IN THE QC SAMPLE. REFER TO QA REPORT FOR AVAILABLE PRECISION DATA.,3.8,UG/L
2003889,OKALOACOOCHEE BRANCH,WIN_21FLFTM,CALUSA0051FTM, OKALOACOOCHEE BRANCH AT EUCALYPTUS BLVD,CALUSA0051FTM,26.75602,-81.39836,3235O,10/17/2017 2:15:00 PM,0.3,M,CHLAC_UGL,"CHLOROPHYLL A, CORRECTED FOR PHEOPHYTIN",TOTAL,2.2,UG/L,,PRECISION DATA IS NOT AVAILABLE FOR AT LEAST ONE COMPONENT DUE TO THE SMALL AMOUNT OF ANALYTE IN THE QC SAMPLE. REFER TO QA REPORT FOR AVAILABLE PRECISION DATA.,2.2,UG/L
2003889,OKALOACOOCHEE BRANCH,WIN_21FLFTM,CALUSA0051FTM, OKALOACOOCHEE BRANCH AT EUCALYPTUS BLVD,CALUSA0051FTM,26.75602,-81.39836,3235O,11/14/2017 1:50:00 PM,0.1,M,CHLAC_UGL,"CHLOROPHYLL A, CORRECTED FOR PHEOPHYTIN",TOTAL,1.9,UG/L,,PRECISION DATA IS NOT AVAILABLE FOR AT LEAST ONE COMPONENT DUE TO THE SMALL AMOUNT OF ANALYTE IN THE QC SAMPLE. REFER TO QA REPORT FOR AVAILABLE PRECISION DATA.,1.9,UG/L
2003889,OKALOACOOCHEE BRANCH,STORET_21FLFTM,CALUSA0051FTM, OKALOACOOCHEE BRANCH AT EUCALYPTUS BLVD.,CALUSA0051FTM,26.75601,-81.39836,3235O,3/15/2016 12:00:00 AM,0.3,M,CHLAC_UGL,"CHLOROPHYLL A, CORRECTED FOR PHEOPHYTIN",TOTAL,0.71,UG/L,I,**I**,0.71,UG/L
2003889,OKALOACOOCHEE BRANCH,STORET_21FLFTM,CALUSA0051FTM, OKALOACOOCHEE BRANCH AT EUCALYPTUS BLVD.,CALUSA0051FTM,26.75601,-81.39836,3235O,6/27/2016 12:00:00 AM,0.3,M,CHLAC_UGL,"CHLOROPHYLL A, CORRECTED FOR PHEOPHYTIN",TOTAL,12,UG/L,,,12,UG/L
2003889,OKALOACOOCHEE BRANCH,STORET_21FLFTM,CALUSA0051FTM, OKALOACOOCHEE BRANCH AT EUCALYPTUS BLVD.,CALUSA0051FTM,26.75601,-81.39836,3235O,9/20/2016 12:00:00 AM,0.3,M,CHLAC_UGL,"CHLOROPHYLL A, CORRECTED FOR PHEOPHYTIN",TOTAL,4.6,UG/L,,PRECISION DATA IS NOT AVAILABLE FOR AT LEAST ONE C,4.6,UG/L
2003889,OKALOACOOCHEE BRANCH,STORET_21FLFTM,CALUSA0051FTM, OKALOACOOCHEE BRANCH AT EUCALYPTUS BLVD.,CALUSA0051FTM,26.75601,-81.39836,3235O,10/18/2016 12:00:00 AM,0.3,M,CHLAC_UGL,"CHLOROPHYLL A, CORRECTED FOR PHEOPHYTIN",TOTAL,3.4,UG/L,,PRECISION DATA IS NOT AVAILABLE FOR AT LEAST ONE C,3.4,UG/L
2003889,OKALOACOOCHEE BRANCH,STORET_21FLFTM,CALUSA0051FTM, OKALOACOOCHEE BRANCH AT EUCALYPTUS BLVD.,CALUSA0051FTM,26.75601,-81.39836,3235O,12/14/2016 12:00:00 AM,0.3,M,CHLAC_UGL,"CHLOROPHYLL A, CORRECTED FOR PHEOPHYTIN",TOTAL,3.4,UG/L,,,3.4,UG/L
2003889,OKALOACOOCHEE BRANCH,STORET_21FLFTM,CALUSA0051FTM, OKALOACOOCHEE BRANCH AT EUCALYPTUS BLVD.,CALUSA0051FTM,26.75601,-81.39836,3235O,07-12-2017 0:00,0.2,M,CHLAC_UGL,"CHLOROPHYLL A, CORRECTED FOR PHEOPHYTIN",TOTAL,3.1,UG/L,,,3.1,UG/L
