﻿WBodyID,WaterBodyName,DataSource,StationID,StationName,Actual_StationID,Actual_Latitude,Actual_Longitude,DEP_WBID,SampleDate,ActivityDepth,DepthUnits,Parameter,Characteristic,Sample_Fraction,Result_Value,Result_Unit,QACode,Result_Comment,Original_Result_Value,Original_Result_Unit
2003889,OKALOACOOCHEE BRANCH,STORET_21FLSFWM,CR-22.0T," OKALOACOOCHEE BRANCH AT S.R.80,PORT LABELLE",CR-22.0T,26.7627778,-81.4,3235O,01-11-1978 0:00,0.5,M,CA_DISS_MGL,CALCIUM,DISSOLVED,112.07,MG/L,,,112.07,MG/L
2003889,OKALOACOOCHEE BRANCH,STORET_21FLSFWM,CR-22.0T," OKALOACOOCHEE BRANCH AT S.R.80,PORT LABELLE",CR-22.0T,26.7627778,-81.4,3235O,1/20/1978 12:00:00 AM,0.5,M,CA_DISS_MGL,CALCIUM,DISSOLVED,111.03,MG/L,,,111.03,MG/L
2003889,OKALOACOOCHEE BRANCH,STORET_21FLSFWM,CR-22.0T," OKALOACOOCHEE BRANCH AT S.R.80,PORT LABELLE",CR-22.0T,26.7627778,-81.4,3235O,02-08-1978 0:00,0.5,M,CA_DISS_MGL,CALCIUM,DISSOLVED,122.07,MG/L,,,122.07,MG/L
2003889,OKALOACOOCHEE BRANCH,STORET_21FLSFWM,CR-22.0T," OKALOACOOCHEE BRANCH AT S.R.80,PORT LABELLE",CR-22.0T,26.7627778,-81.4,3235O,03-08-1978 0:00,0.5,M,CA_DISS_MGL,CALCIUM,DISSOLVED,80.3,MG/L,,,80.3,MG/L
2003889,OKALOACOOCHEE BRANCH,STORET_21FLSFWM,CR-22.0T," OKALOACOOCHEE BRANCH AT S.R.80,PORT LABELLE",CR-22.0T,26.7627778,-81.4,3235O,04-05-1978 0:00,0.5,M,CA_DISS_MGL,CALCIUM,DISSOLVED,116.19,MG/L,,,116.19,MG/L
2003889,OKALOACOOCHEE BRANCH,STORET_21FLSFWM,CR-22.0T," OKALOACOOCHEE BRANCH AT S.R.80,PORT LABELLE",CR-22.0T,26.7627778,-81.4,3235O,4/19/1978 12:00:00 AM,0.5,M,CA_DISS_MGL,CALCIUM,DISSOLVED,95.19,MG/L,,,95.19,MG/L
2003889,OKALOACOOCHEE BRANCH,STORET_21FLSFWM,CR-22.0T," OKALOACOOCHEE BRANCH AT S.R.80,PORT LABELLE",CR-22.0T,26.7627778,-81.4,3235O,05-03-1978 0:00,0.5,M,CA_DISS_MGL,CALCIUM,DISSOLVED,88.59,MG/L,,,88.59,MG/L
2003889,OKALOACOOCHEE BRANCH,STORET_21FLSFWM,CR-22.0T," OKALOACOOCHEE BRANCH AT S.R.80,PORT LABELLE",CR-22.0T,26.7627778,-81.4,3235O,5/17/1978 12:00:00 AM,0.5,M,CA_DISS_MGL,CALCIUM,DISSOLVED,107.3,MG/L,,,107.3,MG/L
2003889,OKALOACOOCHEE BRANCH,STORET_21FLSFWM,CR-22.0T," OKALOACOOCHEE BRANCH AT S.R.80,PORT LABELLE",CR-22.0T,26.7627778,-81.4,3235O,06-08-1978 0:00,0.5,M,CA_DISS_MGL,CALCIUM,DISSOLVED,81.27,MG/L,,,81.27,MG/L
2003889,OKALOACOOCHEE BRANCH,STORET_21FLSFWM,CR-22.0T," OKALOACOOCHEE BRANCH AT S.R.80,PORT LABELLE",CR-22.0T,26.7627778,-81.4,3235O,07-12-1978 0:00,0.5,M,CA_DISS_MGL,CALCIUM,DISSOLVED,84.91,MG/L,,,84.91,MG/L
2003889,OKALOACOOCHEE BRANCH,STORET_21FLSFWM,CR-22.0T," OKALOACOOCHEE BRANCH AT S.R.80,PORT LABELLE",CR-22.0T,26.7627778,-81.4,3235O,08-09-1978 0:00,0.5,M,CA_DISS_MGL,CALCIUM,DISSOLVED,93.45,MG/L,,,93.45,MG/L
2003889,OKALOACOOCHEE BRANCH,STORET_21FLSFWM,CR-22.0T," OKALOACOOCHEE BRANCH AT S.R.80,PORT LABELLE",CR-22.0T,26.7627778,-81.4,3235O,9/13/1978 12:00:00 AM,0.5,M,CA_DISS_MGL,CALCIUM,DISSOLVED,91.19,MG/L,,,91.19,MG/L
2003889,OKALOACOOCHEE BRANCH,STORET_21FLSFWM,CR-22.0T," OKALOACOOCHEE BRANCH AT S.R.80,PORT LABELLE",CR-22.0T,26.7627778,-81.4,3235O,10/17/1978 12:00:00 AM,0.5,M,CA_DISS_MGL,CALCIUM,DISSOLVED,46.57,MG/L,,,46.57,MG/L
2003889,OKALOACOOCHEE BRANCH,STORET_21FLSFWM,CR-22.0T," OKALOACOOCHEE BRANCH AT S.R.80,PORT LABELLE",CR-22.0T,26.7627778,-81.4,3235O,11-06-1978 0:00,0.5,M,CA_DISS_MGL,CALCIUM,DISSOLVED,100.06,MG/L,,,100.06,MG/L
2003889,OKALOACOOCHEE BRANCH,STORET_21FLSFWM,CR-22.0T," OKALOACOOCHEE BRANCH AT S.R.80,PORT LABELLE",CR-22.0T,26.7627778,-81.4,3235O,12/13/1978 12:00:00 AM,0.5,M,CA_DISS_MGL,CALCIUM,DISSOLVED,112.13,MG/L,,,112.13,MG/L
2003889,OKALOACOOCHEE BRANCH,STORET_21FLSFWM,CR-22.0T," OKALOACOOCHEE BRANCH AT S.R.80,PORT LABELLE",CR-22.0T,26.7627778,-81.4,3235O,1/15/1979 12:00:00 AM,0.5,M,CA_DISS_MGL,CALCIUM,DISSOLVED,78.31,MG/L,,,78.31,MG/L
2003889,OKALOACOOCHEE BRANCH,STORET_21FLSFWM,CR-22.0T," OKALOACOOCHEE BRANCH AT S.R.80,PORT LABELLE",CR-22.0T,26.7627778,-81.4,3235O,02-12-1979 0:00,0.5,M,CA_DISS_MGL,CALCIUM,DISSOLVED,90.41,MG/L,,,90.41,MG/L
2003889,OKALOACOOCHEE BRANCH,STORET_21FLSFWM,CR-22.0T," OKALOACOOCHEE BRANCH AT S.R.80,PORT LABELLE",CR-22.0T,26.7627778,-81.4,3235O,03-12-1979 0:00,0.5,M,CA_DISS_MGL,CALCIUM,DISSOLVED,102.86,MG/L,,,102.86,MG/L
2003889,OKALOACOOCHEE BRANCH,STORET_21FLSFWM,CR-22.0T," OKALOACOOCHEE BRANCH AT S.R.80,PORT LABELLE",CR-22.0T,26.7627778,-81.4,3235O,04-02-1979 0:00,0.5,M,CA_DISS_MGL,CALCIUM,DISSOLVED,106.15,MG/L,,,106.15,MG/L
2003889,OKALOACOOCHEE BRANCH,STORET_21FLSFWM,CR-22.0T," OKALOACOOCHEE BRANCH AT S.R.80,PORT LABELLE",CR-22.0T,26.7627778,-81.4,3235O,4/16/1979 12:00:00 AM,0.5,M,CA_DISS_MGL,CALCIUM,DISSOLVED,83.32,MG/L,,,83.32,MG/L
2003889,OKALOACOOCHEE BRANCH,STORET_21FLSFWM,CR-22.0T," OKALOACOOCHEE BRANCH AT S.R.80,PORT LABELLE",CR-22.0T,26.7627778,-81.4,3235O,05-01-1979 0:00,0.5,M,CA_DISS_MGL,CALCIUM,DISSOLVED,72.01,MG/L,,,72.01,MG/L
2003889,OKALOACOOCHEE BRANCH,STORET_21FLSFWM,CR-22.0T," OKALOACOOCHEE BRANCH AT S.R.80,PORT LABELLE",CR-22.0T,26.7627778,-81.4,3235O,5/14/1979 12:00:00 AM,0.5,M,CA_DISS_MGL,CALCIUM,DISSOLVED,100.61,MG/L,,,100.61,MG/L
2003889,OKALOACOOCHEE BRANCH,STORET_21FLSFWM,CR-22.0T," OKALOACOOCHEE BRANCH AT S.R.80,PORT LABELLE",CR-22.0T,26.7627778,-81.4,3235O,5/31/1979 12:00:00 AM,0.5,M,CA_DISS_MGL,CALCIUM,DISSOLVED,91.91,MG/L,,,91.91,MG/L
2003889,OKALOACOOCHEE BRANCH,STORET_21FLSFWM,CR-22.0T," OKALOACOOCHEE BRANCH AT S.R.80,PORT LABELLE",CR-22.0T,26.7627778,-81.4,3235O,06-11-1979 0:00,0.5,M,CA_DISS_MGL,CALCIUM,DISSOLVED,108.18,MG/L,,,108.18,MG/L
2003889,OKALOACOOCHEE BRANCH,STORET_21FLSFWM,CR-22.0T," OKALOACOOCHEE BRANCH AT S.R.80,PORT LABELLE",CR-22.0T,26.7627778,-81.4,3235O,6/25/1979 12:00:00 AM,0.5,M,CA_DISS_MGL,CALCIUM,DISSOLVED,93.16,MG/L,,,93.16,MG/L
2003889,OKALOACOOCHEE BRANCH,STORET_21FLSFWM,CR-22.0T," OKALOACOOCHEE BRANCH AT S.R.80,PORT LABELLE",CR-22.0T,26.7627778,-81.4,3235O,07-09-1979 0:00,0.5,M,CA_DISS_MGL,CALCIUM,DISSOLVED,92.27,MG/L,,,92.27,MG/L
2003889,OKALOACOOCHEE BRANCH,STORET_21FLSFWM,CR-22.0T," OKALOACOOCHEE BRANCH AT S.R.80,PORT LABELLE",CR-22.0T,26.7627778,-81.4,3235O,7/23/1979 12:00:00 AM,0.5,M,CA_DISS_MGL,CALCIUM,DISSOLVED,101.16,MG/L,,,101.16,MG/L
2003889,OKALOACOOCHEE BRANCH,STORET_21FLSFWM,CR-22.0T," OKALOACOOCHEE BRANCH AT S.R.80,PORT LABELLE",CR-22.0T,26.7627778,-81.4,3235O,8/13/1979 12:00:00 AM,0.5,M,CA_DISS_MGL,CALCIUM,DISSOLVED,91.56,MG/L,,,91.56,MG/L
2003889,OKALOACOOCHEE BRANCH,STORET_21FLSFWM,CR-22.0T," OKALOACOOCHEE BRANCH AT S.R.80,PORT LABELLE",CR-22.0T,26.7627778,-81.4,3235O,09-10-1979 0:00,0.5,M,CA_DISS_MGL,CALCIUM,DISSOLVED,65.78,MG/L,,,65.78,MG/L
2003889,OKALOACOOCHEE BRANCH,STORET_21FLSFWM,CR-22.0T," OKALOACOOCHEE BRANCH AT S.R.80,PORT LABELLE",CR-22.0T,26.7627778,-81.4,3235O,10/16/1979 12:00:00 AM,0.5,M,CA_DISS_MGL,CALCIUM,DISSOLVED,61.74,MG/L,,,61.74,MG/L
2003889,OKALOACOOCHEE BRANCH,STORET_21FLSFWM,CR-22.0T," OKALOACOOCHEE BRANCH AT S.R.80,PORT LABELLE",CR-22.0T,26.7627778,-81.4,3235O,11-06-1979 0:00,0.5,M,CA_DISS_MGL,CALCIUM,DISSOLVED,75.79,MG/L,,,75.79,MG/L
2003889,OKALOACOOCHEE BRANCH,STORET_21FLSFWM,CR-22.0T," OKALOACOOCHEE BRANCH AT S.R.80,PORT LABELLE",CR-22.0T,26.7627778,-81.4,3235O,12-03-1979 0:00,0.5,M,CA_DISS_MGL,CALCIUM,DISSOLVED,108.07,MG/L,,,108.07,MG/L
