﻿WBodyID,WaterBodyName,DataSource,StationID,StationName,Actual_StationID,Actual_Latitude,Actual_Longitude,DEP_WBID,SampleDate,ActivityDepth,DepthUnits,Parameter,Characteristic,Sample_Fraction,Result_Value,Result_Unit,QACode,Result_Comment,Original_Result_Value,Original_Result_Unit
2003889,OKALOACOOCHEE BRANCH,WIN_21FLFTM,G3SD0099, OKALOACOOCHEE BRANCH @ EUCALYPTUS,G3SD0099,26.75602,-81.39836,3235O,1/24/2018 9:10:00 AM,0.15,M,ALK_CACO3_MGL,"ALKALINITY, TOTAL (TOTAL HYDROXIDE+CARBONATE+BICARBONATE)",TOTAL,259,MG/L CACO3,Y,"SAMPLE WAS LEFT OUT AT ROOM TEMPERATURE OVERNIGHT, SHOULD BE STORED BELOW 6 DEGC.",259,MG/L
2003889,OKALOACOOCHEE BRANCH,WIN_21FLFTM,G3SD0099, OKALOACOOCHEE BRANCH @ EUCALYPTUS,G3SD0099,26.75602,-81.39836,3235O,03-05-2018 10:10,0.15,M,ALK_CACO3_MGL,"ALKALINITY, TOTAL (TOTAL HYDROXIDE+CARBONATE+BICARBONATE)",TOTAL,273,MG/L CACO3,,,273,MG/L
2003889,OKALOACOOCHEE BRANCH,WIN_21FLFTM,G3SD0099, OKALOACOOCHEE BRANCH @ EUCALYPTUS,G3SD0099,26.75602,-81.39836,3235O,5/15/2018 11:55:00 AM,0.15,M,ALK_CACO3_MGL,"ALKALINITY, TOTAL (TOTAL HYDROXIDE+CARBONATE+BICARBONATE)",TOTAL,234,MG/L CACO3,,,234,MG/L
2003889,OKALOACOOCHEE BRANCH,WIN_21FLFTM,G3SD0099, OKALOACOOCHEE BRANCH @ EUCALYPTUS,G3SD0099,26.75602,-81.39836,3235O,06-07-2018 9:00,0.15,M,ALK_CACO3_MGL,"ALKALINITY, TOTAL (TOTAL HYDROXIDE+CARBONATE+BICARBONATE)",TOTAL,240,MG/L CACO3,,,240,MG/L
2003889,OKALOACOOCHEE BRANCH,WIN_21FLFTM,G3SD0099, OKALOACOOCHEE BRANCH @ EUCALYPTUS,G3SD0099,26.75602,-81.39836,3235O,7/24/2018 12:30:00 PM,0.2,M,ALK_CACO3_MGL,"ALKALINITY, TOTAL (TOTAL HYDROXIDE+CARBONATE+BICARBONATE)",TOTAL,246,MG/L CACO3,,,246,MG/L
2003889,OKALOACOOCHEE BRANCH,WIN_21FLFTM,G3SD0099, OKALOACOOCHEE BRANCH @ EUCALYPTUS,G3SD0099,26.75602,-81.39836,3235O,09-11-2018 14:00,0.1,M,ALK_CACO3_MGL,"ALKALINITY, TOTAL (TOTAL HYDROXIDE+CARBONATE+BICARBONATE)",TOTAL,205,MG/L CACO3,,,205,MG/L
2003889,OKALOACOOCHEE BRANCH,WIN_21FLFTM,G3SD0099, OKALOACOOCHEE BRANCH @ EUCALYPTUS,G3SD0099,26.75602,-81.39836,3235O,12-12-2018 15:10,0.2,M,ALK_CACO3_MGL,"ALKALINITY, TOTAL (TOTAL HYDROXIDE+CARBONATE+BICARBONATE)",TOTAL,241,MG/L CACO3,,,241,MG/L
2003889,OKALOACOOCHEE BRANCH,WIN_21FLFTM,G3SD0099, OKALOACOOCHEE BRANCH @ EUCALYPTUS,G3SD0099,26.75602,-81.39836,3235O,04-09-2019 10:00,0.2,M,ALK_CACO3_MGL,"ALKALINITY, TOTAL (TOTAL HYDROXIDE+CARBONATE+BICARBONATE)",TOTAL,204,MG/L CACO3,,,204,MG/L
2003889,OKALOACOOCHEE BRANCH,WIN_21FLFTM,G3SD0099, OKALOACOOCHEE BRANCH @ EUCALYPTUS,G3SD0099,26.75602,-81.39836,3235O,05-07-2019 10:40,0.1,M,ALK_CACO3_MGL,"ALKALINITY, TOTAL (TOTAL HYDROXIDE+CARBONATE+BICARBONATE)",TOTAL,240,MG/L CACO3,,,240,MG/L
2003889,OKALOACOOCHEE BRANCH,WIN_21FLFTM,G3SD0099, OKALOACOOCHEE BRANCH @ EUCALYPTUS,G3SD0099,26.75602,-81.39836,3235O,6/24/2019 10:15:00 AM,0.15,M,ALK_CACO3_MGL,"ALKALINITY, TOTAL (TOTAL HYDROXIDE+CARBONATE+BICARBONATE)",TOTAL,245,MG/L CACO3,,,245,MG/L
2003889,OKALOACOOCHEE BRANCH,WIN_21FLFTM,G3SD0099, OKALOACOOCHEE BRANCH @ EUCALYPTUS,G3SD0099,26.75602,-81.39836,3235O,6/24/2019 10:20:00 AM,0.3,M,ALK_CACO3_MGL,"ALKALINITY, TOTAL (TOTAL HYDROXIDE+CARBONATE+BICARBONATE)",TOTAL,241,MG/L CACO3,,,241,MG/L
2003889,OKALOACOOCHEE BRANCH,WIN_21FLFTM,G3SD0099, OKALOACOOCHEE BRANCH @ EUCALYPTUS,G3SD0099,26.75602,-81.39836,3235O,7/15/2019 11:00:00 AM,0.1,M,ALK_CACO3_MGL,"ALKALINITY, TOTAL (TOTAL HYDROXIDE+CARBONATE+BICARBONATE)",TOTAL,214,MG/L CACO3,,,214,MG/L
2003889,OKALOACOOCHEE BRANCH,WIN_21FLFTM,G3SD0099, OKALOACOOCHEE BRANCH @ EUCALYPTUS,G3SD0099,26.75602,-81.39836,3235O,10-02-2019 10:25,0.1,M,ALK_CACO3_MGL,"ALKALINITY, TOTAL (TOTAL HYDROXIDE+CARBONATE+BICARBONATE)",TOTAL,261,MG/L CACO3,,,261,MG/L
2003889,OKALOACOOCHEE BRANCH,WIN_21FLFTM,CALUSA0051FTM, OKALOACOOCHEE BRANCH AT EUCALYPTUS BLVD,CALUSA0051FTM,26.75602,-81.39836,3235O,4/24/2017 10:50:00 AM,0.15,M,ALK_CACO3_MGL,"ALKALINITY, TOTAL (TOTAL HYDROXIDE+CARBONATE+BICARBONATE)",TOTAL,289,MG/L CACO3,,,289,MG/L
2003889,OKALOACOOCHEE BRANCH,WIN_21FLFTM,CALUSA0051FTM, OKALOACOOCHEE BRANCH AT EUCALYPTUS BLVD,CALUSA0051FTM,26.75602,-81.39836,3235O,07-12-2017 9:40,0.2,M,ALK_CACO3_MGL,"ALKALINITY, TOTAL (TOTAL HYDROXIDE+CARBONATE+BICARBONATE)",TOTAL,267,MG/L CACO3,,,267,MG/L
2003889,OKALOACOOCHEE BRANCH,WIN_21FLFTM,CALUSA0051FTM, OKALOACOOCHEE BRANCH AT EUCALYPTUS BLVD,CALUSA0051FTM,26.75602,-81.39836,3235O,8/28/2017 11:00:00 AM,0.15,M,ALK_CACO3_MGL,"ALKALINITY, TOTAL (TOTAL HYDROXIDE+CARBONATE+BICARBONATE)",TOTAL,240,MG/L CACO3,,,240,MG/L
2003889,OKALOACOOCHEE BRANCH,WIN_21FLFTM,CALUSA0051FTM, OKALOACOOCHEE BRANCH AT EUCALYPTUS BLVD,CALUSA0051FTM,26.75602,-81.39836,3235O,10/17/2017 2:10:00 PM,0.2,M,ALK_CACO3_MGL,"ALKALINITY, TOTAL (TOTAL HYDROXIDE+CARBONATE+BICARBONATE)",TOTAL,200,MG/L CACO3,,,200,MG/L
2003889,OKALOACOOCHEE BRANCH,WIN_21FLFTM,CALUSA0051FTM, OKALOACOOCHEE BRANCH AT EUCALYPTUS BLVD,CALUSA0051FTM,26.75602,-81.39836,3235O,10/17/2017 2:15:00 PM,0.3,M,ALK_CACO3_MGL,"ALKALINITY, TOTAL (TOTAL HYDROXIDE+CARBONATE+BICARBONATE)",TOTAL,203,MG/L CACO3,,,203,MG/L
2003889,OKALOACOOCHEE BRANCH,WIN_21FLFTM,CALUSA0051FTM, OKALOACOOCHEE BRANCH AT EUCALYPTUS BLVD,CALUSA0051FTM,26.75602,-81.39836,3235O,11/14/2017 1:50:00 PM,0.1,M,ALK_CACO3_MGL,"ALKALINITY, TOTAL (TOTAL HYDROXIDE+CARBONATE+BICARBONATE)",TOTAL,226,MG/L CACO3,,,226,MG/L
2003889,OKALOACOOCHEE BRANCH,STORET_21FLSFWM,CR-22.0T," OKALOACOOCHEE BRANCH AT S.R.80,PORT LABELLE",CR-22.0T,26.7627778,-81.4,3235O,01-11-1978 0:00,0.5,M,ALK_CACO3_MGL,"ALKALINITY, TOTAL (TOTAL HYDROXIDE+CARBONATE+BICARBONATE)",TOTAL,243,MG/L CACO3,,,243,MG/L
2003889,OKALOACOOCHEE BRANCH,STORET_21FLSFWM,CR-22.0T," OKALOACOOCHEE BRANCH AT S.R.80,PORT LABELLE",CR-22.0T,26.7627778,-81.4,3235O,1/20/1978 12:00:00 AM,0.5,M,ALK_CACO3_MGL,"ALKALINITY, TOTAL (TOTAL HYDROXIDE+CARBONATE+BICARBONATE)",TOTAL,248.5,MG/L CACO3,,,248.5,MG/L
2003889,OKALOACOOCHEE BRANCH,STORET_21FLSFWM,CR-22.0T," OKALOACOOCHEE BRANCH AT S.R.80,PORT LABELLE",CR-22.0T,26.7627778,-81.4,3235O,02-08-1978 0:00,0.5,M,ALK_CACO3_MGL,"ALKALINITY, TOTAL (TOTAL HYDROXIDE+CARBONATE+BICARBONATE)",TOTAL,263.5,MG/L CACO3,,,263.5,MG/L
2003889,OKALOACOOCHEE BRANCH,STORET_21FLSFWM,CR-22.0T," OKALOACOOCHEE BRANCH AT S.R.80,PORT LABELLE",CR-22.0T,26.7627778,-81.4,3235O,03-08-1978 0:00,0.5,M,ALK_CACO3_MGL,"ALKALINITY, TOTAL (TOTAL HYDROXIDE+CARBONATE+BICARBONATE)",TOTAL,252,MG/L CACO3,,,252,MG/L
2003889,OKALOACOOCHEE BRANCH,STORET_21FLSFWM,CR-22.0T," OKALOACOOCHEE BRANCH AT S.R.80,PORT LABELLE",CR-22.0T,26.7627778,-81.4,3235O,04-05-1978 0:00,0.5,M,ALK_CACO3_MGL,"ALKALINITY, TOTAL (TOTAL HYDROXIDE+CARBONATE+BICARBONATE)",TOTAL,267.5,MG/L CACO3,,,267.5,MG/L
2003889,OKALOACOOCHEE BRANCH,STORET_21FLSFWM,CR-22.0T," OKALOACOOCHEE BRANCH AT S.R.80,PORT LABELLE",CR-22.0T,26.7627778,-81.4,3235O,4/19/1978 12:00:00 AM,0.5,M,ALK_CACO3_MGL,"ALKALINITY, TOTAL (TOTAL HYDROXIDE+CARBONATE+BICARBONATE)",TOTAL,196,MG/L CACO3,,,196,MG/L
2003889,OKALOACOOCHEE BRANCH,STORET_21FLSFWM,CR-22.0T," OKALOACOOCHEE BRANCH AT S.R.80,PORT LABELLE",CR-22.0T,26.7627778,-81.4,3235O,05-03-1978 0:00,0.5,M,ALK_CACO3_MGL,"ALKALINITY, TOTAL (TOTAL HYDROXIDE+CARBONATE+BICARBONATE)",TOTAL,191.5,MG/L CACO3,,,191.5,MG/L
2003889,OKALOACOOCHEE BRANCH,STORET_21FLSFWM,CR-22.0T," OKALOACOOCHEE BRANCH AT S.R.80,PORT LABELLE",CR-22.0T,26.7627778,-81.4,3235O,5/17/1978 12:00:00 AM,0.5,M,ALK_CACO3_MGL,"ALKALINITY, TOTAL (TOTAL HYDROXIDE+CARBONATE+BICARBONATE)",TOTAL,250,MG/L CACO3,,,250,MG/L
2003889,OKALOACOOCHEE BRANCH,STORET_21FLSFWM,CR-22.0T," OKALOACOOCHEE BRANCH AT S.R.80,PORT LABELLE",CR-22.0T,26.7627778,-81.4,3235O,06-08-1978 0:00,0.5,M,ALK_CACO3_MGL,"ALKALINITY, TOTAL (TOTAL HYDROXIDE+CARBONATE+BICARBONATE)",TOTAL,182,MG/L CACO3,,,182,MG/L
2003889,OKALOACOOCHEE BRANCH,STORET_21FLSFWM,CR-22.0T," OKALOACOOCHEE BRANCH AT S.R.80,PORT LABELLE",CR-22.0T,26.7627778,-81.4,3235O,07-12-1978 0:00,0.5,M,ALK_CACO3_MGL,"ALKALINITY, TOTAL (TOTAL HYDROXIDE+CARBONATE+BICARBONATE)",TOTAL,206.5,MG/L CACO3,,,206.5,MG/L
2003889,OKALOACOOCHEE BRANCH,STORET_21FLSFWM,CR-22.0T," OKALOACOOCHEE BRANCH AT S.R.80,PORT LABELLE",CR-22.0T,26.7627778,-81.4,3235O,08-09-1978 0:00,0.5,M,ALK_CACO3_MGL,"ALKALINITY, TOTAL (TOTAL HYDROXIDE+CARBONATE+BICARBONATE)",TOTAL,205.5,MG/L CACO3,,,205.5,MG/L
2003889,OKALOACOOCHEE BRANCH,STORET_21FLSFWM,CR-22.0T," OKALOACOOCHEE BRANCH AT S.R.80,PORT LABELLE",CR-22.0T,26.7627778,-81.4,3235O,9/13/1978 12:00:00 AM,0.5,M,ALK_CACO3_MGL,"ALKALINITY, TOTAL (TOTAL HYDROXIDE+CARBONATE+BICARBONATE)",TOTAL,221,MG/L CACO3,,,221,MG/L
2003889,OKALOACOOCHEE BRANCH,STORET_21FLSFWM,CR-22.0T," OKALOACOOCHEE BRANCH AT S.R.80,PORT LABELLE",CR-22.0T,26.7627778,-81.4,3235O,10/17/1978 12:00:00 AM,0.5,M,ALK_CACO3_MGL,"ALKALINITY, TOTAL (TOTAL HYDROXIDE+CARBONATE+BICARBONATE)",TOTAL,113,MG/L CACO3,,,113,MG/L
2003889,OKALOACOOCHEE BRANCH,STORET_21FLSFWM,CR-22.0T," OKALOACOOCHEE BRANCH AT S.R.80,PORT LABELLE",CR-22.0T,26.7627778,-81.4,3235O,11-06-1978 0:00,0.5,M,ALK_CACO3_MGL,"ALKALINITY, TOTAL (TOTAL HYDROXIDE+CARBONATE+BICARBONATE)",TOTAL,230,MG/L CACO3,,,230,MG/L
2003889,OKALOACOOCHEE BRANCH,STORET_21FLSFWM,CR-22.0T," OKALOACOOCHEE BRANCH AT S.R.80,PORT LABELLE",CR-22.0T,26.7627778,-81.4,3235O,12/13/1978 12:00:00 AM,0.5,M,ALK_CACO3_MGL,"ALKALINITY, TOTAL (TOTAL HYDROXIDE+CARBONATE+BICARBONATE)",TOTAL,250,MG/L CACO3,,,250,MG/L
