﻿WBodyID,WaterBodyName,DataSource,StationID,StationName,Actual_StationID,Actual_Latitude,Actual_Longitude,DEP_WBID,SampleDate,ActivityDepth,DepthUnits,Parameter,Characteristic,Sample_Fraction,Result_Value,Result_Unit,QACode,Result_Comment,Original_Result_Value,Original_Result_Unit
2003889,OKALOACOOCHEE BRANCH,WIN_21FLFTM,G3SD0099, OKALOACOOCHEE BRANCH @ EUCALYPTUS,G3SD0099,26.75602,-81.39836,3235O,1/24/2018 9:10:00 AM,0.15,M,TKN_UGL,"NITROGEN, KJELDAHL",TOTAL,790,UG/L,,,0.79,MG/L
2003889,OKALOACOOCHEE BRANCH,WIN_21FLFTM,G3SD0099, OKALOACOOCHEE BRANCH @ EUCALYPTUS,G3SD0099,26.75602,-81.39836,3235O,03-05-2018 10:10,0.15,M,TKN_UGL,"NITROGEN, KJELDAHL",TOTAL,840,UG/L,,,0.84,MG/L
2003889,OKALOACOOCHEE BRANCH,WIN_21FLFTM,G3SD0099, OKALOACOOCHEE BRANCH @ EUCALYPTUS,G3SD0099,26.75602,-81.39836,3235O,5/15/2018 11:55:00 AM,0.15,M,TKN_UGL,"NITROGEN, KJELDAHL",TOTAL,680,UG/L,,,0.68,MG/L
2003889,OKALOACOOCHEE BRANCH,WIN_21FLFTM,G3SD0099, OKALOACOOCHEE BRANCH @ EUCALYPTUS,G3SD0099,26.75602,-81.39836,3235O,06-07-2018 9:00,0.15,M,TKN_UGL,"NITROGEN, KJELDAHL",TOTAL,870,UG/L,,,0.87,MG/L
2003889,OKALOACOOCHEE BRANCH,WIN_21FLFTM,G3SD0099, OKALOACOOCHEE BRANCH @ EUCALYPTUS,G3SD0099,26.75602,-81.39836,3235O,7/24/2018 12:30:00 PM,0.2,M,TKN_UGL,"NITROGEN, KJELDAHL",TOTAL,890,UG/L,,,0.89,MG/L
2003889,OKALOACOOCHEE BRANCH,WIN_21FLFTM,G3SD0099, OKALOACOOCHEE BRANCH @ EUCALYPTUS,G3SD0099,26.75602,-81.39836,3235O,09-11-2018 14:00,0.1,M,TKN_UGL,"NITROGEN, KJELDAHL",TOTAL,970,UG/L,,,0.97,MG/L
2003889,OKALOACOOCHEE BRANCH,WIN_21FLFTM,G3SD0099, OKALOACOOCHEE BRANCH @ EUCALYPTUS,G3SD0099,26.75602,-81.39836,3235O,12-12-2018 15:10,0.2,M,TKN_UGL,"NITROGEN, KJELDAHL",TOTAL,1000,UG/L,,,1,MG/L
2003889,OKALOACOOCHEE BRANCH,WIN_21FLFTM,G3SD0099, OKALOACOOCHEE BRANCH @ EUCALYPTUS,G3SD0099,26.75602,-81.39836,3235O,04-09-2019 10:00,0.2,M,TKN_UGL,"NITROGEN, KJELDAHL",TOTAL,940,UG/L,,,0.94,MG/L
2003889,OKALOACOOCHEE BRANCH,WIN_21FLFTM,G3SD0099, OKALOACOOCHEE BRANCH @ EUCALYPTUS,G3SD0099,26.75602,-81.39836,3235O,05-07-2019 10:40,0.1,M,TKN_UGL,"NITROGEN, KJELDAHL",TOTAL,1100,UG/L,,,1.1,MG/L
2003889,OKALOACOOCHEE BRANCH,WIN_21FLFTM,G3SD0099, OKALOACOOCHEE BRANCH @ EUCALYPTUS,G3SD0099,26.75602,-81.39836,3235O,6/24/2019 10:15:00 AM,0.15,M,TKN_UGL,"NITROGEN, KJELDAHL",TOTAL,1200,UG/L,,,1.2,MG/L
2003889,OKALOACOOCHEE BRANCH,WIN_21FLFTM,G3SD0099, OKALOACOOCHEE BRANCH @ EUCALYPTUS,G3SD0099,26.75602,-81.39836,3235O,6/24/2019 10:20:00 AM,0.3,M,TKN_UGL,"NITROGEN, KJELDAHL",TOTAL,1200,UG/L,,,1.2,MG/L
2003889,OKALOACOOCHEE BRANCH,WIN_21FLFTM,G3SD0099, OKALOACOOCHEE BRANCH @ EUCALYPTUS,G3SD0099,26.75602,-81.39836,3235O,7/15/2019 11:00:00 AM,0.1,M,TKN_UGL,"NITROGEN, KJELDAHL",TOTAL,1300,UG/L,,BATCH MATRIX SPIKE RECOVERIES ARE UNAVAILABLE BECAUSE OF HIGH ANALYTE CONCENTRATION IN THE QC SAMPLE.,1.3,MG/L
2003889,OKALOACOOCHEE BRANCH,WIN_21FLFTM,G3SD0099, OKALOACOOCHEE BRANCH @ EUCALYPTUS,G3SD0099,26.75602,-81.39836,3235O,10-02-2019 10:25,0.1,M,TKN_UGL,"NITROGEN, KJELDAHL",TOTAL,1000,UG/L,,,1,MG/L
2003889,OKALOACOOCHEE BRANCH,WIN_21FLFTM,CALUSA0051FTM, OKALOACOOCHEE BRANCH AT EUCALYPTUS BLVD,CALUSA0051FTM,26.75602,-81.39836,3235O,4/24/2017 10:50:00 AM,0.15,M,TKN_UGL,"NITROGEN, KJELDAHL",TOTAL,1010,UG/L,,,1.01,MG/L
2003889,OKALOACOOCHEE BRANCH,WIN_21FLFTM,CALUSA0051FTM, OKALOACOOCHEE BRANCH AT EUCALYPTUS BLVD,CALUSA0051FTM,26.75602,-81.39836,3235O,07-12-2017 9:40,0.2,M,TKN_UGL,"NITROGEN, KJELDAHL",TOTAL,960,UG/L,,,0.96,MG/L
2003889,OKALOACOOCHEE BRANCH,WIN_21FLFTM,CALUSA0051FTM, OKALOACOOCHEE BRANCH AT EUCALYPTUS BLVD,CALUSA0051FTM,26.75602,-81.39836,3235O,8/28/2017 11:00:00 AM,0.15,M,TKN_UGL,"NITROGEN, KJELDAHL",TOTAL,1000,UG/L,,,1,MG/L
2003889,OKALOACOOCHEE BRANCH,WIN_21FLFTM,CALUSA0051FTM, OKALOACOOCHEE BRANCH AT EUCALYPTUS BLVD,CALUSA0051FTM,26.75602,-81.39836,3235O,10/17/2017 2:10:00 PM,0.2,M,TKN_UGL,"NITROGEN, KJELDAHL",TOTAL,1600,UG/L,,,1.6,MG/L
2003889,OKALOACOOCHEE BRANCH,WIN_21FLFTM,CALUSA0051FTM, OKALOACOOCHEE BRANCH AT EUCALYPTUS BLVD,CALUSA0051FTM,26.75602,-81.39836,3235O,10/17/2017 2:15:00 PM,0.3,M,TKN_UGL,"NITROGEN, KJELDAHL",TOTAL,1400,UG/L,,,1.4,MG/L
2003889,OKALOACOOCHEE BRANCH,WIN_21FLFTM,CALUSA0051FTM, OKALOACOOCHEE BRANCH AT EUCALYPTUS BLVD,CALUSA0051FTM,26.75602,-81.39836,3235O,11/14/2017 1:50:00 PM,0.1,M,TKN_UGL,"NITROGEN, KJELDAHL",TOTAL,1200,UG/L,,,1.2,MG/L
2003889,OKALOACOOCHEE BRANCH,STORET_21FLFTM,CALUSA0051FTM, OKALOACOOCHEE BRANCH AT EUCALYPTUS BLVD.,CALUSA0051FTM,26.75601,-81.39836,3235O,3/15/2016 12:00:00 AM,0.3,M,TKN_UGL,"NITROGEN, KJELDAHL",TOTAL,850,UG/L,,,0.85,MG/L
2003889,OKALOACOOCHEE BRANCH,STORET_21FLFTM,CALUSA0051FTM, OKALOACOOCHEE BRANCH AT EUCALYPTUS BLVD.,CALUSA0051FTM,26.75601,-81.39836,3235O,6/27/2016 12:00:00 AM,0.3,M,TKN_UGL,"NITROGEN, KJELDAHL",TOTAL,1200,UG/L,,MATRIX SPIKE RECOVERY DATA IS UNAVAILABLE DUE TO H,1.2,MG/L
2003889,OKALOACOOCHEE BRANCH,STORET_21FLFTM,CALUSA0051FTM, OKALOACOOCHEE BRANCH AT EUCALYPTUS BLVD.,CALUSA0051FTM,26.75601,-81.39836,3235O,9/20/2016 12:00:00 AM,0.3,M,TKN_UGL,"NITROGEN, KJELDAHL",TOTAL,1100,UG/L,,,1.1,MG/L
2003889,OKALOACOOCHEE BRANCH,STORET_21FLFTM,CALUSA0051FTM, OKALOACOOCHEE BRANCH AT EUCALYPTUS BLVD.,CALUSA0051FTM,26.75601,-81.39836,3235O,10/18/2016 12:00:00 AM,0.3,M,TKN_UGL,"NITROGEN, KJELDAHL",TOTAL,1100,UG/L,,,1.1,MG/L
2003889,OKALOACOOCHEE BRANCH,STORET_21FLFTM,CALUSA0051FTM, OKALOACOOCHEE BRANCH AT EUCALYPTUS BLVD.,CALUSA0051FTM,26.75601,-81.39836,3235O,12/14/2016 12:00:00 AM,0.3,M,TKN_UGL,"NITROGEN, KJELDAHL",TOTAL,180,UG/L,I,**I**,0.18,MG/L
2003889,OKALOACOOCHEE BRANCH,STORET_21FLFTM,CALUSA0051FTM, OKALOACOOCHEE BRANCH AT EUCALYPTUS BLVD.,CALUSA0051FTM,26.75601,-81.39836,3235O,07-12-2017 0:00,0.2,M,TKN_UGL,"NITROGEN, KJELDAHL",TOTAL,960,UG/L,,,0.96,MG/L
2003889,OKALOACOOCHEE BRANCH,STORET_21FLSFWM,CR-22.0T," OKALOACOOCHEE BRANCH AT S.R.80,PORT LABELLE",CR-22.0T,26.7627778,-81.4,3235O,01-11-1978 0:00,0.5,M,TKN_UGL,"NITROGEN, KJELDAHL",TOTAL,440,UG/L,,,0.44,MG/L
2003889,OKALOACOOCHEE BRANCH,STORET_21FLSFWM,CR-22.0T," OKALOACOOCHEE BRANCH AT S.R.80,PORT LABELLE",CR-22.0T,26.7627778,-81.4,3235O,1/20/1978 12:00:00 AM,0.5,M,TKN_UGL,"NITROGEN, KJELDAHL",TOTAL,530,UG/L,,,0.53,MG/L
2003889,OKALOACOOCHEE BRANCH,STORET_21FLSFWM,CR-22.0T," OKALOACOOCHEE BRANCH AT S.R.80,PORT LABELLE",CR-22.0T,26.7627778,-81.4,3235O,02-08-1978 0:00,0.5,M,TKN_UGL,"NITROGEN, KJELDAHL",TOTAL,1280,UG/L,,,1.28,MG/L
2003889,OKALOACOOCHEE BRANCH,STORET_21FLSFWM,CR-22.0T," OKALOACOOCHEE BRANCH AT S.R.80,PORT LABELLE",CR-22.0T,26.7627778,-81.4,3235O,03-08-1978 0:00,0.5,M,TKN_UGL,"NITROGEN, KJELDAHL",TOTAL,710,UG/L,,,0.71,MG/L
2003889,OKALOACOOCHEE BRANCH,STORET_21FLSFWM,CR-22.0T," OKALOACOOCHEE BRANCH AT S.R.80,PORT LABELLE",CR-22.0T,26.7627778,-81.4,3235O,04-05-1978 0:00,0.5,M,TKN_UGL,"NITROGEN, KJELDAHL",TOTAL,1240,UG/L,,,1.24,MG/L
2003889,OKALOACOOCHEE BRANCH,STORET_21FLSFWM,CR-22.0T," OKALOACOOCHEE BRANCH AT S.R.80,PORT LABELLE",CR-22.0T,26.7627778,-81.4,3235O,4/19/1978 12:00:00 AM,0.5,M,TKN_UGL,"NITROGEN, KJELDAHL",TOTAL,640,UG/L,,,0.64,MG/L
2003889,OKALOACOOCHEE BRANCH,STORET_21FLSFWM,CR-22.0T," OKALOACOOCHEE BRANCH AT S.R.80,PORT LABELLE",CR-22.0T,26.7627778,-81.4,3235O,05-03-1978 0:00,0.5,M,TKN_UGL,"NITROGEN, KJELDAHL",TOTAL,1240,UG/L,,,1.24,MG/L
2003889,OKALOACOOCHEE BRANCH,STORET_21FLSFWM,CR-22.0T," OKALOACOOCHEE BRANCH AT S.R.80,PORT LABELLE",CR-22.0T,26.7627778,-81.4,3235O,5/17/1978 12:00:00 AM,0.5,M,TKN_UGL,"NITROGEN, KJELDAHL",TOTAL,1170,UG/L,,,1.17,MG/L
2003889,OKALOACOOCHEE BRANCH,STORET_21FLSFWM,CR-22.0T," OKALOACOOCHEE BRANCH AT S.R.80,PORT LABELLE",CR-22.0T,26.7627778,-81.4,3235O,06-08-1978 0:00,0.5,M,TKN_UGL,"NITROGEN, KJELDAHL",TOTAL,1140,UG/L,,,1.14,MG/L
2003889,OKALOACOOCHEE BRANCH,STORET_21FLSFWM,CR-22.0T," OKALOACOOCHEE BRANCH AT S.R.80,PORT LABELLE",CR-22.0T,26.7627778,-81.4,3235O,07-12-1978 0:00,0.5,M,TKN_UGL,"NITROGEN, KJELDAHL",TOTAL,2150,UG/L,,,2.15,MG/L
2003889,OKALOACOOCHEE BRANCH,STORET_21FLSFWM,CR-22.0T," OKALOACOOCHEE BRANCH AT S.R.80,PORT LABELLE",CR-22.0T,26.7627778,-81.4,3235O,08-09-1978 0:00,0.5,M,TKN_UGL,"NITROGEN, KJELDAHL",TOTAL,760,UG/L,,,0.76,MG/L
2003889,OKALOACOOCHEE BRANCH,STORET_21FLSFWM,CR-22.0T," OKALOACOOCHEE BRANCH AT S.R.80,PORT LABELLE",CR-22.0T,26.7627778,-81.4,3235O,9/13/1978 12:00:00 AM,0.5,M,TKN_UGL,"NITROGEN, KJELDAHL",TOTAL,970,UG/L,,,0.97,MG/L
2003889,OKALOACOOCHEE BRANCH,STORET_21FLSFWM,CR-22.0T," OKALOACOOCHEE BRANCH AT S.R.80,PORT LABELLE",CR-22.0T,26.7627778,-81.4,3235O,10/17/1978 12:00:00 AM,0.5,M,TKN_UGL,"NITROGEN, KJELDAHL",TOTAL,1340,UG/L,,,1.34,MG/L
2003889,OKALOACOOCHEE BRANCH,STORET_21FLSFWM,CR-22.0T," OKALOACOOCHEE BRANCH AT S.R.80,PORT LABELLE",CR-22.0T,26.7627778,-81.4,3235O,11-06-1978 0:00,0.5,M,TKN_UGL,"NITROGEN, KJELDAHL",TOTAL,1310,UG/L,,,1.31,MG/L
2003889,OKALOACOOCHEE BRANCH,STORET_21FLSFWM,CR-22.0T," OKALOACOOCHEE BRANCH AT S.R.80,PORT LABELLE",CR-22.0T,26.7627778,-81.4,3235O,12/13/1978 12:00:00 AM,0.5,M,TKN_UGL,"NITROGEN, KJELDAHL",TOTAL,2660,UG/L,,,2.66,MG/L
2003889,OKALOACOOCHEE BRANCH,STORET_21FLSFWM,CR-22.0T," OKALOACOOCHEE BRANCH AT S.R.80,PORT LABELLE",CR-22.0T,26.7627778,-81.4,3235O,1/15/1979 12:00:00 AM,0.5,M,TKN_UGL,"NITROGEN, KJELDAHL",TOTAL,1880,UG/L,,,1.88,MG/L
2003889,OKALOACOOCHEE BRANCH,STORET_21FLSFWM,CR-22.0T," OKALOACOOCHEE BRANCH AT S.R.80,PORT LABELLE",CR-22.0T,26.7627778,-81.4,3235O,02-12-1979 0:00,0.5,M,TKN_UGL,"NITROGEN, KJELDAHL",TOTAL,530,UG/L,,,0.53,MG/L
2003889,OKALOACOOCHEE BRANCH,STORET_21FLSFWM,CR-22.0T," OKALOACOOCHEE BRANCH AT S.R.80,PORT LABELLE",CR-22.0T,26.7627778,-81.4,3235O,03-12-1979 0:00,0.5,M,TKN_UGL,"NITROGEN, KJELDAHL",TOTAL,3050,UG/L,,,3.05,MG/L
2003889,OKALOACOOCHEE BRANCH,STORET_21FLSFWM,CR-22.0T," OKALOACOOCHEE BRANCH AT S.R.80,PORT LABELLE",CR-22.0T,26.7627778,-81.4,3235O,04-02-1979 0:00,0.5,M,TKN_UGL,"NITROGEN, KJELDAHL",TOTAL,350,UG/L,,,0.35,MG/L
2003889,OKALOACOOCHEE BRANCH,STORET_21FLSFWM,CR-22.0T," OKALOACOOCHEE BRANCH AT S.R.80,PORT LABELLE",CR-22.0T,26.7627778,-81.4,3235O,05-01-1979 0:00,0.5,M,TKN_UGL,"NITROGEN, KJELDAHL",TOTAL,750,UG/L,,,0.75,MG/L
2003889,OKALOACOOCHEE BRANCH,STORET_21FLSFWM,CR-22.0T," OKALOACOOCHEE BRANCH AT S.R.80,PORT LABELLE",CR-22.0T,26.7627778,-81.4,3235O,5/14/1979 12:00:00 AM,0.5,M,TKN_UGL,"NITROGEN, KJELDAHL",TOTAL,1140,UG/L,,,1.14,MG/L
2003889,OKALOACOOCHEE BRANCH,STORET_21FLSFWM,CR-22.0T," OKALOACOOCHEE BRANCH AT S.R.80,PORT LABELLE",CR-22.0T,26.7627778,-81.4,3235O,5/31/1979 12:00:00 AM,0.5,M,TKN_UGL,"NITROGEN, KJELDAHL",TOTAL,1040,UG/L,,,1.04,MG/L
2003889,OKALOACOOCHEE BRANCH,STORET_21FLSFWM,CR-22.0T," OKALOACOOCHEE BRANCH AT S.R.80,PORT LABELLE",CR-22.0T,26.7627778,-81.4,3235O,06-11-1979 0:00,0.5,M,TKN_UGL,"NITROGEN, KJELDAHL",TOTAL,1170,UG/L,,,1.17,MG/L
2003889,OKALOACOOCHEE BRANCH,STORET_21FLSFWM,CR-22.0T," OKALOACOOCHEE BRANCH AT S.R.80,PORT LABELLE",CR-22.0T,26.7627778,-81.4,3235O,6/25/1979 12:00:00 AM,0.5,M,TKN_UGL,"NITROGEN, KJELDAHL",TOTAL,1650,UG/L,,,1.65,MG/L
2003889,OKALOACOOCHEE BRANCH,STORET_21FLSFWM,CR-22.0T," OKALOACOOCHEE BRANCH AT S.R.80,PORT LABELLE",CR-22.0T,26.7627778,-81.4,3235O,07-09-1979 0:00,0.5,M,TKN_UGL,"NITROGEN, KJELDAHL",TOTAL,620,UG/L,,,0.62,MG/L
2003889,OKALOACOOCHEE BRANCH,STORET_21FLSFWM,CR-22.0T," OKALOACOOCHEE BRANCH AT S.R.80,PORT LABELLE",CR-22.0T,26.7627778,-81.4,3235O,7/23/1979 12:00:00 AM,0.5,M,TKN_UGL,"NITROGEN, KJELDAHL",TOTAL,1020,UG/L,,,1.02,MG/L
2003889,OKALOACOOCHEE BRANCH,STORET_21FLSFWM,CR-22.0T," OKALOACOOCHEE BRANCH AT S.R.80,PORT LABELLE",CR-22.0T,26.7627778,-81.4,3235O,8/13/1979 12:00:00 AM,0.5,M,TKN_UGL,"NITROGEN, KJELDAHL",TOTAL,760,UG/L,,,0.76,MG/L
2003889,OKALOACOOCHEE BRANCH,STORET_21FLSFWM,CR-22.0T," OKALOACOOCHEE BRANCH AT S.R.80,PORT LABELLE",CR-22.0T,26.7627778,-81.4,3235O,09-10-1979 0:00,0.5,M,TKN_UGL,"NITROGEN, KJELDAHL",TOTAL,1850,UG/L,,,1.85,MG/L
2003889,OKALOACOOCHEE BRANCH,STORET_21FLSFWM,CR-22.0T," OKALOACOOCHEE BRANCH AT S.R.80,PORT LABELLE",CR-22.0T,26.7627778,-81.4,3235O,10/16/1979 12:00:00 AM,0.5,M,TKN_UGL,"NITROGEN, KJELDAHL",TOTAL,560,UG/L,,,0.56,MG/L
2003889,OKALOACOOCHEE BRANCH,STORET_21FLSFWM,CR-22.0T," OKALOACOOCHEE BRANCH AT S.R.80,PORT LABELLE",CR-22.0T,26.7627778,-81.4,3235O,11-06-1979 0:00,0.5,M,TKN_UGL,"NITROGEN, KJELDAHL",TOTAL,1900,UG/L,,,1.9,MG/L
2003889,OKALOACOOCHEE BRANCH,STORET_21FLSFWM,CR-22.0T," OKALOACOOCHEE BRANCH AT S.R.80,PORT LABELLE",CR-22.0T,26.7627778,-81.4,3235O,12-03-1979 0:00,0.5,M,TKN_UGL,"NITROGEN, KJELDAHL",TOTAL,1360,UG/L,,,1.36,MG/L
2003889,OKALOACOOCHEE BRANCH,STORET_21FLSFWM,CR-22.0T," OKALOACOOCHEE BRANCH AT S.R.80,PORT LABELLE",CR-22.0T,26.7627778,-81.4,3235O,1/15/1980 12:00:00 AM,0.5,M,TKN_UGL,"NITROGEN, KJELDAHL",TOTAL,1400,UG/L,,,1.4,MG/L
2003889,OKALOACOOCHEE BRANCH,STORET_21FLSFWM,CR-22.0T," OKALOACOOCHEE BRANCH AT S.R.80,PORT LABELLE",CR-22.0T,26.7627778,-81.4,3235O,2/19/1980 12:00:00 AM,0.5,M,TKN_UGL,"NITROGEN, KJELDAHL",TOTAL,740,UG/L,,,0.74,MG/L
2003889,OKALOACOOCHEE BRANCH,STORET_21FLSFWM,CR-22.0T," OKALOACOOCHEE BRANCH AT S.R.80,PORT LABELLE",CR-22.0T,26.7627778,-81.4,3235O,3/17/1980 12:00:00 AM,0.5,M,TKN_UGL,"NITROGEN, KJELDAHL",TOTAL,910,UG/L,,,0.91,MG/L
2003889,OKALOACOOCHEE BRANCH,STORET_21FLSFWM,CR-22.0T," OKALOACOOCHEE BRANCH AT S.R.80,PORT LABELLE",CR-22.0T,26.7627778,-81.4,3235O,4/15/1980 12:00:00 AM,0.5,M,TKN_UGL,"NITROGEN, KJELDAHL",TOTAL,1520,UG/L,,,1.52,MG/L
2003889,OKALOACOOCHEE BRANCH,STORET_21FLSFWM,CR-22.0T," OKALOACOOCHEE BRANCH AT S.R.80,PORT LABELLE",CR-22.0T,26.7627778,-81.4,3235O,5/19/1980 12:00:00 AM,0.5,M,TKN_UGL,"NITROGEN, KJELDAHL",TOTAL,1180,UG/L,,,1.18,MG/L
2003889,OKALOACOOCHEE BRANCH,STORET_21FLSFWM,CR-22.0T," OKALOACOOCHEE BRANCH AT S.R.80,PORT LABELLE",CR-22.0T,26.7627778,-81.4,3235O,06-09-1980 0:00,0.5,M,TKN_UGL,"NITROGEN, KJELDAHL",TOTAL,1090,UG/L,,,1.09,MG/L
2003889,OKALOACOOCHEE BRANCH,STORET_21FLSFWM,CR-22.0T," OKALOACOOCHEE BRANCH AT S.R.80,PORT LABELLE",CR-22.0T,26.7627778,-81.4,3235O,7/15/1980 12:00:00 AM,0.5,M,TKN_UGL,"NITROGEN, KJELDAHL",TOTAL,2730,UG/L,,,2.73,MG/L
2003889,OKALOACOOCHEE BRANCH,STORET_21FLSFWM,CR-22.0T," OKALOACOOCHEE BRANCH AT S.R.80,PORT LABELLE",CR-22.0T,26.7627778,-81.4,3235O,9/16/1980 12:00:00 AM,0.5,M,TKN_UGL,"NITROGEN, KJELDAHL",TOTAL,1650,UG/L,,,1.65,MG/L
2003889,OKALOACOOCHEE BRANCH,STORET_21FLSFWM,CR-22.0T," OKALOACOOCHEE BRANCH AT S.R.80,PORT LABELLE",CR-22.0T,26.7627778,-81.4,3235O,10/13/1980 12:00:00 AM,0.5,M,TKN_UGL,"NITROGEN, KJELDAHL",TOTAL,2360,UG/L,,,2.36,MG/L
2003889,OKALOACOOCHEE BRANCH,STORET_21FLSFWM,CR-22.0T," OKALOACOOCHEE BRANCH AT S.R.80,PORT LABELLE",CR-22.0T,26.7627778,-81.4,3235O,11-10-1980 0:00,0.5,M,TKN_UGL,"NITROGEN, KJELDAHL",TOTAL,890,UG/L,,,0.89,MG/L
2003889,OKALOACOOCHEE BRANCH,STORET_21FLSFWM,CR-22.0T," OKALOACOOCHEE BRANCH AT S.R.80,PORT LABELLE",CR-22.0T,26.7627778,-81.4,3235O,12-09-1980 0:00,0.5,M,TKN_UGL,"NITROGEN, KJELDAHL",TOTAL,1160,UG/L,,,1.16,MG/L
