﻿WBodyID,WaterBodyName,DataSource,StationID,StationName,Actual_StationID,Actual_Latitude,Actual_Longitude,DEP_WBID,SampleDate,ActivityDepth,DepthUnits,Parameter,Characteristic,Sample_Fraction,Result_Value,Result_Unit,QACode,Result_Comment,Original_Result_Value,Original_Result_Unit
2003889,OKALOACOOCHEE BRANCH,WIN_21FLSFWM,32275, CRFW09,32275,26.7629,-81.4001,3235O,5/18/2020 11:11:00 AM,0.23,M,TEMPW_F,"TEMPERATURE, WATER",,79.88,DEG F,,,26.6,DEG C
2003889,OKALOACOOCHEE BRANCH,WIN_21FLSFWM,32275, CRFW09,32275,26.7629,-81.4001,3235O,06-01-2020 11:29,0.38,M,TEMPW_F,"TEMPERATURE, WATER",,88.16,DEG F,,,31.2,DEG C
2003889,OKALOACOOCHEE BRANCH,WIN_21FLSFWM,32275, CRFW09,32275,26.7629,-81.4001,3235O,6/15/2020 11:30:00 AM,0.39,M,TEMPW_F,"TEMPERATURE, WATER",,86.54,DEG F,,,30.3,DEG C
2003889,OKALOACOOCHEE BRANCH,WIN_21FLSFWM,32275, CRFW09,32275,26.7629,-81.4001,3235O,6/29/2020 11:07:00 AM,0.33,M,TEMPW_F,"TEMPERATURE, WATER",,89.6,DEG F,,,32,DEG C
2003889,OKALOACOOCHEE BRANCH,WIN_21FLSFWM,32275, CRFW09,32275,26.7629,-81.4001,3235O,7/13/2020 11:32:00 AM,0.41,M,TEMPW_F,"TEMPERATURE, WATER",,87.8,DEG F,,,31,DEG C
2003889,OKALOACOOCHEE BRANCH,WIN_21FLSFWM,32275, CRFW09,32275,26.7629,-81.4001,3235O,7/27/2020 11:37:00 AM,0.4,M,TEMPW_F,"TEMPERATURE, WATER",,87.62,DEG F,,,30.9,DEG C
2003889,OKALOACOOCHEE BRANCH,WIN_21FLSFWM,32275, CRFW09,32275,26.7629,-81.4001,3235O,08-10-2020 11:16,0.42,M,TEMPW_F,"TEMPERATURE, WATER",,86.72,DEG F,,,30.4,DEG C
2003889,OKALOACOOCHEE BRANCH,WIN_21FLSFWM,32275, CRFW09,32275,26.7629,-81.4001,3235O,8/24/2020 11:36:00 AM,0.48,M,TEMPW_F,"TEMPERATURE, WATER",,84.74,DEG F,,,29.3,DEG C
2003889,OKALOACOOCHEE BRANCH,WIN_21FLSFWM,32275, CRFW09,32275,26.7629,-81.4001,3235O,09-08-2020 11:29,0.5,M,TEMPW_F,"TEMPERATURE, WATER",,85.46,DEG F,,,29.7,DEG C
2003889,OKALOACOOCHEE BRANCH,WIN_21FLSFWM,32275, CRFW09,32275,26.7629,-81.4001,3235O,9/21/2020 11:43:00 AM,0.5,M,TEMPW_F,"TEMPERATURE, WATER",,83.84,DEG F,,,28.8,DEG C
2003889,OKALOACOOCHEE BRANCH,WIN_21FLSFWM,32275, CRFW09,32275,26.7629,-81.4001,3235O,10-05-2020 11:22,0.5,M,TEMPW_F,"TEMPERATURE, WATER",,79.16,DEG F,,,26.2,DEG C
2003889,OKALOACOOCHEE BRANCH,WIN_21FLSFWM,32275, CRFW09,32275,26.7629,-81.4001,3235O,10/19/2020 12:16:00 PM,0.5,M,TEMPW_F,"TEMPERATURE, WATER",,80.24,DEG F,,,26.8,DEG C
2003889,OKALOACOOCHEE BRANCH,WIN_21FLSFWM,32275, CRFW09,32275,26.7629,-81.4001,3235O,11-02-2020 11:46,0.38,M,TEMPW_F,"TEMPERATURE, WATER",,79.88,DEG F,,,26.6,DEG C
2003889,OKALOACOOCHEE BRANCH,WIN_21FLSFWM,32275, CRFW09,32275,26.7629,-81.4001,3235O,11/16/2020 11:44:00 AM,0.5,M,TEMPW_F,"TEMPERATURE, WATER",,78.62,DEG F,,,25.9,DEG C
2003889,OKALOACOOCHEE BRANCH,WIN_21FLSFWM,32275, CRFW09,32275,26.7629,-81.4001,3235O,11/30/2020 10:52:00 AM,0.45,M,TEMPW_F,"TEMPERATURE, WATER",,75.2,DEG F,,,24,DEG C
2003889,OKALOACOOCHEE BRANCH,WIN_21FLSFWM,32275, CRFW09,32275,26.7629,-81.4001,3235O,12/14/2020 11:20:00 AM,0.5,M,TEMPW_F,"TEMPERATURE, WATER",,70.7,DEG F,,,21.5,DEG C
2003889,OKALOACOOCHEE BRANCH,WIN_21FLSFWM,32275, CRFW09,32275,26.7629,-81.4001,3235O,12/28/2020 11:05:00 AM,0.3,M,TEMPW_F,"TEMPERATURE, WATER",,63.5,DEG F,,,17.5,DEG C
2003889,OKALOACOOCHEE BRANCH,WIN_21FLSFWM,32275, CRFW09,32275,26.7629,-81.4001,3235O,01-11-2021 12:08,0.41,M,TEMPW_F,"TEMPERATURE, WATER",,66.74,DEG F,,,19.3,DEG C
2003889,OKALOACOOCHEE BRANCH,WIN_21FLSFWM,32275, CRFW09,32275,26.7629,-81.4001,3235O,1/25/2021 11:30:00 AM,0.5,M,TEMPW_F,"TEMPERATURE, WATER",,71.06,DEG F,,,21.7,DEG C
2003889,OKALOACOOCHEE BRANCH,WIN_21FLSFWM,32275, CRFW09,32275,26.7629,-81.4001,3235O,02-08-2021 11:06,0.5,M,TEMPW_F,"TEMPERATURE, WATER",,69.44,DEG F,,,20.8,DEG C
2003889,OKALOACOOCHEE BRANCH,WIN_21FLSFWM,32275, CRFW09,32275,26.7629,-81.4001,3235O,2/22/2021 10:58:00 AM,0.38,M,TEMPW_F,"TEMPERATURE, WATER",,72.86,DEG F,,,22.7,DEG C
2003889,OKALOACOOCHEE BRANCH,WIN_21FLSFWM,32275, CRFW09,32275,26.7629,-81.4001,3235O,3/22/2021 11:34:00 AM,0.43,M,TEMPW_F,"TEMPERATURE, WATER",,72.5,DEG F,,,22.5,DEG C
2003889,OKALOACOOCHEE BRANCH,WIN_21FLSFWM,32275, CRFW09,32275,26.7629,-81.4001,3235O,04-05-2021 11:15,0.46,M,TEMPW_F,"TEMPERATURE, WATER",,70.88,DEG F,,,21.6,DEG C
2003889,OKALOACOOCHEE BRANCH,WIN_21FLSFWM,32275, CRFW09,32275,26.7629,-81.4001,3235O,4/19/2021 10:21:00 AM,0.28,M,TEMPW_F,"TEMPERATURE, WATER",,80.42,DEG F,,,26.9,DEG C
2003889,OKALOACOOCHEE BRANCH,WIN_21FLSFWM,32275, CRFW09,32275,26.7629,-81.4001,3235O,05-03-2021 10:54,0.3,M,TEMPW_F,"TEMPERATURE, WATER",,83.66,DEG F,,,28.7,DEG C
2003889,OKALOACOOCHEE BRANCH,WIN_21FLFTM,G3SD0099, OKALOACOOCHEE BRANCH @ EUCALYPTUS,G3SD0099,26.75602,-81.39836,3235O,1/24/2018 9:10:00 AM,0.15,M,TEMPW_F,"TEMPERATURE, WATER",,68.9,DEG F,,,20.5,DEG C
2003889,OKALOACOOCHEE BRANCH,WIN_21FLFTM,G3SD0099, OKALOACOOCHEE BRANCH @ EUCALYPTUS,G3SD0099,26.75602,-81.39836,3235O,03-05-2018 10:10,0.15,M,TEMPW_F,"TEMPERATURE, WATER",,65.12,DEG F,,,18.4,DEG C
2003889,OKALOACOOCHEE BRANCH,WIN_21FLFTM,G3SD0099, OKALOACOOCHEE BRANCH @ EUCALYPTUS,G3SD0099,26.75602,-81.39836,3235O,5/15/2018 11:55:00 AM,0.15,M,TEMPW_F,"TEMPERATURE, WATER",,82.04,DEG F,,,27.8,DEG C
2003889,OKALOACOOCHEE BRANCH,WIN_21FLFTM,G3SD0099, OKALOACOOCHEE BRANCH @ EUCALYPTUS,G3SD0099,26.75602,-81.39836,3235O,06-07-2018 9:00,0.15,M,TEMPW_F,"TEMPERATURE, WATER",,80.618,DEG F,,,27.01,DEG C
2003889,OKALOACOOCHEE BRANCH,WIN_21FLFTM,G3SD0099, OKALOACOOCHEE BRANCH @ EUCALYPTUS,G3SD0099,26.75602,-81.39836,3235O,7/24/2018 12:30:00 PM,0.2,M,TEMPW_F,"TEMPERATURE, WATER",,85.622,DEG F,,,29.79,DEG C
2003889,OKALOACOOCHEE BRANCH,WIN_21FLFTM,G3SD0099, OKALOACOOCHEE BRANCH @ EUCALYPTUS,G3SD0099,26.75602,-81.39836,3235O,09-11-2018 14:00,0.1,M,TEMPW_F,"TEMPERATURE, WATER",,89.78,DEG F,,,32.1,DEG C
2003889,OKALOACOOCHEE BRANCH,WIN_21FLFTM,G3SD0099, OKALOACOOCHEE BRANCH @ EUCALYPTUS,G3SD0099,26.75602,-81.39836,3235O,12-12-2018 15:10,0.2,M,TEMPW_F,"TEMPERATURE, WATER",,69.404,DEG F,,,20.78,DEG C
2003889,OKALOACOOCHEE BRANCH,WIN_21FLFTM,G3SD0099, OKALOACOOCHEE BRANCH @ EUCALYPTUS,G3SD0099,26.75602,-81.39836,3235O,04-09-2019 10:00,0.2,M,TEMPW_F,"TEMPERATURE, WATER",,76.64,DEG F,,,24.8,DEG C
2003889,OKALOACOOCHEE BRANCH,WIN_21FLFTM,G3SD0099, OKALOACOOCHEE BRANCH @ EUCALYPTUS,G3SD0099,26.75602,-81.39836,3235O,05-07-2019 10:40,0.1,M,TEMPW_F,"TEMPERATURE, WATER",,81.5,DEG F,,,27.5,DEG C
2003889,OKALOACOOCHEE BRANCH,WIN_21FLFTM,G3SD0099, OKALOACOOCHEE BRANCH @ EUCALYPTUS,G3SD0099,26.75602,-81.39836,3235O,6/24/2019 10:15:00 AM,0.15,M,TEMPW_F,"TEMPERATURE, WATER",,86,DEG F,,,30,DEG C
2003889,OKALOACOOCHEE BRANCH,WIN_21FLFTM,G3SD0099, OKALOACOOCHEE BRANCH @ EUCALYPTUS,G3SD0099,26.75602,-81.39836,3235O,7/15/2019 11:00:00 AM,0.1,M,TEMPW_F,"TEMPERATURE, WATER",,86.09,DEG F,,,30.05,DEG C
2003889,OKALOACOOCHEE BRANCH,WIN_21FLFTM,G3SD0099, OKALOACOOCHEE BRANCH @ EUCALYPTUS,G3SD0099,26.75602,-81.39836,3235O,10-02-2019 10:25,0.1,M,TEMPW_F,"TEMPERATURE, WATER",,78.8,DEG F,,,26,DEG C
2003889,OKALOACOOCHEE BRANCH,STORET_21FLFTM,CALUSA0044FTM, OKALOACOOCHEE BRANCH AT EUCALYPTUS BLVD,CALUSA0044FTM,26.75183,-81.39468,3235O,2/14/2013 12:00:00 AM,0.152439,M,TEMPW_F,"TEMPERATURE, WATER",,72.752,DEG F,,WATER INSTITUTE CALCULATED,,
2003889,OKALOACOOCHEE BRANCH,STORET_21FLFTM,CALUSA0044FTM, OKALOACOOCHEE BRANCH AT EUCALYPTUS BLVD,CALUSA0044FTM,26.75183,-81.39468,3235O,04-03-2013 0:00,0.152439,M,TEMPW_F,"TEMPERATURE, WATER",,78.926,DEG F,,WATER INSTITUTE CALCULATED,,
2003889,OKALOACOOCHEE BRANCH,STORET_21FLFTM,CALUSA0044FTM, OKALOACOOCHEE BRANCH AT EUCALYPTUS BLVD,CALUSA0044FTM,26.75183,-81.39468,3235O,6/26/2013 12:00:00 AM,0.152439,M,TEMPW_F,"TEMPERATURE, WATER",,86.288,DEG F,,WATER INSTITUTE CALCULATED,,
2003889,OKALOACOOCHEE BRANCH,STORET_21FLFTM,CALUSA0044FTM, OKALOACOOCHEE BRANCH AT EUCALYPTUS BLVD,CALUSA0044FTM,26.75183,-81.39468,3235O,8/20/2013 12:00:00 AM,0.152439,M,TEMPW_F,"TEMPERATURE, WATER",,83.57,DEG F,,WATER INSTITUTE CALCULATED,,
2003889,OKALOACOOCHEE BRANCH,WIN_21FLFTM,CALUSA0051FTM, OKALOACOOCHEE BRANCH AT EUCALYPTUS BLVD,CALUSA0051FTM,26.75602,-81.39836,3235O,4/24/2017 10:50:00 AM,0.15,M,TEMPW_F,"TEMPERATURE, WATER",,79.52,DEG F,,,26.4,DEG C
2003889,OKALOACOOCHEE BRANCH,WIN_21FLFTM,CALUSA0051FTM, OKALOACOOCHEE BRANCH AT EUCALYPTUS BLVD,CALUSA0051FTM,26.75602,-81.39836,3235O,07-12-2017 9:40,0.2,M,TEMPW_F,"TEMPERATURE, WATER",,82.4,DEG F,,,28,DEG C
2003889,OKALOACOOCHEE BRANCH,WIN_21FLFTM,CALUSA0051FTM, OKALOACOOCHEE BRANCH AT EUCALYPTUS BLVD,CALUSA0051FTM,26.75602,-81.39836,3235O,8/28/2017 11:00:00 AM,0.15,M,TEMPW_F,"TEMPERATURE, WATER",,81.14,DEG F,,,27.3,DEG C
2003889,OKALOACOOCHEE BRANCH,WIN_21FLFTM,CALUSA0051FTM, OKALOACOOCHEE BRANCH AT EUCALYPTUS BLVD,CALUSA0051FTM,26.75602,-81.39836,3235O,10/17/2017 2:10:00 PM,0.2,M,TEMPW_F,"TEMPERATURE, WATER",,85.1,DEG F,,,29.5,DEG C
2003889,OKALOACOOCHEE BRANCH,WIN_21FLFTM,CALUSA0051FTM, OKALOACOOCHEE BRANCH AT EUCALYPTUS BLVD,CALUSA0051FTM,26.75602,-81.39836,3235O,11/14/2017 1:50:00 PM,0.1,M,TEMPW_F,"TEMPERATURE, WATER",,80.24,DEG F,,,26.8,DEG C
2003889,OKALOACOOCHEE BRANCH,STORET_21FLFTM,CALUSA0051FTM, OKALOACOOCHEE BRANCH AT EUCALYPTUS BLVD.,CALUSA0051FTM,26.75601,-81.39836,3235O,2/14/2013 12:00:00 AM,0.152439,M,TEMPW_F,"TEMPERATURE, WATER",,73.22,DEG F,,WATER INSTITUTE CALCULATED,,
2003889,OKALOACOOCHEE BRANCH,STORET_21FLFTM,CALUSA0051FTM, OKALOACOOCHEE BRANCH AT EUCALYPTUS BLVD.,CALUSA0051FTM,26.75601,-81.39836,3235O,04-03-2013 0:00,0.152439,M,TEMPW_F,"TEMPERATURE, WATER",,78.566,DEG F,,WATER INSTITUTE CALCULATED,,
2003889,OKALOACOOCHEE BRANCH,STORET_21FLFTM,CALUSA0051FTM, OKALOACOOCHEE BRANCH AT EUCALYPTUS BLVD.,CALUSA0051FTM,26.75601,-81.39836,3235O,6/26/2013 12:00:00 AM,0.152439,M,TEMPW_F,"TEMPERATURE, WATER",,86.63,DEG F,,WATER INSTITUTE CALCULATED,,
2003889,OKALOACOOCHEE BRANCH,STORET_21FLFTM,CALUSA0051FTM, OKALOACOOCHEE BRANCH AT EUCALYPTUS BLVD.,CALUSA0051FTM,26.75601,-81.39836,3235O,8/20/2013 12:00:00 AM,0.152439,M,TEMPW_F,"TEMPERATURE, WATER",,83.93,DEG F,,WATER INSTITUTE CALCULATED,,
2003889,OKALOACOOCHEE BRANCH,STORET_21FLFTM,CALUSA0051FTM, OKALOACOOCHEE BRANCH AT EUCALYPTUS BLVD.,CALUSA0051FTM,26.75601,-81.39836,3235O,9/19/2013 12:00:00 AM,0.152439,M,TEMPW_F,"TEMPERATURE, WATER",,81.302,DEG F,,WATER INSTITUTE CALCULATED,,
2003889,OKALOACOOCHEE BRANCH,STORET_21FLFTM,CALUSA0051FTM, OKALOACOOCHEE BRANCH AT EUCALYPTUS BLVD.,CALUSA0051FTM,26.75601,-81.39836,3235O,10/16/2013 12:00:00 AM,0.152439,M,TEMPW_F,"TEMPERATURE, WATER",,75.974,DEG F,,WATER INSTITUTE CALCULATED,,
2003889,OKALOACOOCHEE BRANCH,STORET_21FLFTM,CALUSA0051FTM, OKALOACOOCHEE BRANCH AT EUCALYPTUS BLVD.,CALUSA0051FTM,26.75601,-81.39836,3235O,3/15/2016 12:00:00 AM,0.3,M,TEMPW_F,"TEMPERATURE, WATER",,84.38,DEG F,,WATER INSTITUTE CALCULATED,,
2003889,OKALOACOOCHEE BRANCH,STORET_21FLFTM,CALUSA0051FTM, OKALOACOOCHEE BRANCH AT EUCALYPTUS BLVD.,CALUSA0051FTM,26.75601,-81.39836,3235O,6/27/2016 12:00:00 AM,0.3,M,TEMPW_F,"TEMPERATURE, WATER",,83.3,DEG F,,WATER INSTITUTE CALCULATED,,
2003889,OKALOACOOCHEE BRANCH,STORET_21FLFTM,CALUSA0051FTM, OKALOACOOCHEE BRANCH AT EUCALYPTUS BLVD.,CALUSA0051FTM,26.75601,-81.39836,3235O,9/20/2016 12:00:00 AM,0.3,M,TEMPW_F,"TEMPERATURE, WATER",,82.4,DEG F,,WATER INSTITUTE CALCULATED,,
2003889,OKALOACOOCHEE BRANCH,STORET_21FLFTM,CALUSA0051FTM, OKALOACOOCHEE BRANCH AT EUCALYPTUS BLVD.,CALUSA0051FTM,26.75601,-81.39836,3235O,10/18/2016 12:00:00 AM,0.3,M,TEMPW_F,"TEMPERATURE, WATER",,82.76,DEG F,,WATER INSTITUTE CALCULATED,,
2003889,OKALOACOOCHEE BRANCH,STORET_21FLFTM,CALUSA0051FTM, OKALOACOOCHEE BRANCH AT EUCALYPTUS BLVD.,CALUSA0051FTM,26.75601,-81.39836,3235O,12/14/2016 12:00:00 AM,0.3,M,TEMPW_F,"TEMPERATURE, WATER",,75.56,DEG F,,WATER INSTITUTE CALCULATED,,
2003889,OKALOACOOCHEE BRANCH,STORET_21FLFTM,CALUSA0051FTM, OKALOACOOCHEE BRANCH AT EUCALYPTUS BLVD.,CALUSA0051FTM,26.75601,-81.39836,3235O,07-12-2017 0:00,0.2,M,TEMPW_F,"TEMPERATURE, WATER",,82.4,DEG F,,WATER INSTITUTE CALCULATED,,
2003889,OKALOACOOCHEE BRANCH,STORET_21FLSFWM,CR-22.0T," OKALOACOOCHEE BRANCH AT S.R.80,PORT LABELLE",CR-22.0T,26.7627778,-81.4,3235O,01-11-1978 0:00,0.5,M,TEMPW_F,"TEMPERATURE, WATER",,62.06,DEG F,,WATER INSTITUTE CALCULATED,,
2003889,OKALOACOOCHEE BRANCH,STORET_21FLSFWM,CR-22.0T," OKALOACOOCHEE BRANCH AT S.R.80,PORT LABELLE",CR-22.0T,26.7627778,-81.4,3235O,02-08-1978 0:00,0.5,M,TEMPW_F,"TEMPERATURE, WATER",,60.62,DEG F,,WATER INSTITUTE CALCULATED,,
2003889,OKALOACOOCHEE BRANCH,STORET_21FLSFWM,CR-22.0T," OKALOACOOCHEE BRANCH AT S.R.80,PORT LABELLE",CR-22.0T,26.7627778,-81.4,3235O,03-08-1978 0:00,0.5,M,TEMPW_F,"TEMPERATURE, WATER",,77,DEG F,,WATER INSTITUTE CALCULATED,,
2003889,OKALOACOOCHEE BRANCH,STORET_21FLSFWM,CR-22.0T," OKALOACOOCHEE BRANCH AT S.R.80,PORT LABELLE",CR-22.0T,26.7627778,-81.4,3235O,4/19/1978 12:00:00 AM,0.5,M,TEMPW_F,"TEMPERATURE, WATER",,86.36,DEG F,,WATER INSTITUTE CALCULATED,,
2003889,OKALOACOOCHEE BRANCH,STORET_21FLSFWM,CR-22.0T," OKALOACOOCHEE BRANCH AT S.R.80,PORT LABELLE",CR-22.0T,26.7627778,-81.4,3235O,05-03-1978 0:00,0.5,M,TEMPW_F,"TEMPERATURE, WATER",,88.7,DEG F,,WATER INSTITUTE CALCULATED,,
2003889,OKALOACOOCHEE BRANCH,STORET_21FLSFWM,CR-22.0T," OKALOACOOCHEE BRANCH AT S.R.80,PORT LABELLE",CR-22.0T,26.7627778,-81.4,3235O,5/17/1978 12:00:00 AM,0.5,M,TEMPW_F,"TEMPERATURE, WATER",,83.84,DEG F,,WATER INSTITUTE CALCULATED,,
2003889,OKALOACOOCHEE BRANCH,STORET_21FLSFWM,CR-22.0T," OKALOACOOCHEE BRANCH AT S.R.80,PORT LABELLE",CR-22.0T,26.7627778,-81.4,3235O,06-08-1978 0:00,0.5,M,TEMPW_F,"TEMPERATURE, WATER",,90.32,DEG F,,WATER INSTITUTE CALCULATED,,
2003889,OKALOACOOCHEE BRANCH,STORET_21FLSFWM,CR-22.0T," OKALOACOOCHEE BRANCH AT S.R.80,PORT LABELLE",CR-22.0T,26.7627778,-81.4,3235O,07-12-1978 0:00,0.5,M,TEMPW_F,"TEMPERATURE, WATER",,89.06,DEG F,,WATER INSTITUTE CALCULATED,,
2003889,OKALOACOOCHEE BRANCH,STORET_21FLSFWM,CR-22.0T," OKALOACOOCHEE BRANCH AT S.R.80,PORT LABELLE",CR-22.0T,26.7627778,-81.4,3235O,08-09-1978 0:00,0.5,M,TEMPW_F,"TEMPERATURE, WATER",,86.9,DEG F,,WATER INSTITUTE CALCULATED,,
2003889,OKALOACOOCHEE BRANCH,STORET_21FLSFWM,CR-22.0T," OKALOACOOCHEE BRANCH AT S.R.80,PORT LABELLE",CR-22.0T,26.7627778,-81.4,3235O,9/13/1978 12:00:00 AM,0.5,M,TEMPW_F,"TEMPERATURE, WATER",,85.46,DEG F,,WATER INSTITUTE CALCULATED,,
2003889,OKALOACOOCHEE BRANCH,STORET_21FLSFWM,CR-22.0T," OKALOACOOCHEE BRANCH AT S.R.80,PORT LABELLE",CR-22.0T,26.7627778,-81.4,3235O,10/17/1978 12:00:00 AM,0.5,M,TEMPW_F,"TEMPERATURE, WATER",,74.3,DEG F,,WATER INSTITUTE CALCULATED,,
2003889,OKALOACOOCHEE BRANCH,STORET_21FLSFWM,CR-22.0T," OKALOACOOCHEE BRANCH AT S.R.80,PORT LABELLE",CR-22.0T,26.7627778,-81.4,3235O,11-06-1978 0:00,0.5,M,TEMPW_F,"TEMPERATURE, WATER",,69.44,DEG F,,WATER INSTITUTE CALCULATED,,
2003889,OKALOACOOCHEE BRANCH,STORET_21FLSFWM,CR-22.0T," OKALOACOOCHEE BRANCH AT S.R.80,PORT LABELLE",CR-22.0T,26.7627778,-81.4,3235O,12/13/1978 12:00:00 AM,0.5,M,TEMPW_F,"TEMPERATURE, WATER",,68.36,DEG F,,WATER INSTITUTE CALCULATED,,
2003889,OKALOACOOCHEE BRANCH,STORET_21FLSFWM,CR-22.0T," OKALOACOOCHEE BRANCH AT S.R.80,PORT LABELLE",CR-22.0T,26.7627778,-81.4,3235O,1/15/1979 12:00:00 AM,0.5,M,TEMPW_F,"TEMPERATURE, WATER",,64.04,DEG F,,WATER INSTITUTE CALCULATED,,
2003889,OKALOACOOCHEE BRANCH,STORET_21FLSFWM,CR-22.0T," OKALOACOOCHEE BRANCH AT S.R.80,PORT LABELLE",CR-22.0T,26.7627778,-81.4,3235O,02-12-1979 0:00,0.5,M,TEMPW_F,"TEMPERATURE, WATER",,61.16,DEG F,,WATER INSTITUTE CALCULATED,,
2003889,OKALOACOOCHEE BRANCH,STORET_21FLSFWM,CR-22.0T," OKALOACOOCHEE BRANCH AT S.R.80,PORT LABELLE",CR-22.0T,26.7627778,-81.4,3235O,03-12-1979 0:00,0.5,M,TEMPW_F,"TEMPERATURE, WATER",,65.12,DEG F,,WATER INSTITUTE CALCULATED,,
2003889,OKALOACOOCHEE BRANCH,STORET_21FLSFWM,CR-22.0T," OKALOACOOCHEE BRANCH AT S.R.80,PORT LABELLE",CR-22.0T,26.7627778,-81.4,3235O,04-02-1979 0:00,0.5,M,TEMPW_F,"TEMPERATURE, WATER",,73.76,DEG F,,WATER INSTITUTE CALCULATED,,
2003889,OKALOACOOCHEE BRANCH,STORET_21FLSFWM,CR-22.0T," OKALOACOOCHEE BRANCH AT S.R.80,PORT LABELLE",CR-22.0T,26.7627778,-81.4,3235O,4/16/1979 12:00:00 AM,0.5,M,TEMPW_F,"TEMPERATURE, WATER",,74.66,DEG F,,WATER INSTITUTE CALCULATED,,
2003889,OKALOACOOCHEE BRANCH,STORET_21FLSFWM,CR-22.0T," OKALOACOOCHEE BRANCH AT S.R.80,PORT LABELLE",CR-22.0T,26.7627778,-81.4,3235O,05-01-1979 0:00,0.5,M,TEMPW_F,"TEMPERATURE, WATER",,80.24,DEG F,,WATER INSTITUTE CALCULATED,,
2003889,OKALOACOOCHEE BRANCH,STORET_21FLSFWM,CR-22.0T," OKALOACOOCHEE BRANCH AT S.R.80,PORT LABELLE",CR-22.0T,26.7627778,-81.4,3235O,5/14/1979 12:00:00 AM,0.5,M,TEMPW_F,"TEMPERATURE, WATER",,80.42,DEG F,,WATER INSTITUTE CALCULATED,,
2003889,OKALOACOOCHEE BRANCH,STORET_21FLSFWM,CR-22.0T," OKALOACOOCHEE BRANCH AT S.R.80,PORT LABELLE",CR-22.0T,26.7627778,-81.4,3235O,5/31/1979 12:00:00 AM,0.5,M,TEMPW_F,"TEMPERATURE, WATER",,81.14,DEG F,,WATER INSTITUTE CALCULATED,,
2003889,OKALOACOOCHEE BRANCH,STORET_21FLSFWM,CR-22.0T," OKALOACOOCHEE BRANCH AT S.R.80,PORT LABELLE",CR-22.0T,26.7627778,-81.4,3235O,06-11-1979 0:00,0.5,M,TEMPW_F,"TEMPERATURE, WATER",,81.14,DEG F,,WATER INSTITUTE CALCULATED,,
2003889,OKALOACOOCHEE BRANCH,STORET_21FLSFWM,CR-22.0T," OKALOACOOCHEE BRANCH AT S.R.80,PORT LABELLE",CR-22.0T,26.7627778,-81.4,3235O,6/25/1979 12:00:00 AM,0.5,M,TEMPW_F,"TEMPERATURE, WATER",,83.84,DEG F,,WATER INSTITUTE CALCULATED,,
2003889,OKALOACOOCHEE BRANCH,STORET_21FLSFWM,CR-22.0T," OKALOACOOCHEE BRANCH AT S.R.80,PORT LABELLE",CR-22.0T,26.7627778,-81.4,3235O,07-09-1979 0:00,0.5,M,TEMPW_F,"TEMPERATURE, WATER",,84.74,DEG F,,WATER INSTITUTE CALCULATED,,
2003889,OKALOACOOCHEE BRANCH,STORET_21FLSFWM,CR-22.0T," OKALOACOOCHEE BRANCH AT S.R.80,PORT LABELLE",CR-22.0T,26.7627778,-81.4,3235O,7/23/1979 12:00:00 AM,0.5,M,TEMPW_F,"TEMPERATURE, WATER",,83.66,DEG F,,WATER INSTITUTE CALCULATED,,
2003889,OKALOACOOCHEE BRANCH,STORET_21FLSFWM,CR-22.0T," OKALOACOOCHEE BRANCH AT S.R.80,PORT LABELLE",CR-22.0T,26.7627778,-81.4,3235O,8/13/1979 12:00:00 AM,0.5,M,TEMPW_F,"TEMPERATURE, WATER",,82.22,DEG F,,WATER INSTITUTE CALCULATED,,
2003889,OKALOACOOCHEE BRANCH,STORET_21FLSFWM,CR-22.0T," OKALOACOOCHEE BRANCH AT S.R.80,PORT LABELLE",CR-22.0T,26.7627778,-81.4,3235O,09-10-1979 0:00,0.5,M,TEMPW_F,"TEMPERATURE, WATER",,80.6,DEG F,,WATER INSTITUTE CALCULATED,,
2003889,OKALOACOOCHEE BRANCH,STORET_21FLSFWM,CR-22.0T," OKALOACOOCHEE BRANCH AT S.R.80,PORT LABELLE",CR-22.0T,26.7627778,-81.4,3235O,11-06-1979 0:00,0.5,M,TEMPW_F,"TEMPERATURE, WATER",,75.92,DEG F,,WATER INSTITUTE CALCULATED,,
2003889,OKALOACOOCHEE BRANCH,STORET_21FLSFWM,CR-22.0T," OKALOACOOCHEE BRANCH AT S.R.80,PORT LABELLE",CR-22.0T,26.7627778,-81.4,3235O,12-03-1979 0:00,0.5,M,TEMPW_F,"TEMPERATURE, WATER",,61.52,DEG F,,WATER INSTITUTE CALCULATED,,
2003889,OKALOACOOCHEE BRANCH,STORET_21FLSFWM,CR-22.0T," OKALOACOOCHEE BRANCH AT S.R.80,PORT LABELLE",CR-22.0T,26.7627778,-81.4,3235O,1/15/1980 12:00:00 AM,0.5,M,TEMPW_F,"TEMPERATURE, WATER",,75.2,DEG F,,WATER INSTITUTE CALCULATED,,
2003889,OKALOACOOCHEE BRANCH,STORET_21FLSFWM,CR-22.0T," OKALOACOOCHEE BRANCH AT S.R.80,PORT LABELLE",CR-22.0T,26.7627778,-81.4,3235O,2/19/1980 12:00:00 AM,0.5,M,TEMPW_F,"TEMPERATURE, WATER",,64.94,DEG F,,WATER INSTITUTE CALCULATED,,
2003889,OKALOACOOCHEE BRANCH,STORET_21FLSFWM,CR-22.0T," OKALOACOOCHEE BRANCH AT S.R.80,PORT LABELLE",CR-22.0T,26.7627778,-81.4,3235O,3/17/1980 12:00:00 AM,0.5,M,TEMPW_F,"TEMPERATURE, WATER",,72.68,DEG F,,WATER INSTITUTE CALCULATED,,
2003889,OKALOACOOCHEE BRANCH,STORET_21FLSFWM,CR-22.0T," OKALOACOOCHEE BRANCH AT S.R.80,PORT LABELLE",CR-22.0T,26.7627778,-81.4,3235O,4/15/1980 12:00:00 AM,0.5,M,TEMPW_F,"TEMPERATURE, WATER",,74.48,DEG F,,WATER INSTITUTE CALCULATED,,
2003889,OKALOACOOCHEE BRANCH,STORET_21FLSFWM,CR-22.0T," OKALOACOOCHEE BRANCH AT S.R.80,PORT LABELLE",CR-22.0T,26.7627778,-81.4,3235O,5/19/1980 12:00:00 AM,0.5,M,TEMPW_F,"TEMPERATURE, WATER",,83.3,DEG F,,WATER INSTITUTE CALCULATED,,
2003889,OKALOACOOCHEE BRANCH,STORET_21FLSFWM,CR-22.0T," OKALOACOOCHEE BRANCH AT S.R.80,PORT LABELLE",CR-22.0T,26.7627778,-81.4,3235O,06-09-1980 0:00,0.5,M,TEMPW_F,"TEMPERATURE, WATER",,80.96,DEG F,,WATER INSTITUTE CALCULATED,,
2003889,OKALOACOOCHEE BRANCH,STORET_21FLSFWM,CR-22.0T," OKALOACOOCHEE BRANCH AT S.R.80,PORT LABELLE",CR-22.0T,26.7627778,-81.4,3235O,7/15/1980 12:00:00 AM,0.5,M,TEMPW_F,"TEMPERATURE, WATER",,85.46,DEG F,,WATER INSTITUTE CALCULATED,,
2003889,OKALOACOOCHEE BRANCH,STORET_21FLSFWM,CR-22.0T," OKALOACOOCHEE BRANCH AT S.R.80,PORT LABELLE",CR-22.0T,26.7627778,-81.4,3235O,8/18/1980 12:00:00 AM,0.5,M,TEMPW_F,"TEMPERATURE, WATER",,86,DEG F,,WATER INSTITUTE CALCULATED,,
2003889,OKALOACOOCHEE BRANCH,STORET_21FLSFWM,CR-22.0T," OKALOACOOCHEE BRANCH AT S.R.80,PORT LABELLE",CR-22.0T,26.7627778,-81.4,3235O,9/16/1980 12:00:00 AM,0.5,M,TEMPW_F,"TEMPERATURE, WATER",,81.68,DEG F,,WATER INSTITUTE CALCULATED,,
2003889,OKALOACOOCHEE BRANCH,STORET_21FLSFWM,CR-22.0T," OKALOACOOCHEE BRANCH AT S.R.80,PORT LABELLE",CR-22.0T,26.7627778,-81.4,3235O,10/13/1980 12:00:00 AM,0.5,M,TEMPW_F,"TEMPERATURE, WATER",,76.46,DEG F,,WATER INSTITUTE CALCULATED,,
2003889,OKALOACOOCHEE BRANCH,STORET_21FLSFWM,CR-22.0T," OKALOACOOCHEE BRANCH AT S.R.80,PORT LABELLE",CR-22.0T,26.7627778,-81.4,3235O,11-10-1980 0:00,0.5,M,TEMPW_F,"TEMPERATURE, WATER",,74.84,DEG F,,WATER INSTITUTE CALCULATED,,
2003889,OKALOACOOCHEE BRANCH,STORET_21FLSFWM,CR-22.0T," OKALOACOOCHEE BRANCH AT S.R.80,PORT LABELLE",CR-22.0T,26.7627778,-81.4,3235O,12-09-1980 0:00,0.5,M,TEMPW_F,"TEMPERATURE, WATER",,68.72,DEG F,,WATER INSTITUTE CALCULATED,,
2003889,OKALOACOOCHEE BRANCH,STORET_21FLFTM,CALUSA0052FTM, OKALOACOOCHEE BRANCH AT SR 80,CALUSA0052FTM,26.76271,-81.40001,3235O,2/14/2013 12:00:00 AM,0.152439,M,TEMPW_F,"TEMPERATURE, WATER",,73.148,DEG F,,WATER INSTITUTE CALCULATED,,
2003889,OKALOACOOCHEE BRANCH,STORET_21FLFTM,CALUSA0052FTM, OKALOACOOCHEE BRANCH AT SR 80,CALUSA0052FTM,26.76271,-81.40001,3235O,04-03-2013 0:00,0.152439,M,TEMPW_F,"TEMPERATURE, WATER",,75.542,DEG F,,WATER INSTITUTE CALCULATED,,
2003889,OKALOACOOCHEE BRANCH,STORET_21FLFTM,CALUSA0052FTM, OKALOACOOCHEE BRANCH AT SR 80,CALUSA0052FTM,26.76271,-81.40001,3235O,6/26/2013 12:00:00 AM,0.152439,M,TEMPW_F,"TEMPERATURE, WATER",,87.638,DEG F,,WATER INSTITUTE CALCULATED,,
2003889,OKALOACOOCHEE BRANCH,STORET_21FLFTM,CALUSA0052FTM, OKALOACOOCHEE BRANCH AT SR 80,CALUSA0052FTM,26.76271,-81.40001,3235O,8/20/2013 12:00:00 AM,0.152439,M,TEMPW_F,"TEMPERATURE, WATER",,84.488,DEG F,,WATER INSTITUTE CALCULATED,,
2003889,OKALOACOOCHEE BRANCH,STORET_21FLFTM,CALUSA0052FTM, OKALOACOOCHEE BRANCH AT SR 80,CALUSA0052FTM,26.76271,-81.40001,3235O,9/19/2013 12:00:00 AM,0.152439,M,TEMPW_F,"TEMPERATURE, WATER",,80.834,DEG F,,WATER INSTITUTE CALCULATED,,
2003889,OKALOACOOCHEE BRANCH,STORET_21FLFTM,CALUSA0052FTM, OKALOACOOCHEE BRANCH AT SR 80,CALUSA0052FTM,26.76271,-81.40001,3235O,10/16/2013 12:00:00 AM,0.152439,M,TEMPW_F,"TEMPERATURE, WATER",,80.744,DEG F,,WATER INSTITUTE CALCULATED,,
