index,Name,State,EconomyRanking,Economy,SafetyRanking,Safety,Magnitude,Income,CostOfLiving,StateCOL,Crime,Population,RelocationNumber,COLIsEstimated,IncomeRanking,COLRanking,CrimeRanking,PopulationRanking
111,Stamford,CT,4.0,775.9815436241611,10.0,26.43720430107527,10.770329614269007,92497,119.2,119.5,4650,122933,192.0,F,5.0,438.0,191.0,112.0
124,Midland,MI,5.0,751.3103448275862,12.0,25.665394402035624,13.0,65364,87.0,91.4,1572,40346,63.0,F,69.0,76.5,54.0,290.0
187,Minot,ND,12.0,736.3175303197354,15.0,23.256029684601117,19.209372712298546,66784,90.7,97.8,1617,37605,59.0,F,54.0,187.5,56.0,303.0
57,Truckee,CA,26.0,704.0662650602409,5.0,35.16204690831557,26.476404589747453,93500,132.8,146.9,469,16491,26.0,F,4.0,449.0,6.0,418.0
247,Rochester,MN,8.0,748.8283658787257,26.0,20.739928909952607,27.202941017470888,72861,97.3,99.6,5064,105027,164.0,F,29.0,306.5,215.5,132.0
249,Daphne,AL,11.0,739.896480331263,27.0,20.679752066115704,29.154759474226502,71474,96.6,88.6,968,20018,31.0,F,33.0,298.5,21.0,402.0
272,Provo,UT,13.0,729.8216055500495,32.0,20.0125786163522,34.539832078341085,73639,100.9,101.5,5883,117734,184.0,F,26.0,351.5,241.0,114.0
323,San Jose,CA,18.0,718.8703170028818,36.0,19.10960549898568,40.24922359499622,124724,173.5,146.9,50773,970252,1517.0,F,1.0,460.0,428.0,10.0
198,Jefferson,GA,43.0,677.9774127310061,14.0,23.723342939481267,45.221676218380054,66035,97.4,89.8,347,8232,13.0,F,60.0,309.0,2.0,458.0
352,Appleton,WI,37.0,687.3208379272326,39.0,18.430277849909118,53.75872022286245,62340,90.7,95.5,3851,70975,111.0,F,86.0,187.5,173.0,190.0
342,Bismarck,ND,41.0,682.2341568206231,38.0,18.782430453879943,55.90169943749474,63516,93.1,97.8,3415,64142,100.0,F,80.0,251.0,144.0,203.0
544,Bloomington,IL,24.0,707.6516853932584,64.0,15.805998723675811,68.35202996254024,62981,89.0,90.5,4701,74304,116.0,F,84.0,151.0,195.0,181.0
433,Ann Arbor,MI,57.0,659.5266868076536,47.0,17.287283415841586,73.87827826905551,65491,99.3,91.4,6464,111745,175.0,F,66.5,331.5,261.0,125.0
511,Fargo,ND,49.0,667.8665207877461,60.0,16.220956719817767,77.46612162745726,61043,91.4,97.8,6146,99694,156.0,F,97.0,219.5,250.0,143.0
457,Green Bay,WI,64.0,649.9234135667396,51.0,17.068733153638814,81.83520025025906,59403,91.4,95.5,5936,101320,158.0,F,113.0,219.5,246.0,140.0
681,Raleigh,NC,2.0,798.716148445336,88.0,14.211221345613382,88.02272433866155,79632,99.7,96.4,29533,419700,656.0,F,12.0,338.5,405.0,39.0
595,Virginia Beach,VA,58.0,658.2020202020202,71.0,15.436236144066296,91.67878707749138,65162,99.0,98.1,28237,435873,682.0,F,72.0,328.0,400.0,37.0
485,Fond du Lac,WI,84.0,633.0795454545455,53.0,16.79310344827586,99.32270636667126,55711,88.0,95.5,2523,42369,66.0,F,162.0,107.5,100.0,274.0
732,Midland,TX,3.0,788.0061349693252,100.0,13.681121495327105,100.04498987955368,77067,97.8,92.6,8025,109791,172.0,F,20.0,314.5,297.0,126.0
703,Holland,MI,47.0,671.2577962577963,89.0,14.21114864864865,100.64790112068906,64575,96.2,91.4,2368,33652,53.0,F,76.0,294.0,90.0,324.0
631,Sioux Falls,SD,69.0,643.426724137931,75.0,15.020940450593624,101.91172650877817,59710,92.8,96.2,10697,160679,251.0,F,108.0,244.5,328.0,92.0
582,Idaho Falls,ID,85.0,632.246455834242,65.0,15.702488687782806,107.00467279516349,57977,91.7,97.1,3536,55524,87.0,F,129.0,226.5,151.0,234.0
785,Madison,WI,22.0,709.5477386934673,109.0,13.256761268781302,111.19802156513397,70600,99.5,95.5,17970,238224,373.0,F,37.0,333.5,369.0,62.0
288,New York,NY,114.0,609.7265625,21.0,22.157960489941733,115.91807451816995,78045,128.0,143.7,376208,8336002,13036.0,F,16.0,446.5,461.0,1.0
551,Eau Claire,WI,104.0,615.4575163398692,58.0,16.285261102977064,119.07980517283357,56499,91.8,95.5,4098,66737,104.0,F,151.0,229.5,178.0,200.0
770,Dubuque,IA,68.0,643.9732142857143,101.0,13.64461247637051,121.75795661885921,57700,89.6,90.3,4232,57744,90.0,F,134.0,169.0,185.0,225.0
662,Wausau,WI,94.0,625.0618672665917,79.0,14.871904024767804,122.78843593759146,55568,88.9,95.5,2584,38429,60.0,F,167.0,147.5,104.0,298.0
518,Boulder,CO,111.0,610.1010951979781,54.0,16.7660472972973,123.4382436686459,72419,118.7,105.8,5920,99255,155.0,F,30.0,437.0,243.0,144.0
313,St. George,UT,123.0,605.1734693877551,22.0,21.66795137859472,124.95199078045935,59307,98.0,101.5,3373,73086,114.0,F,116.0,320.5,143.0,183.0
343,Iowa City,IA,124.0,604.9946524064171,29.0,20.468313953488373,127.3459854098275,56567,93.5,90.3,3440,70411,110.0,F,148.0,260.0,146.0,192.0
764,Fort Collins,CO,87.0,630.3205128205128,97.0,13.849510685040944,130.29965464267354,68831,109.2,105.8,10014,138689,217.0,F,46.0,415.0,323.0,101.0
848,Denver,CO,34.0,691.6413916146298,126.0,12.633209855989344,130.50670480860362,77533,112.1,105.8,48052,607051,949.0,F,17.0,426.0,425.0,24.0
599,Concord,NH,116.0,608.9196675900278,62.0,15.89675960813866,131.52946437965906,65946,108.3,112.6,2654,42190,66.0,F,61.0,407.0,107.0,275.0
534,Oshkosh,WI,126.0,603.370786516854,55.0,16.743243243243242,137.48090776540573,53700,89.0,95.5,3848,64428,101.0,F,198.0,151.0,172.0,202.0
807,Charleston,SC,88.0,630.0589970501475,107.0,13.326266863167442,138.53880322855397,64077,101.7,94.8,8821,117551,184.0,F,78.0,358.5,308.0,115.0
777,Sierra Vista,AZ,97.0,621.8991416309012,99.0,13.784797630799606,138.6001443000692,57961,93.2,107.0,3039,41892,66.0,F,130.0,254.5,127.0,276.5
896,Kennewick,WA,48.0,669.2276830491475,133.0,12.367033760606608,141.39660533407442,66722,99.7,112.8,5539,68501,107.0,F,55.5,338.5,232.0,194.0
186,Logan,UT,143.0,592.1533613445378,4.0,38.259404388714735,143.05593311708537,56373,95.2,101.5,1276,48819,76.0,F,154.0,282.0,37.0,254.0
922,Cedar Rapids,IA,23.0,708.8989784335982,144.0,12.111484907952528,145.82523787054146,62454,88.1,90.3,10701,129605,203.0,F,85.0,112.5,329.0,105.0
913,Sioux City,IA,52.0,666.6475315729048,139.0,12.29299175500589,148.4082207965583,58065,87.1,90.3,6792,83494,131.0,F,126.0,78.5,268.0,164.0
928,Boston,MA,45.0,675.7616892911011,142.0,12.176503951298823,148.95972610071487,89606,132.6,132.5,52894,644064,1007.0,F,6.0,448.0,431.0,19.0
862,Fayetteville,AR,95.0,622.5884955752211,117.0,12.869416923826538,150.71164520368026,56282,90.4,92.1,6157,79237,124.0,F,157.0,182.0,251.0,170.0
956,Omaha,NE,21.0,712.7556512378901,152.0,11.818685930862564,153.44380078712857,66215,92.9,93.6,39313,464628,727.0,F,58.0,247.5,420.0,35.0
951,Odessa,TX,46.0,671.8770226537216,148.0,11.93093727977449,154.983870128475,62283,92.7,92.6,8514,101580,159.0,F,87.0,242.5,299.0,139.0
842,Frankfort,KY,113.0,609.8751418842226,108.0,13.28099173553719,156.31058825300352,53730,88.1,93.9,2057,27319,43.0,F,196.0,112.5,76.0,356.0
920,Cheyenne,WY,79.0,636.4396284829721,135.0,12.32834890965732,156.41611170208776,61671,96.9,93.6,4815,59361,93.0,F,93.0,300.0,204.0,220.0
840,Fort Wayne,IN,117.0,608.5714285714286,106.0,13.34279929394663,157.87653403846943,52824,86.8,91.1,19262,257009,402.0,F,212.0,72.0,375.0,59.0
428,Hanford,CA,154.0,586.7362428842505,37.0,18.95828677839851,158.38244852255568,61842,105.4,146.9,2685,50903,80.0,F,90.0,388.0,112.0,248.0
402,Torrington,CT,155.0,586.4448669201521,34.0,19.62582056892779,158.68522300453813,61694,105.2,119.5,1828,35876,56.0,F,92.0,386.0,66.0,316.0
929,Janesville,WI,82.0,634.7216035634744,138.0,12.302087359876303,160.52414148656894,56998,89.8,95.5,5174,63651,100.0,F,143.0,173.5,218.0,207.0
358,Toledo,OH,159.0,584.1371428571429,23.0,21.495982021247617,160.65490966665163,51112,87.5,92.9,14684,315647,494.0,F,250.0,95.0,359.0,49.0
908,Manchester,NH,100.0,618.7226277372263,127.0,12.49000577700751,161.64467204334326,67812,109.6,112.6,8655,108101,169.0,F,49.0,416.5,303.0,130.0
505,Albany,OR,157.0,585.9392789373813,45.0,17.602670516059185,163.3217682980441,61758,105.4,127.5,2771,48777,76.0,F,91.0,388.0,115.0,255.0
998,Anchorage,AK,10.0,740.5058717253839,164.0,11.440381432737016,164.30459518832697,81974,110.7,125.7,25378,290334,454.0,F,11.0,422.0,394.0,54.0
1018,Winchester,VA,19.0,716.5534979423868,166.0,11.298349555649596,167.08381130438698,69649,97.2,98.1,2363,26698,42.0,F,41.0,304.0,88.5,358.0
273,Glens Falls,NY,170.0,579.3204868154158,9.0,27.19123505976096,170.23806859806652,57121,98.6,143.7,502,13650,21.0,F,142.0,324.0,7.0,439.0
811,Crestview,FL,142.0,592.531041069723,95.0,13.941296928327644,170.84788555905513,62038,104.7,101.5,1465,20424,32.0,F,89.0,383.0,50.0,398.0
1040,Trenton,NJ,29.0,700.882070949185,169.0,11.180516526160844,171.47011401407536,73102,104.3,118.3,7473,83552,131.0,F,28.0,379.5,284.5,163.0
838,La Crosse,WI,141.0,592.8540305010894,102.0,13.609146503589471,174.0258601472781,54424,91.8,95.5,3761,51184,80.0,F,184.0,229.5,166.0,246.0
557,Stevens Point,WI,168.0,580.2732240437158,49.0,17.201772324471712,175.0,53095,91.5,95.5,1467,25235,39.0,F,204.0,221.5,51.0,368.0
899,Clarksville,TN,136.0,595.0281848928973,116.0,12.871033360455655,178.75122377203465,52779,88.7,90.0,9832,126548,198.0,F,213.0,141.0,319.0,107.0
1055,Charlottesville,VA,72.0,641.1165523996083,167.0,11.264215815921714,181.8598361376145,65458,102.1,98.1,3781,42590,67.0,F,68.0,363.5,167.0,273.0
1005,Lexington,KY,99.0,620.5817782656422,156.0,11.751282553358136,184.76200908195386,56535,91.1,93.9,25535,300069,469.0,F,149.0,207.0,395.0,52.0
515,San Diego,CA,180.0,575.1321585903084,42.0,18.01864376551932,184.83506160899236,78333,136.2,146.9,72893,1313433,2054.0,F,15.0,451.0,440.0,8.0
1097,Fairbanks,AK,30.0,700.7136237256719,183.0,10.885964912280702,185.4427135263071,75607,107.9,125.7,3306,35989,56.0,F,22.0,405.0,138.0,315.0
1087,Pittsburgh,PA,59.0,655.7465091299678,176.0,11.034401241973043,185.62596801094398,61050,93.1,100.5,28342,312737,489.0,F,96.0,251.0,402.0,50.0
409,Napa,CA,184.0,572.1189839572193,25.0,20.880221300138317,185.6906028855526,85589,149.6,146.9,3615,75482,118.0,F,9.0,457.0,155.0,178.0
1064,Casper,WY,86.0,630.9341825902335,168.0,11.254556259904913,188.73261509341728,59434,94.2,93.6,5048,56813,89.0,F,112.0,270.5,213.0,230.0
1078,Corning,NY,81.0,635.071507150715,171.0,11.162222222222224,189.21416437465774,57728,90.9,143.7,900,10046,16.0,F,132.0,198.0,19.0,452.0
914,Reno,NV,148.0,589.7579143389199,119.0,12.845615860354894,189.90787240133042,63340,107.4,103.3,17301,222242,348.0,F,83.0,402.0,367.0,67.0
685,Lebanon,PA,178.0,576.0796645702305,67.0,15.663665594855306,190.19200824430033,54958,95.4,100.5,1555,24357,38.0,F,173.0,284.5,53.0,372.0
843,Helena,MT,165.0,581.0076775431862,96.0,13.904328018223234,190.8952592391964,60541,104.2,100.8,2195,30520,48.0,F,101.0,378.0,82.0,342.0
1099,New London,CT,83.0,634.52313503305,177.0,11.03036605657238,195.49424543960367,67196,105.9,119.5,2404,26517,41.0,F,51.0,392.0,94.0,360.0
1130,Warsaw,IN,61.0,651.2784398699891,186.0,10.807181889149104,195.74728606036916,60113,92.3,91.1,1281,13844,22.0,F,102.0,235.5,38.0,436.0
1141,Chicago,IL,20.0,713.6063936063937,196.0,10.55394201689436,197.01776569639603,71432,100.1,90.5,268492,2833649,4431.0,F,34.0,346.0,459.0,3.0
962,Findlay,OH,153.0,586.7508232711307,129.0,12.46106346483705,200.124960961895,53453,91.1,92.9,2915,36324,57.0,F,201.0,207.0,124.0,314.0
766,Bend,OR,187.0,570.7937877480587,77.0,14.917682355147196,202.2325394193526,66155,115.9,127.5,5333,79556,124.0,F,59.0,433.0,225.0,169.0
1161,Colorado Springs,CO,67.0,644.0019569471624,193.0,10.58151162172225,204.29880077964236,65817,102.2,105.8,37602,397886,622.0,F,63.0,365.5,419.0,40.0
728,Beaver Dam,WI,192.0,567.7502691065662,70.0,15.44331983805668,204.3624231604235,52744,92.9,95.5,988,15258,24.0,F,215.0,247.5,23.0,428.0
1123,Jefferson City,MO,96.0,622.3290845886443,181.0,10.960789543878368,204.88289338058462,53707,86.3,91.2,3749,41092,64.0,F,197.0,57.5,165.0,281.0
912,Riverside,CA,175.0,577.1231696813093,110.0,13.198329762581436,206.70026608594387,67004,116.1,146.9,22871,301859,472.0,F,53.0,434.0,387.0,51.0
719,Sunbury,PA,196.0,567.1218961625283,69.0,15.579617834394904,207.79076014106113,50247,88.6,100.5,628,9784,15.0,F,268.0,136.0,8.0,454.0
1089,Lincoln,NE,128.0,601.3727560718057,165.0,11.313698152666436,208.8276801575883,56950,94.7,93.6,22952,259672,406.0,F,144.0,277.5,388.0,57.0
1076,Worcester,MA,131.0,600.0618374558304,163.0,11.456606625519589,209.11719202399405,67927,113.2,132.5,15878,181908,284.0,F,48.0,430.0,363.0,84.0
1122,Phoenix,AZ,121.0,607.823585810163,174.0,11.107150048903977,211.9363111880548,63396,104.3,107.0,139048,1544427,2415.0,F,81.0,379.5,454.0,6.0
629,Grand Forks,ND,209.0,556.7254685777287,48.0,17.270139113555484,214.44113411377026,50495,90.7,97.8,3091,53382,83.0,F,263.0,187.5,131.0,240.0
869,Traverse City,MI,193.0,567.5301204819277,94.0,13.998001998001998,214.67417171145672,56526,99.6,91.4,1001,14012,22.0,F,150.0,335.5,25.0,435.0
977,Hagerstown,MD,174.0,577.703109327984,128.0,12.46972025822318,216.0092590608097,57597,99.7,121.4,3253,40564,63.0,F,136.0,338.5,135.0,284.0
853,Twin Falls,ID,201.0,563.234649122807,87.0,14.268725361366624,219.02054698132775,51367,91.2,97.1,3044,43434,68.0,F,246.0,211.5,128.0,271.0
1088,Lewiston,ID,149.0,589.3081081081081,162.0,11.485219899062724,220.10224896624752,54511,92.5,97.1,2774,31860,50.0,F,182.0,240.5,116.0,337.0
1196,Philadelphia,PA,40.0,685.5899419729207,217.0,10.2090981748621,220.6558406206371,70890,103.4,100.5,152646,1558378,2437.0,F,36.0,375.0,456.0,5.0
705,Santa Rosa,CA,216.0,554.2695836273818,59.0,16.24879301489471,223.91292950609173,78540,141.7,146.9,9735,158182,247.0,F,14.0,455.0,317.0,93.0
1206,Richmond,VA,55.0,660.5443548387096,218.0,10.197780969835058,224.83104767802868,65526,99.2,98.1,20189,205883,322.0,F,65.0,330.0,379.0,70.0
508,Duluth,MN,224.0,550.8690987124463,31.0,20.198753296571567,226.13491548188662,51341,93.2,99.6,4171,84249,132.0,F,247.0,254.5,183.0,162.0
444,Manitowoc,WI,227.0,549.7608200455581,16.0,23.083451202263085,227.56317804073663,48269,87.8,95.5,1414,32640,51.0,F,299.0,104.5,48.0,332.0
1185,Racine,WI,134.0,595.4565456545654,185.0,10.817163195359871,228.43160902116853,54127,90.9,95.5,7586,82059,128.0,F,188.0,198.0,288.0,165.0
1218,Charlotte,NC,17.0,719.9795709908069,230.0,10.043094006118515,230.62740513651016,70486,97.9,96.4,79431,797733,1248.0,F,38.0,317.5,448.0,15.0
349,Weirton,WV,231.0,546.6222760290557,3.0,43.326388888888886,231.01947969814148,45151,82.6,90.1,432,18717,29.0,F,350.0,8.0,5.0,407.0
1032,Elizabethtown,KY,186.0,571.044267877412,140.0,12.257936507936508,232.80034364235806,50309,88.1,93.9,2016,24712,39.0,F,267.0,112.5,75.0,371.0
1216,Grand Rapids,MI,65.0,649.0181430096051,224.0,10.130407191961924,233.2402195162747,60813,93.7,91.4,18910,191566,300.0,F,99.0,263.5,373.0,79.0
476,Port St. Lucie,FL,233.0,545.9347181008902,18.0,22.635530881332407,233.69424468736923,55194,101.1,101.5,7205,163089,255.0,F,171.0,353.0,277.5,91.0
1170,Lawrence,KS,151.0,586.8122270742358,179.0,11.014773126978543,234.18368858654523,53752,91.6,86.9,8529,93945,147.0,F,195.0,224.0,301.0,149.0
1160,Waterloo,IA,164.0,581.5296803652968,170.0,11.165143711579995,236.21176939348302,50942,87.6,90.3,6019,67203,105.0,F,253.0,98.0,248.0,199.0
1090,Mankato,MN,181.0,574.700944386149,153.0,11.77327806122449,237.00210969525145,54769,95.3,99.6,3136,36921,58.0,F,177.0,283.0,132.0,307.0
982,Quincy,IL,208.0,557.2164948453609,114.0,12.955482815057284,237.19190542680835,48645,87.3,90.5,3055,39579,62.0,F,290.0,89.0,129.0,293.0
407,State College,PA,240.0,544.4789579158316,8.0,28.025128205128205,240.13329631685815,54339,99.8,100.5,1950,54649,85.0,F,185.0,342.0,72.0,236.0
1227,Enid,OK,89.0,628.6610373944511,225.0,10.1105098855359,241.96280705926685,52116,82.9,88.2,4805,48581,76.0,F,229.0,10.0,203.0,256.0
1230,Billings,MT,103.0,615.705329153605,220.0,10.17699698568199,242.9176815301842,58923,95.7,100.8,10616,108039,169.0,F,118.0,288.5,326.0,131.0
365,New Philadelphia,OH,243.0,542.6546681664792,2.0,60.69718309859155,243.00823031329617,48242,88.9,92.9,284,17238,27.0,F,300.0,147.5,1.0,414.0
1226,Farmington,NM,119.0,608.2466063348415,212.0,10.291685912240183,243.11519903124116,53769,88.4,90.6,4330,44563,70.0,F,194.0,124.5,187.0,267.0
1012,Vineland,NJ,210.0,556.5746421267894,123.0,12.730826428723178,243.37008854828483,54433,97.8,118.3,4707,59924,94.0,F,183.0,314.5,198.0,217.0
1217,Elkhart,IN,161.0,582.9039548022599,188.0,10.66559935961577,247.51767613647314,51587,88.5,91.1,4997,53296,83.0,F,240.0,129.5,212.0,241.0
1016,St. Cloud,MN,218.0,552.6310272536688,118.0,12.862930708065129,247.88707106261108,52721,95.4,99.6,5282,67942,106.0,F,216.0,284.5,223.0,195.0
1236,Gainesville,GA,122.0,606.5979381443299,216.0,10.22569544020648,248.07257002740147,58840,97.0,89.8,3487,35657,56.0,F,119.0,301.0,149.0,317.0
1242,Lansing,MI,133.0,597.6888387824126,210.0,10.306096217407273,248.57393266390585,53015,88.7,91.4,10892,112254,176.0,F,206.0,141.0,331.0,124.0
968,Scranton,PA,226.0,549.9233296823659,104.0,13.473210940427126,248.78102821557758,50208,91.3,100.5,5338,71920,112.0,F,270.5,216.0,226.0,186.0
592,Harrisonburg,VA,248.0,540.5026178010471,35.0,19.599486521181003,250.45758123881976,51618,95.5,98.1,2337,45804,72.0,F,239.0,286.5,87.0,263.0
1100,Wenatchee,WA,204.0,561.7917448405253,146.0,11.99960380348653,250.8625121455974,59887,106.6,112.8,2524,30287,47.0,F,105.0,399.5,101.0,344.0
453,Marquette,MI,252.0,539.7042716319825,11.0,26.19221105527638,252.23996511258878,49275,91.3,91.4,796,20849,33.0,F,283.0,216.0,15.0,393.0
1082,Elmira,NY,215.0,554.3675675675676,134.0,12.354479211315905,253.3396929026322,51279,92.5,143.7,2333,28823,45.0,F,248.0,240.5,86.0,351.0
1221,San Francisco,CA,171.0,579.1825307950728,187.0,10.717386750458235,253.39692184397188,103442,178.6,146.9,76380,818594,1280.0,F,3.0,461.0,446.0,14.0
1034,Tampa,FL,221.0,551.5680473372781,124.0,12.716338244433883,253.41073379002714,55929,101.4,101.5,27353,347830,544.0,F,160.0,355.5,397.0,46.0
1293,Clarksburg,WV,101.0,616.7026378896882,233.0,9.853254437869822,253.9488137400921,51433,83.4,90.1,1690,16652,26.0,F,245.0,12.5,58.0,417.0
877,Pocatello,ID,242.0,543.7444933920705,80.0,14.838753023380812,254.8803640926464,49372,90.8,97.1,3721,55215,86.0,F,282.0,192.5,163.0,235.0
1245,Rapid City,SD,158.0,585.6900212314225,202.0,10.435778396781185,256.45272468819667,55172,94.2,96.2,6462,67436,105.0,F,172.0,270.5,260.0,197.0
1356,Des Moines,IA,6.0,749.9672846237731,258.0,9.30174036827846,258.0697580112788,68772,91.7,90.3,21777,202564,317.0,F,47.0,226.5,384.0,76.0
808,Kingston,NY,251.0,539.8020735155513,63.0,15.858789625360233,258.7856255668,57273,106.1,143.7,1388,22012,34.0,F,141.0,394.5,45.0,390.0
450,Blacksburg,VA,259.0,535.8412698412699,7.0,29.79725085910653,259.09457732650446,50637,94.5,98.1,1455,43355,68.0,F,258.0,274.5,49.0,272.0
1355,Peoria,IL,63.0,651.0726643598616,254.0,9.433994894177715,261.69638897011936,56448,86.7,90.5,12143,114557,179.0,F,152.0,68.0,348.0,121.0
706,Watertown,WI,258.0,535.9217301750773,44.0,17.6368501529052,261.72504656604804,52038,97.1,95.5,1308,23069,36.0,F,231.0,302.5,39.0,379.0
1331,Syracuse,NY,110.0,610.6729758149316,238.0,9.698548249359522,262.1907702418222,58075,95.1,143.7,14052,136284,213.0,F,125.0,281.0,356.0,102.0
1330,Grand Island,NE,102.0,616.5653153153154,242.0,9.659247268312424,262.6175927084855,54751,88.8,93.6,4942,47736,75.0,F,178.0,145.0,210.0,257.0
1139,Columbia,MO,217.0,553.5077951002228,150.0,11.888377974479823,263.79727064547126,49705,89.8,91.2,8699,103417,162.0,F,278.0,173.5,304.0,136.0
1377,Allentown,PA,56.0,659.9797775530839,259.0,9.294233570388142,264.9849052304678,65272,98.9,100.5,11671,108473,170.0,F,70.0,325.5,342.0,129.0
1001,Greeley,CO,245.0,541.4514608859566,103.0,13.595663639027247,265.7705777545739,57448,106.1,105.8,6826,92804,145.0,F,139.0,394.5,269.0,150.0
1274,Savannah,GA,182.0,574.655704008222,199.0,10.467590523021904,269.675731203236,55914,97.3,89.8,20133,210744,330.0,F,161.0,306.5,378.0,68.0
1308,Portland,ME,140.0,593.7787610619469,231.0,9.974103900205272,270.11293934204633,67097,113.0,110.9,6333,63166,99.0,F,52.0,429.0,257.0,209.0
429,Morgantown,WV,271.0,532.3389830508474,1.0,75.84223300970874,271.0018450121696,47112,88.5,90.1,412,31247,49.0,F,318.0,129.5,3.0,340.0
1071,Lynchburg,VA,244.0,542.1794871794872,120.0,12.843931623931624,271.91175038971744,50748,93.6,98.1,5850,75137,118.0,F,255.0,261.5,240.0,179.0
1363,Kankakee,IL,108.0,611.8791208791209,251.0,9.573752711496748,273.2489707208428,55681,91.0,90.5,2766,26481,41.0,F,164.0,202.5,114.0,361.0
1268,Abilene,TX,197.0,566.8237934904602,191.0,10.653972303206997,274.3902330623304,50504,89.1,92.6,10976,116938,183.0,F,262.0,155.0,333.0,117.0
1366,Sacramento,CA,137.0,594.8379052369078,240.0,9.676586245033384,276.3494165001982,71559,120.3,146.9,48826,472469,739.0,F,32.0,440.0,427.0,34.0
1175,Salem,OR,232.0,545.9357277882798,151.0,11.881958212597224,276.81221071332817,57760,105.8,127.5,13114,155820,244.0,F,131.0,390.0,352.0,96.0
1360,Vallejo,CA,125.0,604.5686900958466,247.0,9.616867267065064,276.8284667443,75692,125.2,146.9,11881,114258,179.0,F,21.0,442.5,345.0,122.0
1072,Dalton,GA,254.0,538.0583613916948,112.0,13.12063492063492,277.5968299530814,47941,89.1,89.8,2520,33064,52.0,F,303.0,155.0,99.0,327.0
1132,Grand Junction,CO,247.0,541.1416921508664,130.0,12.414090431125132,279.12183719659055,53086,98.1,105.8,4755,59029,92.0,F,205.0,322.0,202.0,221.0
1375,Jacksonville,FL,127.0,602.4545454545455,250.0,9.575758281422832,280.4086303950005,59643,99.0,101.5,85885,822414,1286.0,F,109.0,328.0,449.0,13.0
630,Staunton,VA,280.0,527.6402116402116,24.0,21.03421052631579,281.02668912400475,49862,94.5,98.1,1140,23979,37.0,F,277.0,274.5,30.0,374.0
486,Tucson,AZ,281.0,527.4923234390993,6.0,34.56439344262295,281.06404963993526,51536,97.7,107.0,15250,527107,824.0,F,244.0,312.5,361.0,31.0
1297,San Angelo,TX,191.0,568.7431091510474,208.0,10.356388951268809,282.39157211220027,51585,90.7,92.6,8906,92234,144.0,F,241.0,187.5,310.0,152.0
1247,Lafayette,IN,225.0,550.597519729425,172.0,11.137057540681091,283.21193477676746,48838,88.7,91.1,5961,66388,104.0,F,287.0,141.0,247.0,201.0
827,Ames,IA,279.0,527.8469945355191,56.0,16.666762755837418,284.56457966514387,48298,91.5,90.3,3469,57817,90.0,F,297.0,221.5,147.0,224.0
1439,Dallas,TX,38.0,686.1218274111675,284.0,8.876703302675017,286.53097563788805,67583,98.5,92.6,147214,1306775,2044.0,F,50.0,323.0,455.0,9.0
726,Salem,OH,284.0,526.8475750577368,41.0,18.32967032967033,286.9442454554543,45625,86.6,92.9,637,11676,18.0,F,338.0,65.0,9.0,445.0
1443,Portland,OR,74.0,638.6094420600858,279.0,8.944689213604235,288.6468430452687,74398,116.5,127.5,63098,564392,883.0,F,24.0,435.5,435.0,28.0
1324,Wisconsin Rapids,WI,205.0,559.0218642117376,207.0,10.367103694874851,291.3314263858261,48579,86.9,95.5,1678,17396,27.0,F,294.0,75.0,57.0,412.0
1214,New Orleans,LA,246.0,541.3636363636364,158.0,11.691724635778971,292.3696290656743,50022,92.4,92.8,30476,356317,557.0,F,275.0,238.0,409.0,44.0
1457,Davenport,IA,75.0,637.7752293577981,283.0,8.891699878703864,292.76953393411685,55614,87.2,90.3,11542,102628,160.0,F,165.0,83.0,339.0,138.0
1181,Vero Beach,FL,260.0,534.9949443882709,136.0,12.315488936473947,293.4211989614929,52911,98.9,101.5,1401,17254,27.0,F,208.0,325.5,47.0,413.0
1059,Honolulu,HI,277.0,528.9873417721519,98.0,13.81585030749771,293.82477771624366,83580,158.0,185.6,68781,950268,1486.0,F,10.0,458.0,438.0,11.0
1445,Reading,PA,132.0,598.6666666666666,264.0,9.156070665016316,295.16097302997224,57472,96.0,100.5,8887,81370,127.0,F,137.0,293.0,309.0,167.0
1463,Hartford,CT,36.0,688.75,293.0,8.76480848391823,295.2033197645311,72181,104.8,119.5,14333,125626,196.0,F,31.0,384.0,357.0,108.0
1335,Decatur,IL,212.0,555.7126030624263,206.0,10.389590562109646,295.6010825419961,47180,84.9,90.5,7205,74857,117.0,F,316.0,25.5,277.5,180.0
1472,Wichita,KS,80.0,635.9447004608295,287.0,8.833884161920166,297.9412693803932,55200,86.8,86.9,42663,376880,589.0,F,170.0,72.0,423.0,43.0
1473,Durham,NC,118.0,608.3567134268537,276.0,9.002310358105506,300.1666203960727,60714,99.8,96.4,25970,233790,366.0,F,100.0,342.0,396.0,63.0
1471,Washington,DC,1.0,875.5120732722731,302.0,8.687760788899958,302.00165562460086,105149,120.1,154.4,69261,601723,941.0,F,2.0,439.0,439.0,26.0
1337,Glenwood Springs,CO,235.0,545.4303599374022,190.0,10.6615925058548,302.2002647252315,69706,127.8,105.8,854,9105,14.0,F,40.0,445.0,17.0,456.0
1240,Owensboro,KY,263.0,534.1801385681293,155.0,11.752525252525253,305.27692346458156,46260,86.6,93.9,4752,55848,87.0,F,327.0,65.0,201.0,232.0
1496,Minneapolis,MN,9.0,746.7552182163188,307.0,8.601400472771063,307.13189349203054,78708,105.4,99.6,44842,385704,603.0,F,13.0,388.0,424.0,42.0
1359,Visalia,CA,238.0,544.7007722007722,195.0,10.56761325219743,307.68327871367984,56431,103.6,146.9,11832,125036,196.0,F,153.0,377.0,344.0,110.0
1418,St. Joseph,MO,194.0,567.438596491228,239.0,9.688871873404798,307.82624969290714,48516,85.5,91.2,7836,75922,119.0,F,295.0,35.5,292.0,177.0
1316,Cullman,AL,255.0,537.3259668508288,173.0,11.131805157593124,308.14606925936926,48628,90.5,88.6,1396,15540,24.0,F,291.0,184.0,46.0,424.0
1423,Evansville,IN,183.0,574.0137614678899,249.0,9.598171635644867,309.01456276363416,50054,87.2,91.1,12142,116541,182.0,F,274.0,83.0,347.0,119.0
1166,Erie,PA,288.0,523.4858387799565,113.0,12.996628371628372,309.3751767676263,48056,91.8,100.5,8008,104077,163.0,F,301.0,229.5,296.0,134.0
1507,Columbus,IN,50.0,667.5869809203143,306.0,8.623006591537317,310.0580590792634,59482,89.1,91.1,4703,40554,63.0,F,110.0,155.0,196.0,285.0
1026,Prescott,AZ,306.0,514.225621414914,78.0,14.902158273381296,315.7847368065784,53788,104.6,107.0,2780,41428,65.0,F,193.0,382.0,118.0,280.0
1519,Baltimore,MD,16.0,721.8504672897196,316.0,8.474421622766942,316.4048040090416,77238,107.0,121.4,75513,639929,1001.0,F,19.0,401.0,444.0,20.0
1506,Providence,RI,162.0,582.780269058296,272.0,9.06695909523306,316.5880604192142,64980,111.5,115.8,18922,171565,268.0,F,75.0,424.0,374.0,90.0
1387,Monroe,MI,256.0,536.9723756906077,189.0,10.664303797468357,318.20905078265764,48596,90.5,91.4,1975,21062,33.0,F,293.0,184.0,73.0,392.0
1526,Seattle,WA,32.0,693.2182985553773,318.0,8.43481394842781,319.60600745292635,86375,124.6,112.8,73528,620195,970.0,F,7.0,441.0,442.0,22.0
1201,Keene,NH,299.0,516.6895200783546,115.0,12.88973162193699,320.35293037523473,52754,102.1,112.6,1714,22093,35.0,F,214.0,363.5,59.0,388.0
762,Altoona,PA,320.0,508.8876651982379,28.0,20.64924039320822,321.22266420662163,46207,90.8,100.5,2238,46213,72.0,F,328.0,192.5,83.0,262.0
1537,Hobbs,NM,44.0,677.1607753705815,319.0,8.423741935483871,322.02018570269786,59387,87.7,90.6,3875,32642,51.0,F,114.0,101.0,174.0,331.0
1397,Hermiston,OR,250.0,540.0919305413687,204.0,10.40472972972973,322.6701101744629,52875,97.9,127.5,1480,15399,24.0,F,210.0,317.5,52.0,425.0
1541,Olympia,WA,90.0,627.141568981064,310.0,8.521643028181986,322.80024783137947,69550,110.9,112.8,5429,46264,72.0,F,43.0,423.0,231.0,261.0
1521,Albuquerque,NM,152.0,586.8030139935414,285.0,8.875762852539587,323.0,54514,92.9,90.6,61447,545389,853.0,F,181.0,247.5,434.0,29.0
1542,Bremerton,WA,77.0,637.0956521739131,314.0,8.484561147580841,323.3032632065442,73266,115.0,112.8,4113,34897,55.0,F,27.0,432.0,180.0,320.0
1275,Coeur d'Alene,ID,291.0,522.0135527589545,143.0,12.116752647298398,324.237567225021,53924,103.3,97.1,3683,44626,70.0,F,190.0,373.0,162.0,265.0
1546,Huntsville,AL,15.0,722.2562979189486,324.0,8.364445052689202,324.34703636691364,65942,91.3,88.6,21921,183357,287.0,F,62.0,216.0,385.0,83.0
1127,Wooster,OH,311.0,513.1413612565445,93.0,14.034224598930482,324.6074552440224,49005,95.5,92.9,1870,26244,41.0,F,285.0,286.5,68.0,364.0
1386,Owosso,MI,269.0,533.2193396226415,184.0,10.856502242152466,325.909496639788,45217,84.8,91.4,1338,14526,23.0,F,348.0,24.0,42.0,433.0
1531,Melbourne,FL,166.0,580.3121852970796,281.0,8.921851724533058,326.3694225873496,57625,99.3,101.5,8727,77861,122.0,F,135.0,331.5,305.0,173.0
1220,Faribault,MN,305.0,514.594330400782,121.0,12.8,328.1249761904753,52643,102.3,99.6,1740,22272,35.0,F,217.0,368.0,60.0,384.0
917,Los Angeles,CA,325.0,507.3826458036984,50.0,17.172172879128542,328.8236609491476,71338,140.6,146.9,223717,3841707,6008.0,F,35.0,454.0,458.0,2.0
1536,Killeen,TX,177.0,576.6139954853273,278.0,8.948379088785046,329.56486463213884,51088,88.6,92.6,13696,122557,192.0,F,251.0,136.0,354.0,113.0
1583,Houston,TX,39.0,686.0438413361169,329.0,8.249246816375098,331.3034862478812,65723,95.8,92.6,276493,2280859,3567.0,F,64.0,291.0,460.0,4.0
860,Meadville,PA,329.0,505.9322033898305,40.0,18.42479108635097,331.4226908345293,44775,88.5,100.5,718,13229,21.0,F,358.0,129.5,13.0,441.0
1383,Walla Walla,WA,282.0,527.4331020812685,175.0,11.079021970233876,331.8870289722092,53218,100.9,112.8,2822,31265,49.0,F,202.0,351.5,120.0,339.0
730,Florence,AL,332.0,502.8456221198157,13.0,24.349716446124763,332.2544205875973,43647,86.8,88.6,1587,38643,60.0,F,368.0,72.0,55.0,296.0
1044,El Paso,TX,326.0,507.3363431151242,73.0,15.365656764539391,334.07334524023315,44950,88.6,92.6,40631,624322,976.0,F,351.0,136.0,422.0,21.0
1602,Albany,NY,53.0,666.5534465534466,330.0,8.230912642045455,334.22896343674347,66722,100.1,143.7,11264,92713,145.0,F,55.5,346.0,336.0,151.0
1436,Bowling Green,KY,253.0,538.7931034482758,219.0,10.179040852575488,334.619186538967,46875,87.0,93.9,5630,57308,90.0,F,322.0,76.5,234.0,226.0
1592,Ogden,UT,7.0,749.6492985971944,335.0,8.15941883767535,335.0731263470707,74815,99.8,101.5,9980,81431,127.0,F,23.0,342.0,322.0,166.0
1607,Nashville,TN,54.0,664.9250749250749,333.0,8.206833191308053,337.3499666518436,66559,100.1,90.0,75104,616366,964.0,F,57.0,346.0,443.0,23.0
1612,Lancaster,PA,60.0,653.1959798994975,332.0,8.208831782602275,337.3781261433527,64993,99.5,100.5,6771,55582,87.0,F,74.0,333.5,267.0,233.0
994,Bluefield,WV,337.0,498.3497536945813,52.0,16.79940119760479,340.98826959295826,40466,81.2,90.1,668,11222,18.0,F,415.0,2.0,10.0,446.0
1632,Austin,TX,14.0,727.2232645403377,341.0,8.014876099603438,341.287269027135,77522,106.6,92.6,99354,796310,1245.0,F,18.0,399.5,450.0,16.0
1081,Yuba City,CA,335.0,499.1168353265869,68.0,15.63831379396358,341.8318299983195,54254,108.7,146.9,4009,62694,98.0,F,186.0,410.5,176.0,210.0
1597,Victoria,TX,139.0,594.2011173184358,313.0,8.500067231410515,342.47627655065395,53181,89.5,92.6,7437,63215,99.0,F,203.0,164.0,283.0,208.0
1564,Tyler,TX,169.0,579.8060344827586,298.0,8.720170701968298,342.5857556875358,53806,92.8,92.6,11482,100125,157.0,F,192.0,244.5,337.0,142.0
1567,Tuscaloosa,AL,207.0,557.4285714285714,274.0,9.050189393939394,343.4020966738555,50726,91.0,88.6,10560,95570,149.0,F,256.0,202.5,325.0,146.0
1633,York,PA,73.0,640.5741127348643,336.0,8.131742530579507,343.8386249390839,61367,95.8,100.5,4987,40553,63.0,F,94.0,291.0,211.0,286.0
1029,Chico,CA,340.0,496.41628959276017,57.0,16.413647690243433,344.7448331737548,54854,110.5,146.9,5217,85630,134.0,F,175.0,420.0,220.0,161.0
1576,Houma,LA,202.0,562.9032258064516,280.0,8.931147540983607,345.2593228285081,50605,89.9,92.8,3660,32688,51.0,F,259.0,176.5,161.0,330.0
1283,Bay City,MI,323.0,508.5011709601873,125.0,12.666921022510492,346.3437598687177,43426,85.4,91.4,2621,33200,52.0,F,372.0,33.0,106.0,326.0
1618,Corpus Christi,TX,120.0,608.2422293676314,325.0,8.348837209302326,346.44624402640017,56749,93.3,92.6,34443,287559,450.0,F,146.0,257.5,414.0,55.0
1578,Roanoke,VA,179.0,576.0786397449522,297.0,8.731233305701391,346.77081768799405,54209,94.1,98.1,10857,94795,148.0,F,187.0,268.5,330.0,147.0
1584,Flagstaff,AZ,219.0,552.5069124423964,269.0,9.08569218870843,346.8746171169058,59947,108.5,107.0,6465,58739,92.0,F,104.0,409.0,262.0,222.0
1322,Auburn,NY,321.0,508.8580576307364,137.0,12.312849162011172,349.0128937446294,47680,93.7,143.7,2148,26448,41.0,F,307.0,263.5,79.0,362.0
1601,Kokomo,IN,213.0,555.2414605418138,277.0,8.967614533965245,349.4252423623685,47140,84.9,91.1,5064,45412,71.0,F,317.0,25.5,215.5,264.0
974,Corvallis,OR,347.0,493.72513562386985,43.0,17.736423382912488,349.6541148049026,54606,110.6,127.5,2891,51276,80.0,F,180.0,421.0,122.5,245.0
1533,Bakersfield,CA,249.0,540.3401360544217,248.0,9.608356144647743,351.4327816240255,55601,102.9,146.9,34705,333458,521.0,F,166.0,370.0,415.0,47.0
1593,Gulfport,MS,230.0,546.6705069124424,266.0,9.117434972959051,351.64755082326394,47451,86.8,85.1,7766,70806,111.0,F,312.0,72.0,291.0,191.0
1629,Kalamazoo,MI,144.0,591.545352743561,321.0,8.398666042593026,351.81955602268613,52825,89.3,91.4,8546,71775,112.0,F,211.0,158.5,302.0,188.0
1203,Farmington,MO,344.0,494.6370023419203,83.0,14.515873015873016,353.8714455844099,42242,85.4,91.2,1134,16461,26.0,F,393.0,33.0,29.0,419.0
1554,Decatur,AL,257.0,535.9706546275395,245.0,9.64444819439757,355.0690073774392,47487,88.6,88.6,5926,57153,89.0,F,311.0,136.0,244.0,227.5
1508,Bellingham,WA,287.0,523.584229390681,211.0,10.30205688166582,356.21622646926124,58432,111.6,112.8,7876,81139,127.0,F,122.0,425.0,295.0,168.0
1118,Alamogordo,NM,351.0,488.997668997669,61.0,16.096433289299867,356.2611401766968,41956,85.8,90.6,2271,36555,57.0,F,398.0,43.5,84.0,311.0
1502,Lake Charles,LA,278.0,528.8814317673377,223.0,10.154879773691654,356.38883259720694,47282,89.4,92.8,7070,71795,112.0,F,314.0,160.5,274.0,187.0
1664,Milwaukee,WI,76.0,637.2814498933902,349.0,7.936512718413538,357.179226719584,59777,93.8,95.5,76346,605921,948.0,F,107.0,265.0,445.0,25.0
1670,Harrisburg,PA,42.0,679.4467640918581,355.0,7.842357213601849,357.4758733117523,65091,95.8,100.5,6058,47509,74.0,F,73.0,291.0,249.0,258.0
1511,Tupelo,MS,283.0,527.2247706422019,226.0,10.100524716929025,362.1670885102621,45974,87.2,85.1,3621,36574,57.0,F,334.0,83.0,156.0,310.0
1403,Sherman,TX,328.0,506.9222343921139,154.0,11.75738203957382,362.3534186398688,46282,91.3,92.6,3285,38623,60.0,F,326.0,216.0,137.0,297.0
1195,College Station,TX,356.0,486.8580715059588,72.0,15.376695652173913,363.2079294288603,44937,92.3,92.6,5750,88416,138.0,F,353.0,235.5,235.0,156.0
1399,Ithaca,NY,341.0,495.4080629301868,132.0,12.381961762261014,365.65694304908254,50383,101.7,143.7,2406,29791,47.0,F,265.0,358.5,95.0,346.0
1695,Warner Robins,GA,71.0,641.9558011049724,359.0,7.808020369191598,365.95354896489255,58097,90.5,89.8,7855,61332,96.0,F,124.0,184.0,294.0,213.0
1656,Wichita Falls,TX,211.0,556.196032672112,301.0,8.695156695156696,367.589444897429,47666,85.7,92.6,11583,100716,158.0,F,308.0,40.0,340.0,141.0
1608,Modesto,CA,265.0,534.0338379341051,255.0,9.431492274956057,367.76351096866586,59972,112.3,146.9,21618,203890,319.0,F,103.0,427.0,383.0,73.0
1296,Santa Maria,CA,358.0,486.5314685314685,90.0,14.18923723335488,369.139540011633,69574,143.0,146.9,6188,87803,137.0,F,42.0,456.0,253.0,158.0
1529,Jonesboro,AR,312.0,512.1361502347418,198.0,10.5267926886424,369.5240181639077,43634,85.2,92.1,6401,67382,105.0,F,370.0,29.0,258.0,198.0
1696,Canton,OH,150.0,587.3809523809524,338.0,8.111781848459618,369.78912909927465,51807,88.2,92.9,9608,77938,122.0,F,236.0,118.5,316.0,172.0
1689,Akron,OH,160.0,583.6577181208054,334.0,8.185217598854324,370.3457843691487,52179,89.4,92.9,25138,205760,322.0,F,227.0,160.5,392.0,71.0
1668,Montgomery,AL,195.0,567.2429378531074,317.0,8.44090382387022,372.1746901657876,50201,88.5,88.6,24164,203966,319.0,F,272.0,129.5,389.0,72.0
1671,Greensboro,NC,185.0,571.1868131868132,323.0,8.389166095946255,372.2284244922733,51978,91.0,96.4,30663,257237,402.0,F,232.0,202.5,410.0,58.0
1305,Pittsfield,MA,361.0,485.8176691729323,91.0,14.181756296800543,372.29289544658246,51691,106.4,132.5,2938,41666,65.0,F,238.0,397.0,126.0,278.0
1720,Tulsa,OK,70.0,642.3875432525952,366.0,7.635954271073931,372.63386856269517,55695,86.7,88.2,51521,393412,615.0,F,163.0,68.0,429.0,41.0
1547,Great Falls,MT,310.0,513.3809001097695,209.0,10.331381329658974,373.8729730804301,46769,91.1,100.8,5806,59984,94.0,F,323.0,207.0,237.0,216.0
1710,Beaumont,TX,146.0,590.530474040632,346.0,7.970138383102695,375.54227458436685,52321,88.6,92.6,13730,109430,171.0,F,223.0,136.0,355.0,127.0
1510,Williamsport,PA,331.0,505.4175588865096,180.0,11.010138941043936,376.77712244774096,47206,93.4,100.5,2663,29320,46.0,F,315.0,259.0,109.0,349.0
1743,Kansas City,MO,27.0,701.7903930131005,376.0,7.411700642707039,376.9681684174408,64284,91.6,91.2,65193,483191,756.0,F,77.0,224.0,436.0,33.0
1669,Utica,NY,267.0,533.5600425079703,267.0,9.1065965583174,377.59502115361636,50208,94.1,143.7,6276,57153,89.0,F,270.5,268.5,256.0,227.5
1630,Dothan,AL,295.0,519.6639629200464,237.0,9.74541866365943,378.4098307391075,44847,86.3,88.6,7094,69134,108.0,F,354.0,57.5,276.0,193.0
1722,Dover,DE,129.0,601.2240868706812,356.0,7.841326854003803,378.6515548627788,60904,101.3,106.6,4733,37113,58.0,F,98.0,354.0,200.0,306.0
1660,Binghamton,NY,276.0,530.0214362272241,260.0,9.274659863945578,379.17805843693014,49451,93.3,143.7,4704,43628,68.0,F,281.0,257.5,197.0,270.0
967,Indiana,PA,379.0,476.0352422907489,19.0,22.44709388971684,379.47595444243893,43224,90.8,100.5,671,15062,24.0,F,377.0,192.5,11.0,430.0
1726,Rockford,IL,105.0,615.3669724770642,365.0,7.715259595909697,379.80258029665885,53660,87.2,90.5,20243,156180,244.0,F,200.0,83.0,380.0,95.0
1478,Yuma,AZ,353.0,488.12698412698415,141.0,12.183110252518285,380.1184026063458,46128,94.5,107.0,7247,88291,138.0,F,330.0,274.5,279.0,157.0
1759,Atlanta,GA,35.0,690.2293120638086,379.0,7.329553372590275,380.61266400370863,69230,100.3,89.8,73193,536472,839.0,F,44.0,348.0,441.0,30.0
1679,Pensacola,FL,264.0,534.0653728294177,275.0,9.011796427367711,381.209915925596,52285,97.9,101.5,5934,53476,84.0,F,225.0,317.5,245.0,239.0
1015,Oak Harbor,WA,382.0,474.9281150159744,30.0,20.34964412811388,383.1761996784247,59461,125.2,112.8,1124,22873,36.0,F,111.0,442.5,28.0,381.0
1329,Muncie,IN,374.0,478.5304659498208,84.0,14.461144321093084,383.31710110559897,40053,83.7,91.1,4684,67736,106.0,F,418.0,15.0,193.0,196.0
1774,Oklahoma City,OK,66.0,648.15578465063,378.0,7.402495695960027,383.7186469276676,56584,87.3,88.2,77253,571865,894.0,F,147.0,89.0,447.0,27.0
1596,Tullahoma,TN,314.0,510.8793686583991,222.0,10.156164383561643,384.55168703309573,45315,88.7,90.0,1825,18535,29.0,F,347.0,141.0,65.0,408.0
1749,Topeka,KS,115.0,609.3341121495328,367.0,7.631303288672351,384.5958918137322,52159,85.6,86.9,16420,125306,196.0,F,228.0,37.0,366.0,109.0
1709,Lakeland,FL,228.0,548.5373443983402,312.0,8.502877180363244,386.42981251451084,52879,96.4,101.5,11122,94569,148.0,F,209.0,296.0,335.0,148.0
1750,Amarillo,TX,138.0,594.6485260770975,363.0,7.754999796342307,388.34649476981247,52448,88.2,92.6,24551,190393,298.0,F,220.0,118.5,390.0,80.0
1798,Cleveland,OH,91.0,626.1555555555556,380.0,7.307753001715266,390.7441618245882,56354,90.0,92.9,58300,426042,666.0,F,156.0,178.5,433.0,38.0
1599,Hattiesburg,MS,350.0,492.5900116144019,178.0,11.02217659137577,392.6627051299881,42412,86.1,85.1,4870,53678,84.0,F,391.0,51.5,205.5,238.0
1718,Laredo,TX,292.0,521.5871254162042,265.0,9.123319095079893,394.32093527988087,46995,90.1,92.6,25284,230674,361.0,F,320.0,180.0,393.0,65.0
1816,Dayton,OH,98.0,620.8710407239819,383.0,7.25224967861734,395.33909495520425,54885,88.4,92.9,21003,152319,238.0,F,174.0,124.5,382.0,99.0
1765,Wilmington,NC,198.0,566.7979797979798,345.0,7.973976540045055,397.780089999487,56113,99.0,96.4,12873,102649,161.0,F,158.0,328.0,351.0,137.0
1650,Olean,NY,354.0,487.85393258426967,182.0,10.943606036536934,398.0452235613436,43419,89.0,143.7,1259,13778,22.0,F,373.0,151.0,36.0,438.0
1829,Muskegon,MI,135.0,595.4047890535918,375.0,7.420026753296388,398.55990766759265,52217,87.7,91.4,5233,38829,61.0,F,226.0,101.0,222.0,295.0
1557,Redding,CA,370.0,481.1775528978841,149.0,11.916829618041977,398.8746670321393,52304,108.7,146.9,7671,91414,143.0,F,224.0,410.5,289.0,154.0
1769,Lubbock,TX,189.0,570.4166666666666,352.0,7.901622858728067,399.53097501945956,50653,88.8,92.6,28838,227867,356.0,F,257.0,145.0,403.0,66.0
1830,San Antonio,TX,92.0,626.084142394822,389.0,7.17994234171046,399.73115965608685,58038,92.7,92.6,193901,1392198,2177.0,F,127.0,242.5,457.0,7.0
1785,South Bend,IN,173.0,578.0848623853211,361.0,7.774195955525707,400.3123780249619,50409,87.2,91.1,13401,104182,163.0,F,264.0,83.0,353.0,133.0
1776,Morehead City,NC,200.0,564.7553816046967,347.0,7.967767929089444,400.5109236962208,57718,102.2,96.4,1241,9888,15.0,F,133.0,365.5,35.0,453.0
1736,Cleveland,TN,262.0,534.8491620111732,303.0,8.656537556173765,400.56584976755073,47869,89.5,90.0,4673,40452,63.0,F,305.0,164.0,192.0,288.0
1756,Greenville,SC,234.0,545.6736842105263,326.0,8.345778134617959,401.2879265564814,51839,95.0,94.8,7473,62368,98.0,F,235.0,279.5,284.5,211.0
1835,Columbia,SC,93.0,625.3427638737758,391.0,7.084966610565178,401.90794966011805,57469,91.9,94.8,18419,130498,204.0,F,138.0,232.5,371.0,104.0
1840,Rochester,NY,109.0,611.1904761904763,387.0,7.20810638749381,402.0572098594925,59041,96.6,143.7,28274,203802,319.0,F,117.0,298.5,401.0,74.0
1845,Columbus,OH,31.0,694.6112886048987,401.0,6.923746652215584,402.1964694027037,65224,93.9,92.9,111641,772974,1209.0,F,71.0,266.0,452.0,17.0
1814,New Bern,NC,167.0,580.2993348115299,369.0,7.614120667522465,405.0308630215727,52343,90.2,96.4,3895,29657,46.0,F,222.0,181.0,175.0,348.0
1548,Salinas,CA,384.0,473.5430224150397,131.0,12.388731426608263,405.7302059250704,65491,138.3,146.9,11643,144242,226.0,F,66.5,452.0,341.0,100.0
1858,Cincinnati,OH,33.0,693.0627705627705,405.0,6.8612332528230215,406.34222030205035,64039,92.4,92.9,48441,332365,520.0,F,79.0,238.0,426.0,48.0
1772,Fresno,CA,285.0,524.5420207743153,290.0,8.791765666092319,406.6017707782395,55549,105.9,146.9,55135,484734,758.0,F,168.0,392.0,432.0,32.0
1813,Springfield,MA,220.0,552.1502347417841,344.0,7.979007238883144,408.3331972788889,58804,106.5,132.5,19340,154314,241.0,F,120.0,398.0,376.0,97.0
1864,Lafayette,LA,145.0,590.5357142857143,382.0,7.263787459078318,408.59393044929095,52912,89.6,92.8,15884,115378,180.0,F,207.0,169.0,364.0,120.0
1313,Madera,CA,406.0,452.2130394857667,46.0,17.346957040572793,408.5976015592847,49246,108.9,146.9,3352,58147,91.0,F,284.0,413.0,142.0,223.0
1705,Richmond,IN,339.0,496.7339667458432,229.0,10.048235942668136,409.0990100208017,41825,84.2,91.1,3628,36455,57.0,F,400.0,19.5,158.0,313.0
1815,Longview,TX,223.0,550.9265536723163,343.0,8.014633647155136,409.1185647217686,48757,88.5,92.6,9772,78319,122.0,F,288.0,129.5,318.0,171.0
1872,Detroit,MI,78.0,636.8562231759656,402.0,6.886614908734534,409.4972527380373,59355,93.2,91.4,130608,899447,1407.0,F,115.0,254.5,453.0,12.0
1837,Lawton,OK,172.0,578.5748792270532,372.0,7.535620700949885,409.83899277643167,47906,82.8,88.2,12212,92025,144.0,F,304.0,9.0,349.0,153.0
1790,Sandusky,OH,301.0,516.3986784140969,282.0,8.908388908388908,412.4621194728069,46889,90.8,92.9,2849,25380,40.0,F,321.0,192.5,121.0,367.0
1824,Santa Fe,NM,236.0,545.1189343482398,339.0,8.096811778413304,413.05810729242444,57292,105.1,90.6,9441,76442,120.0,F,140.0,385.0,314.0,176.0
1803,Tallahassee,FL,261.0,534.9170124481327,322.0,8.397055285569937,414.493667020378,51566,96.4,101.5,20783,174516,273.0,F,242.0,296.0,381.0,87.0
1899,New Haven,CT,62.0,651.1699164345404,410.0,6.765429422920618,414.6613075752306,70131,107.7,119.5,18455,124856,195.0,F,39.0,404.0,372.0,111.0
1841,Winston-Salem,NC,206.0,557.5328947368421,360.0,7.806682977511143,414.77222664976017,50847,91.2,96.4,29837,232928,364.0,F,254.0,211.5,406.0,64.0
1591,Greenfield,MA,402.0,454.7457627118644,105.0,13.382687927107062,415.4864618733082,48294,106.2,132.5,1317,17625,28.0,F,298.0,396.0,41.0,411.0
1493,Lewiston,ME,409.0,449.197592778335,74.0,15.1914433880726,415.6404696369207,44785,99.7,110.9,2314,35153,55.0,F,356.5,338.5,85.0,319.0
1762,Paducah,KY,338.0,497.3628938156359,243.0,9.658380414312616,416.2847583085405,42624,85.7,93.9,2655,25643,40.0,F,383.0,40.0,108.0,366.0
1652,Marinette,WI,387.0,471.6974595842957,157.0,11.732505643340858,417.6338108917907,40849,86.6,95.5,886,10395,16.0,F,407.0,65.0,18.0,451.0
1539,Bozeman,MT,412.0,446.94333599361534,81.0,14.735855855855856,419.88688953097835,56002,125.3,100.8,2775,40892,64.0,F,159.0,444.0,117.0,283.0
1742,Las Cruces,NM,362.0,485.7094594594595,213.0,10.240004219854416,420.0154759053528,43131,88.8,90.6,9479,97065,152.0,F,378.0,145.0,315.0,145.0
1744,Medford,OR,367.0,482.2325581395349,205.0,10.393695221939495,420.37364332222353,51840,107.5,127.5,7074,73525,115.0,F,234.0,403.0,275.0,182.0
1915,Springfield,IL,51.0,667.5657142857143,418.0,6.487040618955513,421.0997506529777,58412,87.5,90.5,18095,117383,184.0,F,123.0,95.0,370.0,116.0
1811,Asheville,NC,336.0,499.02226524685386,256.0,9.382395909422936,422.4121210382107,51549,103.3,96.4,8214,77067,121.0,F,243.0,373.0,298.0,175.0
1771,Wilson,NC,357.0,486.75550405562,227.0,10.08911704312115,423.0579156569464,42007,86.3,96.4,4870,49134,77.0,F,397.0,57.5,205.5,252.0
1505,Auburn,AL,418.0,442.8073993471164,66.0,15.689374013677012,423.1784493567696,40694,91.9,88.6,3802,59651,93.0,F,410.0,232.5,169.0,219.0
1691,Elizabeth City,NC,393.0,466.9923161361142,160.0,11.64017907106883,424.32181183625244,42543,91.1,96.4,1787,20801,33.0,F,387.0,207.0,62.0,394.0
1615,Claremont,NH,415.0,445.65004887585536,92.0,14.130386740331492,425.07528744917647,45590,102.3,112.6,905,12788,20.0,F,340.0,368.0,20.0,443.0
1904,Mount Vernon,WA,199.0,565.4950045413261,377.0,7.409173478655767,426.2980178232125,62261,110.1,112.8,4404,32630,51.0,F,88.0,418.5,189.0,333.0
1844,Shreveport,LA,330.0,505.5710955710956,273.0,9.05221210886202,428.2861193174488,43378,85.8,92.8,22083,199900,313.0,F,374.0,43.5,386.0,77.0
1941,Knoxville,TN,106.0,615.2947598253276,415.0,6.578762630739231,428.32347589176106,56361,91.6,90.0,28205,185554,290.0,F,155.0,224.0,399.0,81.0
1730,Merced,CA,397.0,462.1441774491682,161.0,11.50126168917916,428.40401492049534,50004,108.2,146.9,6737,77484,121.0,F,276.0,406.0,266.0,174.0
1922,Buffalo,NY,188.0,570.7708119218911,388.0,7.20574006631516,431.1473066134126,55536,97.3,143.7,36794,265128,415.0,F,169.0,306.5,418.0,56.0
1863,Johnson City,TN,360.0,485.83427922814985,241.0,9.672280382339554,433.22165227513733,42802,88.1,90.0,6591,63750,100.0,F,380.0,112.5,265.0,205.0
1967,Salt Lake City,UT,28.0,701.3408876298395,433.0,5.868846509172496,433.9043673437731,74272,105.9,101.5,30308,177873,278.0,F,25.0,392.0,408.0,86.0
1812,Bloomington,IN,386.0,472.3268398268398,201.0,10.453506869125093,435.19765624368887,43643,92.4,91.1,6915,72286,113.0,F,369.0,238.0,271.0,185.0
1638,Martinsville,VA,429.0,433.0470588235294,76.0,14.946830265848671,435.6799283878017,36809,85.0,98.1,978,14618,23.0,F,442.0,27.0,22.0,432.0
1951,Chattanooga,TN,176.0,576.6666666666666,400.0,6.939202510763288,437.0080090799252,52592,91.2,90.0,24853,172460,270.0,F,218.0,211.5,391.0,89.0
1979,Orlando,FL,147.0,590.4930966469427,414.0,6.614041850220264,439.32334333609,59876,101.4,101.5,36320,240222,376.0,F,106.0,355.5,417.0,61.0
1972,Joplin,MO,163.0,581.9835680751173,408.0,6.791582355321732,439.35520936936666,49585,85.2,91.2,7413,50346,79.0,F,280.0,29.0,282.0,249.0
1923,Hinesville,GA,290.0,522.3458149779735,331.0,8.215291195142147,440.06931272243924,47429,90.8,89.8,3623,29764,47.0,F,313.0,192.5,157.0,347.0
1902,Miami,FL,303.0,515.7311534968211,320.0,8.422540058893265,440.69150207372957,56782,110.1,101.5,52298,440482,689.0,F,145.0,418.5,430.0,36.0
1896,Muskogee,OK,373.0,479.2988929889299,236.0,9.751745725981218,441.3898503590675,38967,81.3,88.2,4153,40499,63.0,F,427.0,3.0,181.0,287.0
1962,Cape Girardeau,MO,190.0,569.9205448354144,399.0,6.956369014605287,441.92872728529426,50210,88.1,91.2,5409,37627,59.0,F,269.0,112.5,230.0,302.0
1866,Eugene,OR,388.0,471.19003690036897,215.0,10.22747898038169,443.5865191819968,51077,108.4,127.5,14986,153269,240.0,F,252.0,408.0,360.0,98.0
1933,Santa Cruz,CA,289.0,523.483831604637,337.0,8.125178622463562,443.9481951759687,85799,163.9,146.9,6998,56860,89.0,F,8.0,459.0,272.0,229.0
1974,Sarasota,FL,203.0,561.8390804597701,396.0,7.013506212857915,445.0,58656,104.4,101.5,7404,51928,81.0,F,121.0,381.0,281.0,243.0
1810,Johnstown,PA,428.0,434.0296803652968,122.0,12.743461324429605,445.04831198421596,38021,87.6,100.5,1797,22900,36.0,F,433.0,98.0,64.0,380.0
1920,Jackson,MI,322.0,508.7185354691075,308.0,8.561976987447698,445.58725295950734,44462,87.4,91.4,3824,32741,51.0,F,362.0,92.5,170.0,329.0
1952,Roswell,NM,342.0,495.08690614136736,289.0,8.804846225535881,447.7555136455608,42726,86.3,90.6,5365,47238,74.0,F,381.0,57.5,227.0,260.0
2016,St. Louis,MO,25.0,707.3772321428572,448.0,5.27650502169133,448.697002441514,63381,89.6,91.2,67308,355151,555.0,F,82.0,169.0,437.0,45.0
2019,Jackson,MS,107.0,613.3029612756264,436.0,5.801425763683,448.93763486702693,53848,87.8,85.1,30019,174153,272.0,F,191.0,104.5,407.0,88.0
2006,Memphis,TN,156.0,586.2131519274376,422.0,6.393064571233345,449.91110233022704,51704,88.2,90.0,105372,673650,1053.0,F,237.0,118.5,451.0,18.0
1613,Mount Pleasant,MI,450.0,386.7972350230415,17.0,22.776349614395887,450.32099662351965,33574,86.8,91.4,1167,26580,42.0,F,452.0,72.0,32.0,359.0
1964,Mobile,AL,293.0,520.8946772366932,342.0,8.014636138069664,450.34764349333506,45995,88.3,88.6,31839,255178,399.0,F,333.0,122.0,411.0,60.0
1783,Somerset,PA,443.0,415.912653975364,82.0,14.637209302325582,450.5252490149692,37141,89.3,100.5,430,6294,10.0,F,439.0,158.5,4.0,461.0
1968,Watertown,NY,408.0,450.9232365145228,194.0,10.576803723816912,451.7742799230607,43469,96.4,143.7,2578,27267,43.0,F,371.0,296.0,103.0,357.0
2000,Lufkin,TX,222.0,551.0544217687075,394.0,7.041912512716175,452.2388749322641,48603,88.2,92.6,4915,34611,54.0,F,292.0,118.5,208.0,322.0
1686,Athens,OH,454.0,374.5084745762712,20.0,22.317220543806645,454.440315112997,33144,88.5,92.9,993,22161,35.0,F,454.0,129.5,24.0,386.0
1971,Shawnee,OK,346.0,494.004854368932,295.0,8.745275035260931,454.6878049827156,40706,82.4,88.2,3545,31002,48.0,F,409.0,7.0,153.0,341.0
1977,Waco,TX,343.0,494.7262569832402,299.0,8.713237311385459,455.02747169813824,44278,89.5,92.6,14580,127039,199.0,F,364.0,164.0,358.0,106.0
1927,Brainerd,MN,431.0,432.7272727272727,147.0,11.950563746747616,455.3789630626342,42364,97.9,99.6,1153,13779,22.0,F,392.0,317.5,31.0,437.0
2057,Little Rock,AR,112.0,609.9659090909091,442.0,5.424032838506522,455.96929721199433,53677,88.0,92.1,35568,192922,302.0,F,199.0,107.5,416.0,78.0
1789,Whitewater,WI,456.0,367.15455475946777,33.0,19.820083682008367,457.1925196238451,35871,97.7,95.5,717,14211,22.0,F,448.0,312.5,12.0,434.0
1959,San Luis Obispo,CA,435.0,426.2747979426892,145.0,12.070213933077346,458.53026072441503,58016,136.1,146.9,3646,44008,69.0,F,128.0,450.0,160.0,269.0
2022,Stillwater,OK,452.0,381.9235225955968,86.0,14.33746598125189,460.10868281309365,32960,86.3,88.2,3307,47414,74.0,F,456.0,57.5,139.0,259.0
